{"type":"FeatureCollection", "features": [
{"type":"Feature","geometry":{"type":"MultiPolygon","coordinates":[[[[-112.66384,28.41883],[-112.65586,28.423046],[-112.657586,28.435489],[-112.66384,28.41883]]],[[[-112.892331,28.678261],[-112.866787,28.652872],[-112.867846,28.643969],[-112.84377,28.640177],[-112.798907,28.610578],[-112.785843,28.580799],[-112.775632,28.577423],[-112.755609,28.591513],[-112.838665,28.661163],[-112.892331,28.678261]]],[[[-114.816655,32.482328],[-114.804319,32.544334],[-114.791813,32.557846],[-114.812252,32.562233],[-114.801317,32.58835],[-114.807917,32.620354],[-114.785435,32.62237],[-114.764644,32.643168],[-114.719718,32.718654],[-115.81256,32.641193],[-117.122343,32.534547],[-117.124202,32.522932],[-117.119795,32.46824],[-117.039261,32.285641],[-117.024393,32.268712],[-116.956829,32.252061],[-116.922869,32.226888],[-116.90781,32.165176],[-116.886593,32.12335],[-116.880252,32.018668],[-116.851721,31.98628],[-116.824038,31.977462],[-116.800164,31.982376],[-116.769104,31.971273],[-116.74654,31.902482],[-116.69943,31.894977],[-116.668743,31.861603],[-116.640144,31.860214],[-116.62554,31.843882],[-116.633476,31.855206],[-116.620781,31.858687],[-116.621273,31.841212],[-116.614127,31.843042],[-116.60962,31.826773],[-116.615473,31.775585],[-116.625583,31.77232],[-116.649264,31.727489],[-116.670118,31.718362],[-116.724904,31.748171],[-116.744561,31.743374],[-116.726911,31.733804],[-116.724286,31.722701],[-116.71495,31.725206],[-116.713981,31.713861],[-116.696572,31.716217],[-116.649931,31.664539],[-116.667619,31.617855],[-116.651706,31.581973],[-116.69208,31.571368],[-116.691083,31.554212],[-116.6689,31.552527],[-116.648459,31.516064],[-116.63542,31.517875],[-116.608714,31.497351],[-116.60194,31.463024],[-116.570927,31.465117],[-116.521846,31.43469],[-116.500634,31.410757],[-116.487168,31.369875],[-116.45584,31.347012],[-116.456736,31.330953],[-116.440004,31.325121],[-116.416471,31.292811],[-116.392458,31.283798],[-116.36412,31.248559],[-116.352537,31.213783],[-116.340384,31.208682],[-116.30906,31.15073],[-116.336295,30.969186],[-116.319678,30.955957],[-116.284814,30.969706],[-116.269913,30.967069],[-116.245458,30.933429],[-116.215354,30.914014],[-116.200644,30.882374],[-116.173592,30.861449],[-116.148469,30.859141],[-116.106367,30.823532],[-116.074048,30.816564],[-116.057479,30.795717],[-116.026643,30.647564],[-116.047235,30.470497],[-116.031128,30.436444],[-116.01311,30.421732],[-116.000688,30.359943],[-115.982478,30.359676],[-115.991638,30.382043],[-115.977457,30.394729],[-115.947422,30.404277],[-115.916864,30.400748],[-115.849555,30.357736],[-115.811812,30.300513],[-115.795392,30.241406],[-115.801843,30.132969],[-115.781275,30.090945],[-115.812699,29.949458],[-115.788091,29.959442],[-115.742851,29.947961],[-115.701972,29.900309],[-115.684551,29.826466],[-115.699878,29.755203],[-115.619678,29.695334],[-115.584575,29.692181],[-115.563477,29.663592],[-115.505387,29.616957],[-115.47838,29.626824],[-115.457126,29.624908],[-115.378538,29.558362],[-115.341452,29.556207],[-115.25028,29.514408],[-115.211294,29.472356],[-115.188576,29.427837],[-115.072539,29.416614],[-115.011796,29.385437],[-114.967011,29.375138],[-114.86362,29.27585],[-114.837424,29.236959],[-114.823156,29.236478],[-114.813031,29.214243],[-114.743447,29.181842],[-114.736739,29.139005],[-114.725645,29.136378],[-114.715948,29.110335],[-114.703192,29.101407],[-114.69655,29.110394],[-114.674397,29.112925],[-114.626956,29.089901],[-114.618505,29.063297],[-114.608205,29.059036],[-114.604458,29.001772],[-114.592181,28.970419],[-114.56219,28.971273],[-114.531664,28.918842],[-114.52609,28.932241],[-114.488315,28.932966],[-114.461317,28.907933],[-114.449017,28.906902],[-114.437322,28.875889],[-114.426844,28.884086],[-114.414129,28.876475],[-114.397255,28.817787],[-114.386091,28.806626],[-114.372205,28.811891],[-114.34862,28.772312],[-114.347052,28.730807],[-114.316097,28.727002],[-114.302039,28.706047],[-114.283973,28.705989],[-114.26971,28.68962],[-114.270188,28.660104],[-114.258982,28.663961],[-114.245537,28.652973],[-114.245964,28.662507],[-114.233163,28.666957],[-114.17415,28.651054],[-114.154773,28.615107],[-114.161711,28.570361],[-114.149268,28.559785],[-114.110292,28.55573],[-114.086298,28.522996],[-114.069341,28.515094],[-114.069216,28.488536],[-114.045513,28.464436],[-114.047867,28.438539],[-114.081202,28.344346],[-114.124955,28.256836],[-114.104408,28.238866],[-114.078839,28.246624],[-114.062254,28.207618],[-114.130711,28.085828],[-114.204879,28],[-112.764929,28],[-112.791793,28.007215],[-112.8049,28.028512],[-112.788679,28.068255],[-112.803407,28.084682],[-112.812032,28.13583],[-112.786509,28.196137],[-112.8735,28.282227],[-112.873912,28.318882],[-112.849254,28.38204],[-112.860188,28.404092],[-112.844429,28.422145],[-112.846715,28.4409],[-112.880371,28.434429],[-112.874601,28.45039],[-112.903534,28.475243],[-112.969987,28.456875],[-113.01563,28.457381],[-113.104339,28.506078],[-113.130298,28.599393],[-113.128761,28.632638],[-113.158796,28.660074],[-113.189232,28.729987],[-113.196436,28.792286],[-113.212497,28.803109],[-113.220645,28.824798],[-113.251615,28.840532],[-113.286447,28.825736],[-113.312569,28.803141],[-113.354709,28.80439],[-113.35136,28.816702],[-113.370763,28.838501],[-113.370351,28.86121],[-113.357373,28.873979],[-113.380695,28.894522],[-113.367737,28.903525],[-113.394037,28.91523],[-113.385758,28.939628],[-113.415236,28.923406],[-113.428878,28.935184],[-113.423756,28.948671],[-113.438371,28.959681],[-113.444342,28.946757],[-113.480087,28.947752],[-113.474259,28.943802],[-113.487233,28.927831],[-113.471353,28.914467],[-113.479031,28.89454],[-113.526202,28.893273],[-113.557293,28.946928],[-113.546203,28.964537],[-113.541563,28.955826],[-113.563034,29.007772],[-113.548884,29.040157],[-113.534454,29.032279],[-113.538495,29.057955],[-113.562678,29.08577],[-113.571377,29.116858],[-113.603924,29.143873],[-113.608922,29.163364],[-113.621235,29.161021],[-113.626465,29.174546],[-113.635272,29.172651],[-113.63936,29.198408],[-113.65614,29.208536],[-113.653031,29.224129],[-113.625149,29.252862],[-113.637513,29.283398],[-113.695023,29.324389],[-113.773817,29.41053],[-113.825008,29.429454],[-113.836106,29.455873],[-113.862302,29.462141],[-113.896919,29.484835],[-113.994254,29.577595],[-114.016523,29.578987],[-114.046733,29.596771],[-114.063427,29.62859],[-114.110934,29.653295],[-114.14491,29.691589],[-114.159284,29.691062],[-114.181374,29.708081],[-114.208112,29.743853],[-114.28024,29.772312],[-114.292981,29.766486],[-114.291049,29.756661],[-114.281445,29.759687],[-114.294289,29.742789],[-114.33049,29.74252],[-114.342799,29.74675],[-114.354597,29.768701],[-114.385991,29.77708],[-114.394882,29.808001],[-114.369196,29.80775],[-114.413578,29.848353],[-114.412984,29.890687],[-114.434458,29.909313],[-114.470955,29.913271],[-114.487471,29.948769],[-114.536816,29.970428],[-114.576312,30.032547],[-114.584528,30.074146],[-114.603908,30.107988],[-114.633772,30.127155],[-114.668871,30.198252],[-114.639771,30.260454],[-114.656292,30.285186],[-114.641886,30.349035],[-114.63485,30.350197],[-114.643719,30.376587],[-114.631253,30.419918],[-114.639223,30.452571],[-114.630727,30.48871],[-114.652293,30.557083],[-114.698807,30.63374],[-114.693541,30.670987],[-114.705124,30.712867],[-114.6917,30.744],[-114.699944,30.772394],[-114.693594,30.81928],[-114.709889,30.84487],[-114.709949,30.905705],[-114.720336,30.937036],[-114.808335,30.977281],[-114.823765,30.9885],[-114.821158,30.995868],[-114.828991,30.993282],[-114.821945,30.996871],[-114.832848,30.999203],[-114.833418,31.019176],[-114.824231,31.039571],[-114.81176,31.044024],[-114.814293,31.052105],[-114.867495,31.090229],[-114.890054,31.144825],[-114.881286,31.236443],[-114.892041,31.266651],[-114.879282,31.295262],[-114.880162,31.39289],[-114.854517,31.45671],[-114.857954,31.501138],[-114.816457,31.609636],[-114.795584,31.61202],[-114.783684,31.635527],[-114.792724,31.683442],[-114.816954,31.728743],[-114.806878,31.81668],[-114.825692,31.82882],[-114.832565,31.841617],[-114.844922,31.864551],[-114.903151,31.86847],[-114.906744,31.867304],[-114.910759,31.867761],[-114.91205,31.872409],[-114.914759,31.88221],[-114.939151,31.892124],[-114.945134,31.910121],[-114.965485,31.918424],[-114.967434,31.99688],[-114.957005,32.038636],[-114.989736,32.146378],[-114.975318,32.177995],[-115.053022,32.245174],[-115.036428,32.277756],[-114.966592,32.338794],[-114.968453,32.390653],[-114.953572,32.396628],[-114.961452,32.411706],[-114.931573,32.441028],[-114.936837,32.477521],[-114.934997,32.481875],[-114.931464,32.484085],[-114.89794,32.48728],[-114.896788,32.487992],[-114.888089,32.490732],[-114.880245,32.492031],[-114.874803,32.489314],[-114.871991,32.487828],[-114.849078,32.473423],[-114.847229,32.473904],[-114.840727,32.475385],[-114.838232,32.476664],[-114.826146,32.480158],[-114.823793,32.480108],[-114.816655,32.482328]]],[[[-112.931136,28.709298],[-112.93112,28.696371],[-112.894822,28.67985],[-112.897361,28.697177],[-112.920528,28.699637],[-112.931136,28.709298]]],[[[-112.960496,28.734391],[-112.965324,28.730924],[-112.945946,28.716955],[-112.960496,28.734391]]],[[[-113.036016,28.900252],[-113.04026,28.890429],[-113.047514,28.894049],[-113.043943,28.883298],[-113.032228,28.895341],[-113.036016,28.900252]]],[[[-113.513913,29.551478],[-113.545502,29.53399],[-113.559189,29.535204],[-113.558689,29.546007],[-113.572122,29.538357],[-113.563618,29.505196],[-113.592254,29.451031],[-113.588216,29.408925],[-113.570513,29.401489],[-113.525168,29.335139],[-113.506059,29.322835],[-113.495418,29.283581],[-113.440904,29.276063],[-113.404245,29.209304],[-113.363866,29.187437],[-113.350605,29.168584],[-113.300689,29.145103],[-113.243948,29.067133],[-113.200349,29.048004],[-113.188587,29.028363],[-113.11584,28.987051],[-113.114407,29.02891],[-113.099522,29.056691],[-113.148367,29.066188],[-113.153871,29.095037],[-113.174559,29.127782],[-113.165366,29.191277],[-113.173544,29.248096],[-113.160466,29.278526],[-113.173849,29.288706],[-113.250967,29.282594],[-113.270607,29.290305],[-113.29135,29.28083],[-113.299874,29.290831],[-113.34326,29.296093],[-113.364051,29.308594],[-113.370918,29.349433],[-113.344785,29.386949],[-113.384824,29.459113],[-113.408812,29.466975],[-113.422618,29.492796],[-113.452675,29.517927],[-113.470106,29.520703],[-113.47528,29.531412],[-113.510786,29.537617],[-113.513913,29.551478]]],[[[-113.524635,29.095516],[-113.509717,29.061999],[-113.513789,29.052103],[-113.502852,29.049095],[-113.504732,29.039227],[-113.489183,29.037686],[-113.502725,29.049829],[-113.502337,29.090416],[-113.524635,29.095516]]],[[[-113.512536,29.00272],[-113.511349,28.988727],[-113.501982,28.993976],[-113.512536,29.00272]]],[[[-113.565362,29.564006],[-113.579343,29.560991],[-113.575704,29.545989],[-113.560506,29.555312],[-113.565362,29.564006]]],[[[-114.417463,29.988013],[-114.423719,29.966961],[-114.412372,29.960951],[-114.415319,29.948658],[-114.391686,29.961845],[-114.401958,29.982755],[-114.417463,29.988013]]],[[[-114.746523,31.80186],[-114.769695,31.81683],[-114.799936,31.812645],[-114.7911,31.729997],[-114.763852,31.705672],[-114.722091,31.694572],[-114.717504,31.681179],[-114.704302,31.68702],[-114.6897,31.681724],[-114.711638,31.710323],[-114.668174,31.676289],[-114.652315,31.678728],[-114.666943,31.71691],[-114.730467,31.764869],[-114.746523,31.80186]]],[[[-114.74477,31.532094],[-114.754631,31.551897],[-114.771705,31.558704],[-114.772471,31.532898],[-114.74477,31.532094]]],[[[-115.21372,28.375303],[-115.246094,28.353961],[-115.240596,28.343196],[-115.251423,28.340345],[-115.24871,28.315732],[-115.265481,28.294396],[-115.255197,28.286656],[-115.259337,28.273857],[-115.241742,28.222297],[-115.318841,28.134877],[-115.351422,28.118077],[-115.358391,28.081514],[-115.34444,28.075392],[-115.310949,28.094344],[-115.288015,28.093487],[-115.265226,28.074704],[-115.254371,28.038129],[-115.228738,28.029947],[-115.209363,28.040225],[-115.185109,28.031967],[-115.18563,28.106508],[-115.155871,28.14237],[-115.159295,28.192737],[-115.176447,28.216111],[-115.165821,28.261041],[-115.175497,28.30645],[-115.196829,28.333965],[-115.195274,28.361152],[-115.21372,28.375303]]],[[[-115.536077,28.296137],[-115.530431,28.306028],[-115.540009,28.315464],[-115.536077,28.296137]]],[[[-115.585287,28.315656],[-115.598771,28.314933],[-115.598441,28.300016],[-115.5888,28.295829],[-115.568465,28.30826],[-115.585287,28.315656]]],[[[-116.112946,30.49699],[-116.122986,30.485191],[-116.107964,30.480394],[-116.100382,30.484466],[-116.112946,30.49699]]],[[[-116.797523,31.807142],[-116.786911,31.79055],[-116.788775,31.806515],[-116.797523,31.807142]]],[[[-117.245654,32.413902],[-117.250773,32.419684],[-117.241528,32.39077],[-117.245654,32.413902]]],[[[-118.326154,29.173867],[-118.317563,29.184668],[-118.324621,29.192729],[-118.353841,29.170088],[-118.388744,29.162357],[-118.40765,29.142829],[-118.394528,29.110011],[-118.399335,29.068583],[-118.353929,29.042328],[-118.334077,28.983375],[-118.343056,28.974107],[-118.319085,28.962095],[-118.323044,28.929777],[-118.304642,28.89466],[-118.315424,28.872933],[-118.267022,28.886017],[-118.247731,28.922516],[-118.243822,28.960884],[-118.255673,28.990557],[-118.248043,29.014456],[-118.261003,29.06815],[-118.29219,29.098617],[-118.32185,29.108485],[-118.336577,29.145558],[-118.326154,29.173867]]]]},"properties":{"name":"Baja California","created_at":"2013-12-01T18:59:38+0100","updated_at":"2013-12-01T18:59:38+0100","cartodb_id":6}},
{"type":"Feature","geometry":{"type":"MultiPolygon","coordinates":[[[[-114.880245,32.492031],[-114.888089,32.490732],[-114.896788,32.487992],[-114.89794,32.48728],[-114.931464,32.484085],[-114.934997,32.481875],[-114.936837,32.477521],[-114.931573,32.441028],[-114.961452,32.411706],[-114.953572,32.396628],[-114.968453,32.390653],[-114.966592,32.338794],[-115.036428,32.277756],[-115.053022,32.245174],[-114.975318,32.177995],[-114.989736,32.146378],[-114.957005,32.038636],[-114.967434,31.99688],[-114.965485,31.918424],[-114.945134,31.910121],[-114.939151,31.892124],[-114.914759,31.88221],[-114.91205,31.872409],[-114.910759,31.867761],[-114.906744,31.867304],[-114.903151,31.86847],[-114.844922,31.864551],[-114.832565,31.841617],[-114.825692,31.82882],[-114.806878,31.81668],[-114.78707,31.823095],[-114.760211,31.818259],[-114.722688,31.777058],[-114.692802,31.763121],[-114.619232,31.762904],[-114.582789,31.752221],[-114.554028,31.735543],[-114.492732,31.676194],[-114.462026,31.668841],[-114.448283,31.648975],[-114.334256,31.59841],[-114.326747,31.583158],[-114.279071,31.547392],[-114.15356,31.495068],[-114.0259,31.4922],[-114.020158,31.530025],[-114.006215,31.523787],[-113.987029,31.529531],[-113.97829,31.549394],[-113.9562,31.5624],[-113.9615,31.5769],[-113.9737,31.5783],[-113.979411,31.631429],[-113.92,31.5983],[-113.89755,31.606855],[-113.869579,31.587595],[-113.852479,31.595399],[-113.810075,31.566996],[-113.776667,31.56454],[-113.763328,31.550623],[-113.681141,31.515247],[-113.640314,31.480509],[-113.629262,31.452283],[-113.635809,31.42982],[-113.609195,31.364588],[-113.611264,31.343865],[-113.643876,31.343268],[-113.624613,31.327994],[-113.558405,31.317765],[-113.543667,31.308394],[-113.552646,31.303854],[-113.545363,31.296318],[-113.432143,31.284001],[-113.25511,31.240537],[-113.207154,31.240529],[-113.18908,31.222761],[-113.120402,31.191668],[-113.110274,31.199616],[-113.089551,31.15567],[-113.077508,31.151667],[-113.080957,31.138812],[-113.058956,31.07235],[-113.062048,31.033436],[-113.091942,30.995268],[-113.117513,31.035714],[-113.1206,31.0647],[-113.128411,31.058909],[-113.096455,30.970048],[-113.101062,30.890886],[-113.127167,30.812042],[-113.084268,30.678481],[-112.987631,30.536086],[-112.980328,30.541902],[-112.979717,30.532039],[-112.89909,30.461403],[-112.86463,30.413915],[-112.845981,30.330162],[-112.851096,30.284695],[-112.864398,30.268158],[-112.818215,30.264085],[-112.775871,30.225726],[-112.759612,30.198556],[-112.752498,30.150781],[-112.761475,30.062359],[-112.733102,30.000553],[-112.747345,29.915427],[-112.733301,29.903781],[-112.707147,29.910652],[-112.693975,29.906099],[-112.697475,29.895765],[-112.688039,29.905026],[-112.665545,29.891659],[-112.65113,29.86391],[-112.651799,29.834683],[-112.605995,29.778936],[-112.580623,29.711814],[-112.54409,29.690002],[-112.506231,29.620232],[-112.435414,29.559208],[-112.428828,29.519815],[-112.391997,29.501576],[-112.380833,29.486862],[-112.382668,29.448725],[-112.421457,29.376508],[-112.409653,29.344322],[-112.352979,29.321014],[-112.3349,29.2918],[-112.346248,29.313561],[-112.300986,29.329997],[-112.258373,29.327952],[-112.233159,29.307648],[-112.209042,29.245699],[-112.230003,29.179848],[-112.199599,29.176404],[-112.199579,29.156758],[-112.183388,29.15125],[-112.165138,29.114872],[-112.187632,29.073328],[-112.1708,29.072568],[-112.166889,29.010543],[-112.160119,29.01223],[-112.150238,28.991713],[-112.172268,28.968966],[-112.10133,28.954886],[-112.086062,28.925347],[-112.047799,28.899284],[-112.051708,28.889651],[-112.034526,28.880279],[-112.031086,28.859274],[-111.972308,28.843467],[-111.917198,28.791743],[-111.901,28.787],[-111.921654,28.766415],[-111.950184,28.757328],[-111.908012,28.70295],[-111.774424,28.607133],[-111.737234,28.521853],[-111.715732,28.494613],[-111.712269,28.458988],[-111.644514,28.443526],[-111.50502,28.392632],[-111.465103,28.368898],[-111.456646,28.354277],[-111.457029,28.315958],[-111.407887,28.273016],[-111.390413,28.270909],[-111.38872,28.249196],[-111.373021,28.233761],[-111.377111,28.218803],[-111.358596,28.219442],[-111.343838,28.209684],[-111.332419,28.190457],[-111.330035,28.158202],[-111.293635,28.130829],[-111.281925,28.089921],[-111.273177,28.090106],[-111.277225,28.081],[-111.252081,28.063703],[-111.25502,28.054161],[-111.242599,28.058231],[-111.242205,28.049943],[-111.211874,28.041971],[-111.188374,28.020805],[-111.173755,27.991707],[-111.138649,27.985367],[-111.131341,27.975111],[-111.117823,27.975381],[-111.116761,27.960995],[-111.099283,27.961249],[-111.094164,27.947405],[-111.104983,27.936749],[-111.066106,27.940674],[-111.059981,27.927794],[-111.039974,27.956961],[-111.015307,27.963636],[-110.984002,27.958434],[-110.970616,27.928472],[-110.946589,27.921437],[-110.947276,27.911599],[-110.966654,27.90553],[-110.949024,27.889314],[-110.950345,27.868488],[-110.932808,27.881678],[-110.925798,27.868246],[-110.903394,27.866912],[-110.903013,27.855942],[-110.887934,27.849222],[-110.889988,27.83971],[-110.876018,27.851489],[-110.881052,27.864028],[-110.863989,27.878089],[-110.871625,27.883481],[-110.858781,27.895689],[-110.867003,27.895448],[-110.855833,27.899902],[-110.884374,27.896287],[-110.885976,27.905585],[-110.895751,27.89381],[-110.9076,27.891514],[-110.907212,27.897586],[-110.883411,27.924914],[-110.866321,27.915686],[-110.854112,27.946814],[-110.828887,27.954325],[-110.812212,27.923259],[-110.79945,27.920099],[-110.814416,27.92281],[-110.845467,27.913202],[-110.856139,27.919022],[-110.853206,27.91234],[-110.842457,27.910389],[-110.8285,27.916705],[-110.79684,27.919033],[-110.729183,27.908846],[-110.680445,27.889982],[-110.654426,27.888758],[-110.61049,27.858171],[-110.648929,27.892044],[-110.665395,27.895212],[-110.648163,27.903916],[-110.631004,27.88225],[-110.610691,27.888384],[-110.578104,27.882358],[-110.526468,27.850803],[-110.522019,27.84104],[-110.544648,27.842522],[-110.5485,27.8321],[-110.5667,27.841],[-110.5816,27.8339],[-110.5899,27.8455],[-110.5829,27.8311],[-110.5894,27.83],[-110.5941,27.8156],[-110.6051,27.811],[-110.61437,27.795651],[-110.612151,27.813984],[-110.616156,27.8093],[-110.6163,27.7792],[-110.6009,27.7005],[-110.6069,27.66],[-110.6104,27.6536],[-110.609543,27.667132],[-110.616896,27.665729],[-110.626512,27.620283],[-110.587358,27.510559],[-110.6061,27.3468],[-110.599269,27.313984],[-110.535448,27.285659],[-110.49362,27.289037],[-110.439896,27.271342],[-110.304559,27.154499],[-110.109685,27.110252],[-110.057542,27.080317],[-110.018843,27.077496],[-109.967207,27.05418],[-109.941671,27.017964],[-109.944378,26.991677],[-109.890077,26.92247],[-109.849842,26.789965],[-109.771095,26.709148],[-109.680634,26.674944],[-109.66499,26.6741],[-109.662495,26.687944],[-109.651745,26.692927],[-109.606686,26.694897],[-109.495959,26.670261],[-109.48548,26.683998],[-109.40296,26.653477],[-109.35818,26.599324],[-109.309715,26.565059],[-109.267714,26.50161],[-109.252029,26.412233],[-109.258324,26.319928],[-109.246788,26.316035],[-109.211276,26.342736],[-109.209886,26.343189],[-109.205532,26.342152],[-109.203902,26.341827],[-109.19313,26.340935],[-109.164943,26.306847],[-109.125238,26.297014],[-109.09668,26.312124],[-109.074214,26.35353],[-109.006443,26.40237],[-108.936522,26.39018],[-108.910115,26.421715],[-108.881392,26.406252],[-108.86034,26.43277],[-108.876108,26.447576],[-108.837762,26.472523],[-108.84748,26.487217],[-108.85674,26.480515],[-108.91467,26.47954],[-108.891318,26.489595],[-108.873152,26.551071],[-108.806423,26.570604],[-108.787724,26.565256],[-108.77659,26.580109],[-108.734293,26.593568],[-108.678831,26.587015],[-108.678988,26.642889],[-108.657681,26.669129],[-108.630366,26.676573],[-108.635994,26.690515],[-108.628385,26.718387],[-108.601024,26.727223],[-108.594189,26.759173],[-108.578329,26.762777],[-108.580849,26.789577],[-108.554034,26.779857],[-108.536912,26.798429],[-108.555352,26.811584],[-108.557043,26.823753],[-108.53513,26.840975],[-108.522058,26.879678],[-108.466978,26.970702],[-108.424271,26.97623],[-108.499542,26.986279],[-108.507612,26.989224],[-108.551763,26.997145],[-108.572247,27.012656],[-108.562535,27.046019],[-108.602276,27.036943],[-108.606189,27.063585],[-108.596956,27.0769],[-108.611427,27.154145],[-108.64432,27.178811],[-108.653584,27.176858],[-108.647519,27.186701],[-108.664375,27.239396],[-108.591045,27.31808],[-108.629125,27.382921],[-108.633418,27.428136],[-108.661648,27.464744],[-108.653023,27.469032],[-108.655277,27.543797],[-108.712808,27.566246],[-108.722958,27.588148],[-108.739852,27.599955],[-108.754199,27.636733],[-108.749314,27.664731],[-108.772787,27.696501],[-108.766025,27.705834],[-108.784447,27.714907],[-108.784495,27.730465],[-108.799276,27.723028],[-108.807384,27.737991],[-108.817004,27.732166],[-108.832964,27.74435],[-108.895516,27.744807],[-108.920294,27.783973],[-108.910464,27.809136],[-108.886082,27.81367],[-108.86914,27.839286],[-108.914868,27.854005],[-108.926511,27.940594],[-108.963705,27.972524],[-108.991685,27.979981],[-109.0319,28.018288],[-109.048948,28.09265],[-109.072894,28.148572],[-109.06199,28.199202],[-109.074886,28.272609],[-109.058436,28.267269],[-109.068696,28.286139],[-109.051883,28.276425],[-109.045765,28.281162],[-109.040682,28.26699],[-109.022777,28.277532],[-108.997444,28.255055],[-108.987055,28.277833],[-108.993974,28.29796],[-108.967261,28.265],[-108.928816,28.259556],[-108.922014,28.251492],[-108.880663,28.264726],[-108.856089,28.251538],[-108.830423,28.265049],[-108.791663,28.253617],[-108.796685,28.267163],[-108.750984,28.271569],[-108.687225,28.303462],[-108.661934,28.295475],[-108.655832,28.301807],[-108.641293,28.291609],[-108.636181,28.335228],[-108.611167,28.335257],[-108.603507,28.347562],[-108.550928,28.318055],[-108.519638,28.334762],[-108.521651,28.365061],[-108.501365,28.355729],[-108.479701,28.369551],[-108.515541,28.426284],[-108.504141,28.454439],[-108.520389,28.459759],[-108.504795,28.493357],[-108.507672,28.508216],[-108.523287,28.50591],[-108.531287,28.556669],[-108.561362,28.591174],[-108.564396,28.61271],[-108.580151,28.632446],[-108.583785,28.740139],[-108.643294,28.765068],[-108.645557,28.794727],[-108.636328,28.791883],[-108.623817,28.806123],[-108.65785,28.809224],[-108.678176,28.863276],[-108.709798,28.889515],[-108.698145,28.936266],[-108.724353,29.069897],[-108.713107,29.070367],[-108.709438,29.083003],[-108.727471,29.085761],[-108.72959,29.096533],[-108.698528,29.12774],[-108.728854,29.171801],[-108.745297,29.162343],[-108.753869,29.200098],[-108.73983,29.20082],[-108.735408,29.217713],[-108.741245,29.240427],[-108.761888,29.253884],[-108.730302,29.269094],[-108.682209,29.26743],[-108.669733,29.307417],[-108.717754,29.465954],[-108.694332,29.467114],[-108.689606,29.484],[-108.643986,29.48884],[-108.625155,29.501031],[-108.648713,29.509101],[-108.662309,29.544482],[-108.638324,29.558319],[-108.659505,29.584041],[-108.641137,29.588886],[-108.654988,29.649433],[-108.61828,29.660525],[-108.659099,29.716127],[-108.592534,29.717646],[-108.592751,29.728391],[-108.540776,29.736228],[-108.534964,29.751365],[-108.541259,29.796138],[-108.61856,29.800466],[-108.629444,29.806274],[-108.635718,29.829684],[-108.607199,29.84714],[-108.621691,29.878209],[-108.614863,29.895125],[-108.628709,29.953034],[-108.6155,29.965872],[-108.606922,30.028618],[-108.618223,30.089453],[-108.611656,30.102349],[-108.620218,30.29823],[-108.550547,30.266642],[-108.542199,30.283512],[-108.580006,30.337482],[-108.622056,30.340318],[-108.61984,30.374796],[-108.648652,30.416865],[-108.613559,30.435716],[-108.603843,30.465113],[-108.664772,30.468152],[-108.657117,30.470317],[-108.661973,30.521942],[-108.67409,30.532291],[-108.677792,30.557073],[-108.687398,30.554765],[-108.727439,30.580477],[-108.726666,30.594548],[-108.756542,30.596076],[-108.76202,30.587272],[-108.830647,30.601733],[-108.876465,30.624574],[-108.866925,30.689387],[-108.886919,30.719287],[-108.918968,30.739354],[-108.948302,30.736911],[-108.935457,30.773631],[-108.929849,30.861021],[-108.939243,30.907565],[-108.802393,30.904101],[-108.803255,31.004829],[-108.683807,31.005973],[-108.684387,31.03374],[-108.752466,31.033848],[-108.729899,31.052154],[-108.766157,31.073628],[-108.769997,31.102472],[-108.84564,31.135576],[-108.835012,31.169335],[-108.805025,31.192956],[-108.848332,31.195108],[-108.860687,31.218927],[-108.900332,31.202452],[-108.906647,31.208051],[-108.879812,31.238786],[-108.817231,31.239006],[-108.755916,31.332419],[-110.147634,31.334128],[-111.075002,31.332569],[-112.007241,31.629474],[-113.009695,31.93856],[-113.909008,32.218631],[-114.783461,32.485606],[-114.813573,32.493913],[-114.816655,32.482328],[-114.823793,32.480108],[-114.826146,32.480158],[-114.838232,32.476664],[-114.840727,32.475385],[-114.847229,32.473904],[-114.849078,32.473423],[-114.871991,32.487828],[-114.874803,32.489314],[-114.880245,32.492031]],[[-110.848408,27.982478],[-110.830246,27.969532],[-110.827077,27.955314],[-110.84517,27.953042],[-110.86952,27.969153],[-110.855832,27.964544],[-110.866228,27.981368],[-110.848408,27.982478]]],[[[-111.378628,27.974084],[-111.390077,27.985104],[-111.381802,27.960539],[-111.367433,27.95255],[-111.378628,27.974084]]],[[[-111.966315,28.8088],[-111.96524,28.816669],[-111.973548,28.80908],[-111.966315,28.8088]]],[[[-112.291837,29.226276],[-112.35998,29.220228],[-112.409127,29.185973],[-112.43554,29.200055],[-112.461574,29.188322],[-112.477759,29.167223],[-112.493993,29.073394],[-112.505837,29.063075],[-112.506416,29.013939],[-112.490163,28.983054],[-112.489496,28.949048],[-112.517176,28.915246],[-112.584367,28.876633],[-112.503558,28.838538],[-112.493696,28.82266],[-112.472357,28.821724],[-112.46149,28.802635],[-112.406835,28.79948],[-112.385899,28.777312],[-112.364511,28.773568],[-112.35893,28.759714],[-112.328573,28.763586],[-112.310192,28.746843],[-112.277657,28.769358],[-112.253656,28.767812],[-112.27357,28.783895],[-112.275207,28.816642],[-112.257014,28.858093],[-112.239554,28.871748],[-112.242098,28.890919],[-112.229855,28.904153],[-112.214858,28.956872],[-112.189357,28.977],[-112.215383,28.956883],[-112.211728,28.993097],[-112.195436,29.005828],[-112.205132,29.000666],[-112.195076,29.020702],[-112.204266,29.025138],[-112.232463,29.092031],[-112.274378,29.136797],[-112.274799,29.16491],[-112.264401,29.178511],[-112.269674,29.17507],[-112.271032,29.185325],[-112.262484,29.193775],[-112.300443,29.222738],[-112.291837,29.226276]]],[[[-112.291913,28.728343],[-112.297412,28.735023],[-112.28536,28.709155],[-112.291913,28.728343]]],[[[-112.554205,28.730948],[-112.612958,28.726798],[-112.606483,28.667909],[-112.554688,28.672209],[-112.542908,28.711707],[-112.554205,28.730948]]],[[[-114.675962,31.756419],[-114.615576,31.727891],[-114.600226,31.732122],[-114.591959,31.74668],[-114.62112,31.756986],[-114.675962,31.756419]]]]},"properties":{"name":"Sonora","created_at":"2013-12-01T18:59:38+0100","updated_at":"2013-12-01T18:59:38+0100","cartodb_id":7}},
{"type":"Feature","geometry":{"type":"MultiPolygon","coordinates":[[[[-114.204879,28],[-114.265281,27.942385],[-114.275428,27.906942],[-114.265595,27.888391],[-114.294822,27.864133],[-114.311101,27.873671],[-114.33438,27.86953],[-114.390008,27.821864],[-114.499257,27.771971],[-114.533284,27.786065],[-114.605328,27.773518],[-114.633906,27.776067],[-114.668616,27.788299],[-114.704862,27.788831],[-114.737524,27.808638],[-114.762685,27.806039],[-114.787248,27.815597],[-114.838708,27.810092],[-114.86581,27.830207],[-115.006312,27.82836],[-115.055174,27.861794],[-115.082308,27.847427],[-115.052617,27.8209],[-115.026194,27.741016],[-115.013927,27.735743],[-115.006274,27.717713],[-114.989492,27.72894],[-114.953693,27.716455],[-114.938197,27.70171],[-114.930438,27.675975],[-114.871534,27.649868],[-114.847596,27.617824],[-114.840403,27.629897],[-114.821151,27.629924],[-114.784818,27.607472],[-114.762209,27.554957],[-114.73728,27.524177],[-114.601004,27.478489],[-114.576637,27.451987],[-114.513483,27.41717],[-114.488589,27.350407],[-114.488006,27.228717],[-114.477941,27.216328],[-114.456281,27.220589],[-114.434902,27.209767],[-114.427238,27.194989],[-114.431009,27.174448],[-114.415367,27.168856],[-114.396578,27.181971],[-114.384738,27.180234],[-114.361953,27.163232],[-114.333512,27.156885],[-114.296696,27.122863],[-114.290455,27.143494],[-114.259489,27.151687],[-114.194947,27.142713],[-114.1471,27.124126],[-114.091191,27.08709],[-114.060177,27.049699],[-114.052122,27.0201],[-114.002535,26.971102],[-113.983357,26.973366],[-113.974119,26.994623],[-113.947009,26.99944],[-113.852776,26.970382],[-113.785473,26.917342],[-113.73374,26.799463],[-113.685962,26.780856],[-113.638358,26.729668],[-113.607171,26.713665],[-113.577038,26.704702],[-113.570923,26.71418],[-113.54751,26.720243],[-113.548854,26.738448],[-113.521803,26.75319],[-113.509179,26.79153],[-113.463908,26.808329],[-113.395776,26.803647],[-113.338576,26.786683],[-113.28325,26.753163],[-113.269009,26.703623],[-113.187998,26.68611],[-113.138344,26.659765],[-113.125285,26.637146],[-113.08318,26.618693],[-112.977893,26.533622],[-112.894299,26.48874],[-112.809382,26.420653],[-112.721124,26.365103],[-112.679918,26.315307],[-112.652984,26.325369],[-112.634999,26.321112],[-112.49752,26.231504],[-112.480261,26.236408],[-112.475655,26.256522],[-112.460603,26.262398],[-112.395037,26.234261],[-112.338426,26.16784],[-112.308068,26.07189],[-112.290657,26.055485],[-112.280543,26.062021],[-112.234221,26.036682],[-112.191486,25.986319],[-112.129358,25.815568],[-112.10744,25.78246],[-112.094402,25.684287],[-112.10287,25.516328],[-112.097356,25.488453],[-112.105091,25.48283],[-112.1177,25.3507],[-112.137122,25.297669],[-112.124815,25.281861],[-112.140245,25.254352],[-112.20533,25.015754],[-112.27476,24.840164],[-112.2883,24.814],[-112.3023,24.8091],[-112.302638,24.791694],[-112.2773,24.7766],[-112.2595,24.7501],[-112.26147,24.778879],[-112.238102,24.789482],[-112.2161,24.7873],[-112.1749,24.7653],[-112.1432,24.7333],[-112.1352,24.6967],[-112.142,24.6714],[-112.165,24.6719],[-112.1748,24.6533],[-112.11644,24.602928],[-112.10203,24.577694],[-112.102074,24.558759],[-111.9473,24.489],[-111.92728,24.46911],[-111.876181,24.442542],[-111.743125,24.346008],[-111.711347,24.303282],[-111.69512,24.350687],[-111.577608,24.367557],[-111.441325,24.325928],[-111.275433,24.243597],[-111.022098,24.093598],[-111.006774,24.071148],[-110.954479,24.035313],[-110.874795,23.955786],[-110.818602,23.912568],[-110.683258,23.768746],[-110.599434,23.698888],[-110.551636,23.670445],[-110.391948,23.602996],[-110.334035,23.564526],[-110.26272,23.475416],[-110.234428,23.427037],[-110.230309,23.403441],[-110.215022,23.394636],[-110.215216,23.382804],[-110.168164,23.317073],[-110.101824,23.029119],[-110.061127,22.949562],[-110.012248,22.900635],[-109.968099,22.873709],[-109.894433,22.875897],[-109.909981,22.878797],[-109.911406,22.885729],[-109.90542,22.881693],[-109.891931,22.895809],[-109.842787,22.903173],[-109.809102,22.933648],[-109.807518,22.94947],[-109.792371,22.966203],[-109.715199,23.00468],[-109.715447,23.026561],[-109.703084,23.039105],[-109.668835,23.060331],[-109.576477,23.08404],[-109.536152,23.109425],[-109.455413,23.201591],[-109.437339,23.239595],[-109.439571,23.273556],[-109.425382,23.304821],[-109.432215,23.376948],[-109.413173,23.38696],[-109.415617,23.403424],[-109.431999,23.413665],[-109.425037,23.450327],[-109.479418,23.51917],[-109.468431,23.554616],[-109.512229,23.569087],[-109.520547,23.58461],[-109.575612,23.600032],[-109.607526,23.621113],[-109.674004,23.644053],[-109.69708,23.662624],[-109.695505,23.692606],[-109.71329,23.738116],[-109.699365,23.798988],[-109.772465,23.874791],[-109.826118,23.912194],[-109.837503,23.932753],[-109.835669,23.985065],[-109.817711,23.995377],[-109.804235,24.021242],[-109.825169,24.039858],[-109.8268,24.060574],[-109.929717,24.02872],[-109.984335,24.04374],[-110.008185,24.159444],[-110.089363,24.215766],[-110.123705,24.226098],[-110.151507,24.24917],[-110.174748,24.252786],[-110.193078,24.292911],[-110.235631,24.317304],[-110.234206,24.344092],[-110.297656,24.352356],[-110.306124,24.339176],[-110.334143,24.328989],[-110.336338,24.258234],[-110.327167,24.24441],[-110.3134,24.2506],[-110.306581,24.23389],[-110.312462,24.220522],[-110.299661,24.21168],[-110.303031,24.181502],[-110.324658,24.175092],[-110.401669,24.174349],[-110.506438,24.194767],[-110.560179,24.211301],[-110.58203,24.239926],[-110.612085,24.256493],[-110.640952,24.315594],[-110.681311,24.356872],[-110.681607,24.39575],[-110.69323,24.406252],[-110.687051,24.46296],[-110.72916,24.514529],[-110.738218,24.552721],[-110.7402,24.6201],[-110.729,24.6687],[-110.718489,24.687751],[-110.690301,24.707348],[-110.657224,24.80686],[-110.684799,24.857592],[-110.685487,24.884464],[-110.708061,24.908139],[-110.699023,24.915228],[-110.714819,24.919286],[-110.749758,24.965978],[-110.757199,25.013823],[-110.789932,25.035897],[-110.797731,25.029673],[-110.815507,25.034386],[-110.828741,25.06307],[-110.863052,25.080738],[-110.879869,25.12633],[-110.907629,25.145784],[-110.906621,25.183465],[-110.921453,25.209804],[-110.934035,25.215858],[-110.946177,25.257553],[-110.933118,25.291585],[-110.947221,25.296775],[-110.955604,25.329075],[-110.979628,25.34142],[-111.000775,25.387986],[-111.003736,25.416227],[-111.024776,25.443731],[-111.013417,25.477925],[-111.022631,25.497115],[-111.016784,25.514947],[-111.038349,25.52171],[-111.040194,25.515538],[-111.053182,25.521171],[-111.068195,25.513942],[-111.074945,25.522961],[-111.069712,25.531336],[-111.074269,25.52511],[-111.121506,25.528174],[-111.142514,25.549986],[-111.145254,25.565579],[-111.164827,25.573153],[-111.172101,25.595264],[-111.193338,25.613629],[-111.223939,25.725143],[-111.242917,25.72123],[-111.251479,25.737695],[-111.306273,25.773496],[-111.308326,25.812865],[-111.299116,25.80745],[-111.292057,25.813005],[-111.315909,25.836898],[-111.324983,25.830912],[-111.333372,25.836426],[-111.342214,25.877793],[-111.336756,25.907525],[-111.355235,25.928783],[-111.35865,25.959753],[-111.338465,25.987306],[-111.335303,26.00399],[-111.3455,26.028694],[-111.319111,26.068994],[-111.323872,26.10013],[-111.343997,26.111461],[-111.354371,26.12957],[-111.360971,26.167769],[-111.377542,26.187371],[-111.377548,26.215902],[-111.397673,26.255583],[-111.394778,26.277021],[-111.383008,26.281386],[-111.386598,26.32206],[-111.403162,26.350291],[-111.421038,26.348497],[-111.433951,26.362368],[-111.434613,26.369596],[-111.421494,26.372771],[-111.424561,26.380621],[-111.454284,26.395383],[-111.469026,26.413435],[-111.470506,26.464328],[-111.455205,26.48723],[-111.452496,26.515099],[-111.442142,26.51787],[-111.46195,26.528296],[-111.460485,26.537369],[-111.501315,26.530161],[-111.565538,26.558801],[-111.561601,26.696798],[-111.60764,26.718822],[-111.626538,26.740274],[-111.646984,26.744836],[-111.666326,26.77993],[-111.681366,26.779985],[-111.72102,26.806616],[-111.74802,26.846],[-111.801538,26.888901],[-111.822072,26.896201],[-111.832764,26.883783],[-111.902345,26.853185],[-111.91209,26.858072],[-111.915827,26.877454],[-111.938892,26.884074],[-111.954415,26.899928],[-111.982667,26.888887],[-111.952253,26.901362],[-111.975789,26.9364],[-112.008063,26.957855],[-112.015253,26.999836],[-112.005828,27.033648],[-111.988747,27.05611],[-111.969857,27.070099],[-111.945967,27.069956],[-111.952239,27.094762],[-111.991504,27.096149],[-112.009219,27.116471],[-112.10426,27.136036],[-112.132255,27.158124],[-112.165942,27.165563],[-112.19311,27.196333],[-112.21327,27.204603],[-112.199114,27.251606],[-112.230958,27.295395],[-112.241011,27.325264],[-112.262026,27.332934],[-112.269954,27.357186],[-112.286842,27.364258],[-112.303171,27.385951],[-112.298097,27.403162],[-112.318133,27.429088],[-112.312621,27.433475],[-112.321717,27.443821],[-112.330039,27.517659],[-112.35268,27.531813],[-112.35935,27.552348],[-112.418316,27.590288],[-112.467435,27.599644],[-112.486903,27.620927],[-112.59538,27.650503],[-112.598046,27.664767],[-112.62302,27.678174],[-112.636626,27.705242],[-112.661002,27.709351],[-112.701571,27.751782],[-112.719944,27.825445],[-112.735827,27.827142],[-112.771378,27.861994],[-112.761347,27.896925],[-112.766834,27.940319],[-112.756407,27.968303],[-112.764929,28],[-114.204879,28]]],[[[-109.800423,24.151908],[-109.819738,24.204806],[-109.842487,24.227239],[-109.93425,24.37593],[-109.939471,24.324976],[-109.918293,24.290932],[-109.921955,24.260361],[-109.87363,24.152981],[-109.802497,24.136711],[-109.800423,24.151908]]],[[[-110.354104,24.53146],[-110.399445,24.518539],[-110.387624,24.516125],[-110.397291,24.509837],[-110.380402,24.507139],[-110.393255,24.497331],[-110.382876,24.488694],[-110.386495,24.47469],[-110.363479,24.481511],[-110.376517,24.467506],[-110.356397,24.469022],[-110.371186,24.457422],[-110.354508,24.456508],[-110.378597,24.448973],[-110.371513,24.446114],[-110.376156,24.441088],[-110.366544,24.443217],[-110.370484,24.428941],[-110.362696,24.437049],[-110.34963,24.433356],[-110.354646,24.415047],[-110.344889,24.414735],[-110.351583,24.4054],[-110.327638,24.402444],[-110.308047,24.425258],[-110.309554,24.454634],[-110.293782,24.458708],[-110.289112,24.472853],[-110.306475,24.48719],[-110.3055,24.503552],[-110.321364,24.502331],[-110.33575,24.52353],[-110.354104,24.53146]]],[[[-110.391217,24.590236],[-110.398168,24.591445],[-110.395992,24.58079],[-110.414489,24.568328],[-110.392361,24.563296],[-110.411481,24.553851],[-110.404058,24.552305],[-110.409867,24.547591],[-110.383123,24.557012],[-110.374919,24.551587],[-110.399065,24.536348],[-110.389044,24.538988],[-110.393339,24.532832],[-110.384521,24.531406],[-110.378047,24.540095],[-110.367936,24.530741],[-110.361305,24.554016],[-110.391217,24.590236]]],[[[-110.706701,25.104869],[-110.7135,25.032674],[-110.67795,25.017267],[-110.655319,24.948359],[-110.635256,24.929538],[-110.639872,24.921075],[-110.629205,24.917943],[-110.641373,24.914134],[-110.617289,24.915277],[-110.573629,24.888005],[-110.573416,24.877913],[-110.589854,24.864864],[-110.532377,24.876246],[-110.526331,24.883285],[-110.570211,24.953837],[-110.566067,24.988121],[-110.574905,25.015882],[-110.602464,25.038843],[-110.668846,25.05204],[-110.706701,25.104869]]],[[[-110.56626,24.840077],[-110.58107,24.838347],[-110.586931,24.828204],[-110.567638,24.822732],[-110.56523,24.814216],[-110.56626,24.840077]]],[[[-110.687435,25.30573],[-110.684946,25.311697],[-110.711848,25.30462],[-110.72724,25.292099],[-110.725879,25.261949],[-110.706535,25.267554],[-110.687435,25.30573]]],[[[-110.77369,25.711541],[-110.799684,25.68395],[-110.805725,25.646458],[-110.787059,25.605265],[-110.759505,25.592861],[-110.758158,25.628924],[-110.770239,25.676854],[-110.763836,25.689766],[-110.77369,25.711541]]],[[[-111.034966,25.714291],[-111.059636,25.707269],[-111.046915,25.664369],[-111.029796,25.649778],[-111.01331,25.678754],[-111.034966,25.714291]]],[[[-111.059826,26.070972],[-111.10224,26.05152],[-111.1285,26.067432],[-111.138141,26.05015],[-111.175439,26.041727],[-111.162613,26.019273],[-111.172719,26.004207],[-111.168021,25.9874],[-111.197855,25.954978],[-111.219656,25.884406],[-111.214554,25.869798],[-111.233143,25.848293],[-111.228417,25.822616],[-111.204451,25.806378],[-111.203986,25.848055],[-111.18219,25.867198],[-111.180335,25.904547],[-111.132886,25.961263],[-111.12045,25.993868],[-111.102117,25.998142],[-111.079305,25.972127],[-111.065066,25.970197],[-111.06953,25.997192],[-111.080445,25.997915],[-111.084337,26.017225],[-111.059826,26.070972]]],[[[-111.260101,25.811689],[-111.259261,25.783095],[-111.245252,25.764687],[-111.243331,25.789125],[-111.260101,25.811689]]],[[[-111.265548,26.137301],[-111.279128,26.135352],[-111.288375,26.120342],[-111.279717,26.11127],[-111.297119,26.098576],[-111.263256,26.106142],[-111.265548,26.137301]]],[[[-111.944886,27.434554],[-111.968885,27.428691],[-111.963909,27.414668],[-111.941553,27.404724],[-111.928516,27.412555],[-111.944886,27.434554]]],[[[-112.080196,27.251052],[-112.092812,27.258347],[-112.108532,27.237205],[-112.089079,27.215377],[-112.084831,27.185747],[-112.075616,27.177616],[-112.059381,27.179653],[-112.043374,27.208353],[-112.046678,27.224555],[-112.080196,27.251052]]],[[[-115.192795,27.885314],[-115.213477,27.896637],[-115.220277,27.890611],[-115.188782,27.876051],[-115.178317,27.850242],[-115.16726,27.852173],[-115.161442,27.870283],[-115.192795,27.885314]]]]},"properties":{"name":"Baja California Sur","created_at":"2013-12-01T18:59:38+0100","updated_at":"2013-12-01T18:59:38+0100","cartodb_id":8}},
{"type":"Feature","geometry":{"type":"Polygon","coordinates":[[[-100.799934,24.556186],[-100.847806,24.555619],[-100.902234,24.583918],[-100.958793,24.542684],[-101.080495,24.591185],[-101.12762,24.623362],[-101.164646,24.681559],[-101.179035,24.732957],[-101.201726,24.765488],[-101.342142,24.813353],[-101.402157,24.788222],[-101.461639,24.736757],[-101.62227,24.758983],[-101.640767,24.800704],[-101.609012,24.789664],[-101.601261,24.835563],[-101.656332,24.860793],[-101.685149,24.840013],[-101.773463,24.875535],[-101.831898,24.972173],[-101.84881,25.017624],[-102.081806,25.070701],[-102.237622,25.118462],[-102.295513,25.125236],[-102.463325,25.115916],[-102.446763,24.999515],[-102.669694,25.066636],[-102.628885,25.008322],[-102.642956,24.978648],[-102.672984,24.978818],[-102.673062,24.942752],[-102.566236,24.902221],[-102.565373,24.866355],[-102.512182,24.709721],[-102.479807,24.490448],[-102.486996,24.444228],[-102.473127,24.445215],[-102.479718,24.428558],[-102.520146,24.423932],[-102.533931,24.407722],[-102.606593,24.411169],[-102.618564,24.396378],[-102.699904,24.373972],[-102.756654,24.376983],[-102.788852,24.406248],[-102.831736,24.384692],[-102.865013,24.430312],[-102.860621,24.434492],[-102.891891,24.461118],[-102.900107,24.4285],[-102.96744,24.457704],[-102.983573,24.433257],[-103.04315,24.466501],[-103.075081,24.422625],[-103.087515,24.436027],[-103.098527,24.401627],[-103.131709,24.424677],[-103.165259,24.435198],[-103.181953,24.419897],[-103.202092,24.424469],[-103.222834,24.417103],[-103.253532,24.447254],[-103.282645,24.428837],[-103.31025,24.435658],[-103.323929,24.426506],[-103.386205,24.422965],[-103.394056,24.432099],[-103.419332,24.430488],[-103.430237,24.408909],[-103.430523,24.360146],[-103.44834,24.3326],[-103.462697,24.320469],[-103.484063,24.318341],[-103.485002,24.30093],[-103.504547,24.295769],[-103.506755,24.287964],[-103.531243,24.293909],[-103.56835,24.286371],[-103.556493,24.242004],[-103.565523,24.211407],[-103.559536,24.193789],[-103.605766,24.151154],[-103.622007,24.117465],[-103.63597,24.110293],[-103.660362,24.149326],[-103.79977,24.050564],[-103.813274,24.021974],[-103.843129,24.026967],[-103.847826,24.003236],[-103.872387,24.007022],[-103.850276,23.988837],[-103.838799,23.964824],[-103.81836,23.964909],[-103.830796,23.907799],[-103.853112,23.874616],[-103.816067,23.80765],[-103.820273,23.79188],[-103.862362,23.752638],[-103.841015,23.701243],[-103.851081,23.679599],[-103.785104,23.676565],[-103.793542,23.630855],[-103.811302,23.613649],[-103.849179,23.640082],[-103.877429,23.62897],[-103.882522,23.592271],[-103.906867,23.601871],[-103.890087,23.579828],[-103.911934,23.576083],[-103.912277,23.588122],[-103.921469,23.589175],[-103.916271,23.565725],[-103.925313,23.556983],[-104.065977,23.463493],[-104.111215,23.351205],[-104.129023,23.182214],[-104.172132,23.128408],[-104.173614,22.982445],[-104.162847,22.975302],[-104.166593,22.945221],[-104.154096,22.937838],[-104.151122,22.922137],[-104.135955,22.918116],[-104.132994,22.904959],[-104.112644,22.905118],[-104.117739,22.897707],[-104.107505,22.884796],[-104.106304,22.856888],[-104.116828,22.850952],[-104.104308,22.833601],[-104.111485,22.810311],[-104.095227,22.805839],[-104.100224,22.794825],[-104.080475,22.766617],[-104.095285,22.759244],[-104.107203,22.768601],[-104.119381,22.762256],[-104.139258,22.768421],[-104.182181,22.758268],[-104.199614,22.776478],[-104.221039,22.77942],[-104.232075,22.753104],[-104.266344,22.736539],[-104.262708,22.717643],[-104.27763,22.702407],[-104.274863,22.68202],[-104.288327,22.663526],[-104.280732,22.653388],[-104.289966,22.64561],[-104.269275,22.635821],[-104.283288,22.621703],[-104.260535,22.596167],[-104.261407,22.586203],[-104.278173,22.583071],[-104.28885,22.552965],[-104.305689,22.557889],[-104.314089,22.540727],[-104.325824,22.537397],[-104.296126,22.472989],[-104.320188,22.430094],[-104.330603,22.43223],[-104.348843,22.409717],[-104.350041,22.386405],[-104.293128,22.365131],[-104.289277,22.352147],[-104.290374,22.347788],[-104.291041,22.34699],[-104.292694,22.345338],[-104.292564,22.344316],[-104.274773,22.342795],[-104.265759,22.343599],[-104.254269,22.349605],[-104.258845,22.382506],[-104.240979,22.412773],[-104.208784,22.422484],[-104.193044,22.399123],[-104.16542,22.39123],[-104.164636,22.392399],[-104.178856,22.427432],[-104.167487,22.44515],[-104.1951,22.447631],[-104.199874,22.456307],[-104.18573,22.471413],[-104.197297,22.477122],[-104.204917,22.471908],[-104.198874,22.480457],[-104.214828,22.484161],[-104.2017,22.486959],[-104.19023,22.507612],[-104.150407,22.516276],[-104.143091,22.504651],[-104.113509,22.49661],[-104.120796,22.517049],[-104.102707,22.531447],[-104.080461,22.53319],[-104.079,22.532853],[-104.068795,22.522],[-104.071714,22.503002],[-104.054791,22.489445],[-104.051575,22.466748],[-104.062241,22.451277],[-104.061637,22.4258],[-104.076818,22.407188],[-104.07693,22.379645],[-104.097194,22.371452],[-104.097364,22.369741],[-104.094161,22.355048],[-104.067475,22.361407],[-104.048753,22.376445],[-104.015134,22.364813],[-104.003251,22.38993],[-104.005906,22.408684],[-103.986392,22.414833],[-103.975565,22.436192],[-103.96057,22.433179],[-103.95866,22.451085],[-103.929442,22.475124],[-103.939808,22.488939],[-103.933082,22.489093],[-103.934411,22.499922],[-103.963411,22.50804],[-103.966197,22.517226],[-103.980649,22.515103],[-103.991256,22.523267],[-103.987227,22.528841],[-104.005571,22.5366],[-103.972332,22.545114],[-104.000839,22.566775],[-103.990174,22.573042],[-103.986222,22.590902],[-104.018066,22.596989],[-104.027006,22.613178],[-104.033294,22.634109],[-104.015509,22.668911],[-104.030831,22.67906],[-104.033653,22.670704],[-104.043267,22.671893],[-104.05481,22.678421],[-104.048964,22.687143],[-104.07335,22.694061],[-104.069904,22.701431],[-104.059164,22.692064],[-104.064151,22.706963],[-104.04892,22.709258],[-104.055912,22.723978],[-104.011927,22.747928],[-104.009517,22.747416],[-103.979508,22.746153],[-103.977117,22.747155],[-103.976212,22.746876],[-103.973958,22.746836],[-103.974931,22.746304],[-103.935441,22.746608],[-103.93374,22.746047],[-103.932911,22.745338],[-103.930363,22.745456],[-103.911336,22.749534],[-103.908855,22.749976],[-103.898328,22.728277],[-103.875114,22.737158],[-103.836213,22.728007],[-103.82661,22.734944],[-103.819172,22.728331],[-103.774674,22.733869],[-103.769074,22.720392],[-103.754806,22.719548],[-103.751986,22.711645],[-103.751311,22.695047],[-103.763198,22.677018],[-103.758669,22.658421],[-103.76846,22.643329],[-103.760962,22.625614],[-103.773451,22.611495],[-103.8196,22.595579],[-103.860721,22.567619],[-103.851798,22.55362],[-103.866883,22.544696],[-103.875186,22.521576],[-103.864206,22.513464],[-103.863985,22.491443],[-103.87107,22.472475],[-103.885369,22.473525],[-103.876098,22.441184],[-103.8947,22.438164],[-103.873181,22.424761],[-103.880623,22.418163],[-103.866929,22.409381],[-103.869312,22.401262],[-103.8862,22.400203],[-103.883451,22.390024],[-103.898727,22.379577],[-103.89574,22.364115],[-103.9213,22.34788],[-103.926124,22.332073],[-103.910149,22.283328],[-103.917876,22.26197],[-103.886139,22.226177],[-103.885094,22.196416],[-103.862936,22.166882],[-103.844076,22.222066],[-103.844868,22.262551],[-103.82862,22.286613],[-103.845434,22.342757],[-103.811152,22.376745],[-103.810176,22.427285],[-103.786983,22.477768],[-103.78566,22.510457],[-103.769102,22.555789],[-103.759241,22.551665],[-103.726555,22.574147],[-103.68179,22.5548],[-103.672586,22.561129],[-103.661011,22.547144],[-103.622382,22.563574],[-103.602759,22.556792],[-103.599335,22.526375],[-103.583734,22.521966],[-103.594601,22.505447],[-103.579334,22.496196],[-103.572529,22.437541],[-103.559194,22.428428],[-103.59402,22.407215],[-103.597563,22.37453],[-103.610687,22.359842],[-103.604802,22.340142],[-103.642111,22.340873],[-103.637788,22.295233],[-103.594903,22.273078],[-103.630896,22.238918],[-103.65776,22.183843],[-103.654474,22.171936],[-103.690293,22.130093],[-103.677371,22.118706],[-103.683847,22.109205],[-103.604705,22.097942],[-103.594043,22.111647],[-103.58112,22.104871],[-103.57995,22.126827],[-103.560141,22.136586],[-103.550216,22.135679],[-103.542737,22.120612],[-103.514551,22.129109],[-103.515897,22.109916],[-103.501564,22.105564],[-103.479304,22.114794],[-103.473181,22.105532],[-103.459183,22.10588],[-103.454936,22.115309],[-103.4395,22.117639],[-103.425934,22.139425],[-103.429176,22.162185],[-103.419686,22.177483],[-103.434125,22.190761],[-103.417231,22.190476],[-103.40896,22.215365],[-103.385657,22.212529],[-103.383026,22.227013],[-103.337697,22.245164],[-103.311934,22.233257],[-103.295104,22.253285],[-103.313938,22.258711],[-103.29779,22.298337],[-103.306883,22.306283],[-103.327706,22.30736],[-103.338376,22.287513],[-103.355688,22.279799],[-103.350093,22.307457],[-103.363756,22.314483],[-103.342955,22.335122],[-103.362553,22.336354],[-103.366683,22.351039],[-103.364717,22.369536],[-103.329287,22.384537],[-103.314585,22.404908],[-103.309176,22.392008],[-103.300502,22.39299],[-103.285231,22.414244],[-103.260246,22.411858],[-103.252186,22.398945],[-103.232121,22.393394],[-103.213413,22.410073],[-103.203927,22.40407],[-103.198771,22.380601],[-103.189363,22.390246],[-103.168578,22.385013],[-103.16859,22.354616],[-103.194085,22.331981],[-103.208233,22.333081],[-103.220622,22.280466],[-103.201916,22.280304],[-103.190574,22.298527],[-103.100988,22.293975],[-103.08296,22.277083],[-103.078274,22.257098],[-103.055455,22.247256],[-103.062069,22.228268],[-103.05477,22.213827],[-103.106059,22.191356],[-103.108798,22.144341],[-103.078751,22.137053],[-103.077025,22.125504],[-103.1017,22.101798],[-103.125585,22.104791],[-103.135093,22.090462],[-103.152784,22.087622],[-103.154285,22.072237],[-103.107909,22.063396],[-103.111486,22.014261],[-103.165657,21.996815],[-103.201662,21.998568],[-103.191812,21.97445],[-103.205568,21.965194],[-103.239971,21.976722],[-103.246818,21.975947],[-103.24475,21.966603],[-103.264715,21.971845],[-103.278561,21.98965],[-103.341351,21.940403],[-103.34408,21.913472],[-103.374798,21.913684],[-103.394339,21.896695],[-103.41387,21.905455],[-103.451328,21.85392],[-103.455357,21.832796],[-103.472357,21.836004],[-103.47053,21.81354],[-103.482508,21.813264],[-103.502817,21.833075],[-103.531425,21.817839],[-103.526058,21.805065],[-103.572627,21.80349],[-103.560763,21.780284],[-103.52789,21.772328],[-103.508474,21.739735],[-103.509844,21.713006],[-103.517853,21.711469],[-103.52671,21.675563],[-103.540796,21.665293],[-103.555492,21.634084],[-103.545222,21.587639],[-103.558892,21.576404],[-103.590497,21.589795],[-103.592918,21.559226],[-103.619005,21.556864],[-103.629794,21.573351],[-103.644878,21.576454],[-103.660037,21.564789],[-103.658316,21.555907],[-103.687054,21.556036],[-103.686285,21.535055],[-103.694487,21.528887],[-103.672578,21.505455],[-103.691779,21.495603],[-103.701465,21.466266],[-103.658743,21.463698],[-103.66079,21.441584],[-103.626525,21.434482],[-103.622905,21.413111],[-103.595312,21.390906],[-103.586394,21.392366],[-103.575884,21.436154],[-103.567722,21.439297],[-103.560407,21.430218],[-103.5387,21.444771],[-103.533589,21.420613],[-103.50392,21.376837],[-103.509964,21.354893],[-103.56763,21.352216],[-103.578452,21.330234],[-103.616945,21.35341],[-103.618719,21.344481],[-103.663615,21.338128],[-103.677404,21.319911],[-103.705085,21.325498],[-103.720839,21.307961],[-103.716211,21.267868],[-103.69751,21.282856],[-103.666681,21.290465],[-103.658194,21.280432],[-103.633993,21.282292],[-103.640196,21.222072],[-103.663352,21.224163],[-103.667324,21.216049],[-103.618634,21.188779],[-103.613608,21.156247],[-103.601982,21.151671],[-103.591682,21.128616],[-103.568959,21.116718],[-103.553696,21.116748],[-103.529787,21.134092],[-103.531465,21.141978],[-103.510964,21.146222],[-103.504052,21.127739],[-103.469256,21.143362],[-103.428582,21.146724],[-103.416266,21.137278],[-103.423227,21.125232],[-103.418281,21.11523],[-103.39608,21.098677],[-103.395963,21.080288],[-103.353103,21.04526],[-103.335004,21.042644],[-103.330317,21.054501],[-103.301886,21.054584],[-103.296558,21.064838],[-103.275731,21.051447],[-103.257202,21.070731],[-103.258235,21.083066],[-103.232586,21.079094],[-103.209602,21.094221],[-103.188447,21.085153],[-103.188367,21.07066],[-103.162882,21.072886],[-103.129305,21.053278],[-103.123323,21.066804],[-103.105035,21.062016],[-103.077363,21.072431],[-103.056475,21.09932],[-103.065207,21.10433],[-103.07579,21.096889],[-103.073651,21.109954],[-103.091735,21.115819],[-103.0985,21.128493],[-103.071376,21.152934],[-103.084306,21.194059],[-103.069244,21.209929],[-103.077528,21.21545],[-103.056985,21.246788],[-103.0655,21.255806],[-103.044892,21.262365],[-103.045884,21.249426],[-103.029766,21.251065],[-103.017014,21.241049],[-103.011179,21.25537],[-102.996904,21.259682],[-102.979049,21.239731],[-102.946294,21.234443],[-102.947811,21.214601],[-102.910652,21.205235],[-102.903029,21.235186],[-102.883657,21.241811],[-102.876574,21.236634],[-102.872861,21.255163],[-102.863655,21.252757],[-102.859397,21.270478],[-102.844829,21.277327],[-102.849731,21.29021],[-102.839739,21.301574],[-102.815159,21.294669],[-102.817601,21.318541],[-102.807734,21.322723],[-102.798499,21.306914],[-102.788916,21.329507],[-102.771818,21.316006],[-102.758756,21.320475],[-102.757765,21.339186],[-102.72796,21.357088],[-102.729128,21.387356],[-102.71171,21.375382],[-102.708051,21.371793],[-102.697618,21.343308],[-102.695055,21.340744],[-102.689146,21.342889],[-102.684371,21.343082],[-102.642595,21.367201],[-102.641995,21.376129],[-102.638241,21.393446],[-102.659669,21.410877],[-102.652131,21.412213],[-102.655007,21.44665],[-102.63613,21.462908],[-102.647883,21.462537],[-102.649067,21.474197],[-102.636668,21.477116],[-102.624842,21.501411],[-102.642167,21.518721],[-102.630734,21.533983],[-102.69641,21.54303],[-102.695101,21.572913],[-102.717105,21.571307],[-102.729508,21.593058],[-102.737405,21.58676],[-102.764741,21.596065],[-102.783615,21.646693],[-102.773405,21.658306],[-102.805283,21.671012],[-102.766492,21.686928],[-102.765969,21.68954],[-102.761472,21.692911],[-102.751854,21.708763],[-102.7453,21.720052],[-102.75823,21.728514],[-102.816916,21.766475],[-102.831262,21.797249],[-102.842251,21.804757],[-102.853345,21.799053],[-102.847315,21.833409],[-102.858051,21.833226],[-102.874177,21.852771],[-102.86338,21.863766],[-102.83825,21.939299],[-102.80105,22.003941],[-102.76099,22.046287],[-102.755806,22.073662],[-102.690865,22.106555],[-102.686121,22.137909],[-102.669416,22.15959],[-102.675895,22.175573],[-102.666718,22.180941],[-102.66931,22.194024],[-102.651596,22.19314],[-102.639299,22.226039],[-102.670017,22.245702],[-102.668743,22.291871],[-102.506631,22.293813],[-102.501265,22.30427],[-102.467244,22.312032],[-102.460662,22.323691],[-102.471188,22.336255],[-102.468642,22.351881],[-102.378443,22.360879],[-102.362877,22.388747],[-102.321365,22.388533],[-102.311805,22.456916],[-102.298307,22.45959],[-102.289931,22.419984],[-102.289116,22.419402],[-102.273981,22.414331],[-102.250299,22.387222],[-102.253201,22.374495],[-102.211987,22.372697],[-102.211979,22.362465],[-102.177375,22.36243],[-102.180722,22.350398],[-102.149847,22.347175],[-102.15323,22.29041],[-102.10525,22.280793],[-102.075627,22.306073],[-102.051214,22.291213],[-102.03727,22.298976],[-102.022495,22.241585],[-102.002475,22.241444],[-101.999716,22.233656],[-102.000993,22.168111],[-102.029467,22.168666],[-102.045221,22.153733],[-102.017075,22.153961],[-102.025915,22.129771],[-101.986028,22.120827],[-101.864275,22.041509],[-101.855192,22.046511],[-101.860533,22.03322],[-101.86167,22.028884],[-101.815673,22.019983],[-101.801436,22.030996],[-101.804263,22.025253],[-101.78443,22.024098],[-101.777633,22.007302],[-101.751004,22.014645],[-101.729975,22.002138],[-101.732321,21.995069],[-101.710658,21.973935],[-101.682914,21.962885],[-101.657102,21.939255],[-101.650696,21.907675],[-101.628945,21.910903],[-101.616712,21.929448],[-101.595849,21.909963],[-101.569806,21.917081],[-101.565964,21.842033],[-101.54823,21.834086],[-101.537012,21.810462],[-101.51782,21.814756],[-101.510542,21.799058],[-101.496331,21.80994],[-101.503515,21.830124],[-101.486091,21.841887],[-101.483196,21.867681],[-101.468084,21.870266],[-101.466458,21.880225],[-101.440675,21.892716],[-101.441803,21.909338],[-101.434596,21.897065],[-101.410228,21.908694],[-101.429173,21.934361],[-101.405161,21.948492],[-101.373366,21.990249],[-101.32651,21.999728],[-101.352439,22.013082],[-101.348572,22.028071],[-101.337765,22.025133],[-101.339235,22.014986],[-101.327208,22.021498],[-101.330901,22.035315],[-101.351675,22.043789],[-101.365692,22.018548],[-101.382755,22.020738],[-101.380691,22.028759],[-101.369738,22.027517],[-101.377078,22.044962],[-101.361012,22.041001],[-101.346587,22.04969],[-101.35424,22.071735],[-101.327745,22.144112],[-101.337693,22.143523],[-101.351306,22.17676],[-101.324253,22.209893],[-101.352854,22.229204],[-101.376804,22.261656],[-101.416259,22.267346],[-101.408999,22.280437],[-101.39815,22.281427],[-101.391435,22.299902],[-101.419732,22.315042],[-101.435125,22.341534],[-101.432972,22.363277],[-101.381911,22.357485],[-101.374786,22.456458],[-101.313726,22.45349],[-101.315383,22.469649],[-101.285726,22.507856],[-101.296324,22.535478],[-101.287519,22.559811],[-101.305709,22.60993],[-101.333874,22.642113],[-101.336937,22.658756],[-101.359376,22.653533],[-101.380018,22.675835],[-101.349234,22.711779],[-101.411077,22.747681],[-101.490965,22.742877],[-101.497004,22.701541],[-101.567398,22.656776],[-101.573821,22.612816],[-101.587732,22.626612],[-101.595287,22.624072],[-101.590083,22.589036],[-101.659906,22.50532],[-101.696018,22.520422],[-101.746175,22.508693],[-101.735361,22.480215],[-101.771535,22.488163],[-101.783361,22.465034],[-101.799276,22.470559],[-101.837141,22.499692],[-101.819892,22.551295],[-101.872958,22.563073],[-101.853284,22.656025],[-101.939756,22.645725],[-102.124897,22.782952],[-102.192132,22.864902],[-102.238082,23.047644],[-102.260051,23.045916],[-102.214155,23.13132],[-102.240974,23.16938],[-102.239458,23.209493],[-102.289369,23.231691],[-102.285825,23.27332],[-102.244672,23.276769],[-102.231597,23.315116],[-102.241069,23.314982],[-102.2547,23.280834],[-102.269534,23.279913],[-102.264579,23.290093],[-102.296038,23.320501],[-102.253611,23.364956],[-102.23815,23.446901],[-102.193615,23.447599],[-102.191342,23.401388],[-102.168615,23.398908],[-102.168799,23.361026],[-102.122532,23.35386],[-102.011944,23.372749],[-101.775122,23.447629],[-101.192505,23.918559],[-101.216746,24.159732],[-101.173232,24.164137],[-101.065402,24.207021],[-101.012689,24.390819],[-100.987327,24.432519],[-100.988235,24.409552],[-101.009868,24.385117],[-101.006675,24.335835],[-100.945286,24.281196],[-100.850383,24.343539],[-100.772747,24.426863],[-100.742324,24.460435],[-100.799934,24.556186]]]},"properties":{"name":"Zacatecas","created_at":"2013-12-01T18:59:38+0100","updated_at":"2013-12-01T18:59:38+0100","cartodb_id":9}},
{"type":"Feature","geometry":{"type":"Polygon","coordinates":[[[-103.699094,26.725256],[-103.861298,26.754095],[-103.993833,26.75361],[-103.994995,26.77754],[-104.033191,26.774391],[-104.045738,26.742977],[-104.227809,26.777154],[-104.273042,26.84228],[-104.294888,26.817751],[-104.286161,26.815205],[-104.315307,26.79907],[-104.305315,26.792892],[-104.301762,26.771949],[-104.31728,26.760737],[-104.29976,26.751946],[-104.286543,26.725403],[-104.306795,26.707168],[-104.330387,26.656533],[-104.375423,26.640716],[-104.434775,26.604521],[-104.468555,26.520341],[-104.502829,26.465846],[-104.495402,26.433419],[-104.500974,26.414757],[-104.574451,26.340468],[-104.593856,26.38044],[-104.620089,26.368843],[-104.654075,26.391053],[-104.677293,26.429333],[-104.727036,26.477965],[-104.747842,26.492447],[-104.760956,26.485819],[-104.809274,26.508497],[-104.856583,26.502869],[-104.8989,26.510018],[-104.93673,26.483712],[-104.944377,26.468345],[-104.963215,26.473391],[-104.969592,26.465952],[-104.956239,26.462845],[-104.963104,26.449184],[-105.000389,26.454951],[-105.052578,26.429765],[-105.056634,26.419301],[-105.10155,26.521406],[-105.264683,26.462073],[-105.279082,26.487475],[-105.289934,26.488111],[-105.316752,26.462287],[-105.352765,26.478876],[-105.354524,26.492617],[-105.342706,26.504516],[-105.368625,26.534269],[-105.403428,26.517525],[-105.470142,26.527898],[-105.471514,26.508702],[-105.495629,26.525631],[-105.496085,26.542852],[-105.549003,26.546579],[-105.619487,26.683509],[-105.60101,26.614849],[-105.640893,26.619996],[-105.637203,26.609142],[-105.645533,26.61661],[-105.674883,26.61767],[-105.670948,26.635226],[-105.68988,26.657189],[-105.704799,26.652908],[-105.728908,26.697896],[-105.734964,26.68482],[-105.746342,26.713869],[-105.794261,26.698767],[-105.775809,26.660933],[-105.865437,26.747376],[-105.874542,26.738576],[-105.894102,26.741009],[-105.898337,26.763854],[-105.908606,26.752838],[-105.928107,26.765932],[-105.939194,26.763216],[-106.047339,26.844876],[-106.065048,26.827633],[-106.100643,26.759333],[-106.125262,26.77941],[-106.177626,26.772337],[-106.170434,26.750126],[-106.178729,26.744436],[-106.176581,26.727722],[-106.141444,26.720787],[-106.130674,26.702203],[-106.147463,26.709238],[-106.172662,26.705167],[-106.189675,26.695139],[-106.187989,26.674476],[-106.197128,26.683779],[-106.198347,26.676009],[-106.207923,26.678065],[-106.226735,26.614956],[-106.23654,26.612167],[-106.232961,26.55956],[-106.239527,26.562437],[-106.241217,26.54499],[-106.280135,26.532067],[-106.269571,26.527169],[-106.280666,26.511754],[-106.253881,26.507356],[-106.24203,26.466824],[-106.265221,26.42414],[-106.264374,26.406116],[-106.297598,26.396455],[-106.302177,26.363876],[-106.275458,26.367415],[-106.287041,26.335082],[-106.312258,26.348754],[-106.432776,26.204013],[-106.415615,26.1394],[-106.458644,26.112161],[-106.454407,26.09526],[-106.471229,26.060523],[-106.454098,26.046357],[-106.453397,26.027841],[-106.470407,26.005426],[-106.444713,26.005088],[-106.455815,25.972579],[-106.491665,25.968053],[-106.501473,25.954956],[-106.533715,25.945762],[-106.547306,25.952422],[-106.56013,25.912707],[-106.555968,25.691707],[-106.464042,25.74171],[-106.463618,25.729044],[-106.508832,25.707508],[-106.536441,25.675963],[-106.591824,25.647392],[-106.629256,25.603792],[-106.630848,25.5858],[-106.655595,25.575166],[-106.652826,25.558844],[-106.67142,25.567422],[-106.680245,25.589323],[-106.70797,25.602451],[-106.681969,25.579168],[-106.698846,25.580839],[-106.705758,25.59735],[-106.702549,25.581206],[-106.744796,25.585163],[-106.873756,25.571865],[-106.893784,25.644291],[-106.994325,25.662233],[-106.97329,25.62957],[-107.124565,25.550414],[-107.138264,25.552198],[-107.138749,25.560095],[-107.173879,25.556553],[-107.169506,25.532468],[-107.178117,25.515176],[-107.16629,25.502995],[-107.147684,25.505027],[-107.139295,25.489565],[-107.151117,25.476698],[-107.158691,25.441992],[-107.184874,25.436816],[-107.210132,25.417101],[-107.171551,25.326358],[-107.207817,25.331564],[-107.157203,25.261765],[-107.121057,25.243111],[-107.132021,25.226712],[-107.148775,25.224548],[-107.124919,25.18664],[-107.129892,25.053139],[-107.063571,25.025255],[-107.06042,25.002427],[-107.018344,24.933617],[-107.025147,24.928381],[-107.021053,24.909908],[-107.000575,24.928241],[-106.934508,24.880536],[-106.92708,24.866624],[-106.951418,24.859024],[-106.930663,24.820917],[-106.919277,24.813953],[-106.902949,24.828388],[-106.865853,24.822955],[-106.705948,24.665262],[-106.683609,24.59853],[-106.645461,24.528979],[-106.622607,24.524897],[-106.630067,24.506503],[-106.609995,24.497851],[-106.600362,24.483211],[-106.593653,24.495059],[-106.560016,24.472711],[-106.569276,24.437021],[-106.601588,24.414566],[-106.583466,24.39027],[-106.585959,24.379],[-106.517094,24.286984],[-106.509097,24.291139],[-106.469655,24.277857],[-106.367545,24.301941],[-106.33633,24.355695],[-106.268869,24.374755],[-106.194406,24.351785],[-106.169975,24.33365],[-106.15254,24.33877],[-106.075843,24.271389],[-106.069948,24.220201],[-106.043884,24.22085],[-106.028557,24.180332],[-106.003211,24.146841],[-106.004046,24.120533],[-105.989724,24.11439],[-106.007883,24.072507],[-105.99872,24.043383],[-105.979506,24.041962],[-105.959811,24.017403],[-105.912136,23.997534],[-105.908462,23.983427],[-105.945415,23.948026],[-105.899919,23.943921],[-105.881554,23.93282],[-105.857588,23.899296],[-105.867241,23.875243],[-105.953662,23.908585],[-105.961266,23.840742],[-105.93933,23.79143],[-105.932175,23.794696],[-105.928785,23.786582],[-105.923063,23.747754],[-105.906093,23.739399],[-105.926634,23.684136],[-105.908905,23.58827],[-105.892655,23.552645],[-105.884318,23.590394],[-105.853596,23.597288],[-105.845186,23.583695],[-105.845516,23.603256],[-105.811644,23.611029],[-105.806647,23.588873],[-105.769302,23.556465],[-105.756867,23.524897],[-105.760339,23.502959],[-105.723445,23.47484],[-105.738865,23.445206],[-105.728403,23.439588],[-105.728331,23.428984],[-105.700289,23.420171],[-105.722419,23.386036],[-105.717332,23.378595],[-105.73069,23.374897],[-105.712245,23.364281],[-105.715156,23.350218],[-105.694005,23.340569],[-105.702179,23.332651],[-105.692331,23.310975],[-105.699471,23.307719],[-105.68738,23.307144],[-105.693972,23.301312],[-105.687084,23.28752],[-105.672646,23.281637],[-105.663708,23.28742],[-105.643208,23.276479],[-105.646843,23.253366],[-105.642344,23.238076],[-105.630317,23.235581],[-105.635744,23.214747],[-105.629713,23.202295],[-105.640718,23.185451],[-105.633039,23.173449],[-105.636876,23.155916],[-105.646179,23.148891],[-105.62397,23.122388],[-105.60696,23.121789],[-105.597641,23.10915],[-105.569343,23.110058],[-105.554309,23.098887],[-105.504034,23.127729],[-105.455319,23.117336],[-105.424427,23.120292],[-105.398796,23.102211],[-105.399255,23.092587],[-105.399016,23.091814],[-105.392245,23.084082],[-105.380819,23.082036],[-105.37977,23.080575],[-105.358316,23.073923],[-105.350471,23.060575],[-105.358779,23.046258],[-105.350796,23.035634],[-105.353857,23.019785],[-105.333705,22.994682],[-105.343049,22.968159],[-105.330849,22.963173],[-105.334142,22.953409],[-105.32357,22.94133],[-105.297699,22.954162],[-105.076016,22.959639],[-105.003139,22.976983],[-105.008341,22.968459],[-104.996893,22.952002],[-105.010039,22.922363],[-105.000054,22.908897],[-105.005069,22.903552],[-104.987796,22.888252],[-104.988405,22.836049],[-104.958967,22.813605],[-104.951721,22.82183],[-104.940505,22.816163],[-104.934226,22.827311],[-104.918389,22.819781],[-104.905576,22.799578],[-104.913375,22.790486],[-104.915637,22.748538],[-104.89272,22.737409],[-105.057303,22.688094],[-105.068423,22.678414],[-105.072369,22.656499],[-105.007553,22.585672],[-104.987913,22.498727],[-104.960525,22.505311],[-104.862493,22.60707],[-104.858397,22.648327],[-104.840116,22.651139],[-104.814678,22.634249],[-104.804256,22.648744],[-104.779405,22.643177],[-104.774545,22.586966],[-104.775089,22.583975],[-104.737053,22.558096],[-104.719797,22.569045],[-104.708737,22.554624],[-104.669998,22.565262],[-104.655755,22.54007],[-104.655292,22.462155],[-104.602561,22.460508],[-104.605438,22.445458],[-104.593085,22.412697],[-104.590529,22.411957],[-104.583325,22.405024],[-104.582321,22.401499],[-104.582074,22.400448],[-104.580954,22.39932],[-104.577099,22.396786],[-104.574589,22.39476],[-104.573838,22.394885],[-104.570098,22.394088],[-104.551253,22.388867],[-104.535911,22.364803],[-104.518659,22.360604],[-104.506114,22.345096],[-104.48121,22.351617],[-104.49499,22.360532],[-104.48786,22.368905],[-104.49539,22.376324],[-104.371512,22.421659],[-104.348843,22.409717],[-104.330603,22.43223],[-104.320188,22.430094],[-104.296126,22.472989],[-104.325824,22.537397],[-104.314089,22.540727],[-104.305689,22.557889],[-104.28885,22.552965],[-104.278173,22.583071],[-104.261407,22.586203],[-104.260535,22.596167],[-104.283288,22.621703],[-104.269275,22.635821],[-104.289966,22.64561],[-104.280732,22.653388],[-104.288327,22.663526],[-104.274863,22.68202],[-104.27763,22.702407],[-104.262708,22.717643],[-104.266344,22.736539],[-104.232075,22.753104],[-104.221039,22.77942],[-104.199614,22.776478],[-104.182181,22.758268],[-104.139258,22.768421],[-104.119381,22.762256],[-104.107203,22.768601],[-104.095285,22.759244],[-104.080475,22.766617],[-104.100224,22.794825],[-104.095227,22.805839],[-104.111485,22.810311],[-104.104308,22.833601],[-104.116828,22.850952],[-104.106304,22.856888],[-104.107505,22.884796],[-104.117739,22.897707],[-104.112644,22.905118],[-104.132994,22.904959],[-104.135955,22.918116],[-104.151122,22.922137],[-104.154096,22.937838],[-104.166593,22.945221],[-104.162847,22.975302],[-104.173614,22.982445],[-104.172132,23.128408],[-104.129023,23.182214],[-104.111215,23.351205],[-104.065977,23.463493],[-103.925313,23.556983],[-103.916271,23.565725],[-103.921469,23.589175],[-103.912277,23.588122],[-103.911934,23.576083],[-103.890087,23.579828],[-103.906867,23.601871],[-103.882522,23.592271],[-103.877429,23.62897],[-103.849179,23.640082],[-103.811302,23.613649],[-103.793542,23.630855],[-103.785104,23.676565],[-103.851081,23.679599],[-103.841015,23.701243],[-103.862362,23.752638],[-103.820273,23.79188],[-103.816067,23.80765],[-103.853112,23.874616],[-103.830796,23.907799],[-103.81836,23.964909],[-103.838799,23.964824],[-103.850276,23.988837],[-103.872387,24.007022],[-103.847826,24.003236],[-103.843129,24.026967],[-103.813274,24.021974],[-103.79977,24.050564],[-103.660362,24.149326],[-103.63597,24.110293],[-103.622007,24.117465],[-103.605766,24.151154],[-103.559536,24.193789],[-103.565523,24.211407],[-103.556493,24.242004],[-103.56835,24.286371],[-103.531243,24.293909],[-103.506755,24.287964],[-103.504547,24.295769],[-103.485002,24.30093],[-103.484063,24.318341],[-103.462697,24.320469],[-103.44834,24.3326],[-103.430523,24.360146],[-103.430237,24.408909],[-103.419332,24.430488],[-103.394056,24.432099],[-103.386205,24.422965],[-103.323929,24.426506],[-103.31025,24.435658],[-103.282645,24.428837],[-103.253532,24.447254],[-103.222834,24.417103],[-103.202092,24.424469],[-103.181953,24.419897],[-103.165259,24.435198],[-103.131709,24.424677],[-103.098527,24.401627],[-103.087515,24.436027],[-103.075081,24.422625],[-103.04315,24.466501],[-102.983573,24.433257],[-102.96744,24.457704],[-102.900107,24.4285],[-102.891891,24.461118],[-102.860621,24.434492],[-102.865013,24.430312],[-102.831736,24.384692],[-102.788852,24.406248],[-102.756654,24.376983],[-102.699904,24.373972],[-102.618564,24.396378],[-102.606593,24.411169],[-102.533931,24.407722],[-102.520146,24.423932],[-102.479718,24.428558],[-102.473127,24.445215],[-102.486996,24.444228],[-102.479807,24.490448],[-102.512182,24.709721],[-102.565373,24.866355],[-102.566236,24.902221],[-102.673062,24.942752],[-102.672984,24.978818],[-102.642956,24.978648],[-102.628885,25.008322],[-102.669694,25.066636],[-102.853131,24.772001],[-102.856403,24.739774],[-102.864334,24.741659],[-102.870554,24.742594],[-102.875129,24.74887],[-102.880699,24.750277],[-102.882619,24.750246],[-102.885614,24.754112],[-102.89342,24.764295],[-102.898858,24.765782],[-102.918637,24.773832],[-102.923042,24.775962],[-102.932608,24.77804],[-102.947475,24.779366],[-102.951047,24.781003],[-102.97355,24.79241],[-102.974794,24.793164],[-102.975215,24.799464],[-103.006313,24.793543],[-103.032497,24.809948],[-103.03499,24.810931],[-103.051387,24.809772],[-103.058193,24.81314],[-103.07369,24.819186],[-103.082622,24.820021],[-103.089123,24.821194],[-103.259146,24.964659],[-103.245364,24.982463],[-103.246563,24.996027],[-103.27047,25.01566],[-103.267489,25.028044],[-103.278015,25.034614],[-103.26218,25.058549],[-103.337226,25.099127],[-103.342662,25.110329],[-103.359539,25.110029],[-103.402858,25.182349],[-103.425796,25.201539],[-103.438682,25.201959],[-103.450214,25.228615],[-103.473184,25.250108],[-103.49672,25.255749],[-103.505269,25.276226],[-103.51071,25.279126],[-103.510937,25.279817],[-103.509947,25.281575],[-103.507944,25.283091],[-103.507656,25.285501],[-103.47925,25.323925],[-103.486483,25.332862],[-103.466217,25.352348],[-103.462059,25.376311],[-103.406699,25.398901],[-103.365519,25.393156],[-103.351228,25.372977],[-103.336916,25.371231],[-103.341368,25.410142],[-103.369062,25.416461],[-103.494414,25.537732],[-103.454654,25.557929],[-103.450991,25.578934],[-103.435367,25.582778],[-103.438406,25.596643],[-103.416025,25.614422],[-103.42477,25.62368],[-103.403276,25.628128],[-103.406003,25.645027],[-103.381422,25.640342],[-103.383041,25.655317],[-103.349214,25.693444],[-103.354991,25.69986],[-103.339437,25.707605],[-103.352836,25.716553],[-103.333705,25.738736],[-103.318588,25.812701],[-103.34636,25.860304],[-103.350488,26.14239],[-103.260825,26.284727],[-103.316793,26.361776],[-103.374183,26.602355],[-103.643891,26.690158],[-103.658256,26.719484],[-103.699094,26.725256]]]},"properties":{"name":"Durango","created_at":"2013-12-01T18:59:38+0100","updated_at":"2013-12-01T18:59:38+0100","cartodb_id":10}},
{"type":"Feature","geometry":{"type":"Polygon","coordinates":[[[-103.30764,29.003286],[-103.315981,29.010847],[-103.30789,29.024966],[-103.326364,29.016221],[-103.339981,29.021765],[-103.341996,29.028381],[-103.327793,29.032603],[-103.330576,29.04315],[-103.345911,29.046712],[-103.358025,29.01899],[-103.386327,29.022092],[-103.390929,29.034644],[-103.401649,29.031287],[-103.404995,29.039507],[-103.432817,29.043632],[-103.450013,29.07267],[-103.471693,29.066792],[-103.470708,29.085124],[-103.494349,29.108472],[-103.504711,29.107926],[-103.501821,29.117905],[-103.524854,29.121334],[-103.524774,29.137272],[-103.550206,29.143856],[-103.554072,29.158516],[-103.585018,29.149669],[-103.612214,29.165299],[-103.650146,29.156694],[-103.659227,29.17059],[-103.703659,29.184872],[-103.718278,29.181148],[-103.739773,29.205405],[-103.742647,29.222297],[-103.755876,29.220045],[-103.76038,29.233457],[-103.777303,29.221934],[-103.783325,29.265519],[-103.800777,29.2593],[-103.814038,29.274515],[-103.826717,29.269771],[-103.844397,29.280005],[-103.8794,29.285514],[-103.889476,29.279416],[-103.899535,29.287733],[-103.917991,29.28494],[-103.92574,29.294325],[-103.976199,29.296729],[-104.037894,29.319905],[-104.083079,29.346583],[-104.107813,29.373575],[-104.11951,29.37073],[-104.124216,29.381198],[-104.142992,29.380579],[-104.153383,29.39326],[-104.167929,29.395515],[-104.182212,29.427218],[-104.217507,29.456119],[-104.212882,29.485089],[-104.23075,29.479118],[-104.236821,29.497146],[-104.263644,29.514158],[-104.311094,29.523633],[-104.313408,29.531759],[-104.335383,29.519796],[-104.353137,29.528669],[-104.356154,29.541195],[-104.360223,29.535863],[-104.384923,29.542991],[-104.398982,29.573004],[-104.466663,29.609696],[-104.476351,29.62833],[-104.498074,29.639609],[-104.508334,29.632651],[-104.52617,29.667978],[-104.536175,29.667252],[-104.54416,29.680704],[-104.530843,29.690498],[-104.545732,29.699121],[-104.549503,29.731033],[-104.560438,29.736079],[-104.549715,29.7414],[-104.56971,29.752467],[-104.565347,29.770135],[-104.589797,29.796061],[-104.591154,29.809458],[-104.620359,29.830962],[-104.609403,29.839437],[-104.615659,29.846435],[-104.623715,29.842438],[-104.632934,29.870007],[-104.658026,29.890466],[-104.655659,29.905997],[-104.665531,29.901612],[-104.68295,29.929175],[-104.673476,29.956011],[-104.685006,29.956601],[-104.68103,29.977594],[-104.693487,29.975833],[-104.685613,29.990256],[-104.694927,29.992558],[-104.687191,29.996139],[-104.689843,30.014956],[-104.703299,30.022657],[-104.695101,30.037821],[-104.706593,30.050576],[-104.685086,30.085397],[-104.69645,30.134675],[-104.685371,30.144271],[-104.686257,30.17292],[-104.711029,30.2232],[-104.706195,30.234131],[-104.733328,30.261123],[-104.75024,30.261693],[-104.748086,30.274196],[-104.763187,30.274583],[-104.76533,30.306117],[-104.779038,30.303313],[-104.791804,30.325831],[-104.811282,30.332653],[-104.822133,30.349938],[-104.811099,30.361659],[-104.816567,30.375117],[-104.837281,30.373874],[-104.859162,30.390401],[-104.847836,30.42068],[-104.861476,30.426441],[-104.858293,30.437354],[-104.868243,30.442027],[-104.866487,30.494033],[-104.8739,30.495407],[-104.873294,30.513597],[-104.885684,30.518076],[-104.880292,30.529846],[-104.899158,30.57051],[-104.919815,30.586883],[-104.922361,30.603532],[-104.930506,30.598453],[-104.935702,30.606113],[-104.971677,30.610004],[-104.985394,30.661763],[-105.006903,30.68578],[-105.027245,30.678851],[-105.039545,30.688529],[-105.046899,30.679867],[-105.061937,30.685822],[-105.062694,30.698177],[-105.082583,30.701389],[-105.118588,30.749595],[-105.161689,30.752417],[-105.156237,30.769445],[-105.165915,30.779539],[-105.17555,30.76758],[-105.19556,30.792254],[-105.21682,30.783543],[-105.215552,30.805899],[-105.256365,30.794423],[-105.291162,30.825828],[-105.300977,30.823951],[-105.306159,30.809752],[-105.30976,30.816935],[-105.316508,30.810879],[-105.318634,30.828303],[-105.329582,30.825501],[-105.339104,30.840256],[-105.351942,30.835578],[-105.361859,30.850608],[-105.401186,30.853188],[-105.391663,30.874232],[-105.404471,30.88015],[-105.400095,30.889383],[-105.412372,30.888871],[-105.416207,30.900285],[-105.45318,30.916155],[-105.451861,30.924409],[-105.467193,30.924791],[-105.491525,30.942303],[-105.502849,30.96801],[-105.516331,30.965464],[-105.532956,30.984638],[-105.557586,30.99005],[-105.604142,31.083268],[-105.642331,31.098498],[-105.648283,31.115391],[-105.709324,31.13629],[-105.741899,31.164708],[-105.772577,31.166208],[-105.783275,31.198151],[-105.870331,31.289716],[-105.89329,31.290384],[-105.907739,31.312369],[-105.937828,31.31824],[-105.953511,31.364094],[-105.971453,31.36661],[-106.004782,31.392655],[-106.080197,31.398603],[-106.108316,31.422626],[-106.132418,31.425183],[-106.17458,31.455243],[-106.208131,31.467582],[-106.247189,31.542806],[-106.280406,31.562292],[-106.303166,31.622315],[-106.350212,31.697495],[-106.372068,31.712597],[-106.381268,31.732335],[-106.4168,31.751557],[-106.452051,31.764623],[-106.487546,31.747717],[-106.528523,31.783817],[-108.208373,31.783754],[-108.208473,31.333363],[-108.755916,31.332419],[-108.817231,31.239006],[-108.879812,31.238786],[-108.906647,31.208051],[-108.900332,31.202452],[-108.860687,31.218927],[-108.848332,31.195108],[-108.805025,31.192956],[-108.835012,31.169335],[-108.84564,31.135576],[-108.769997,31.102472],[-108.766157,31.073628],[-108.729899,31.052154],[-108.752466,31.033848],[-108.684387,31.03374],[-108.683807,31.005973],[-108.803255,31.004829],[-108.802393,30.904101],[-108.939243,30.907565],[-108.929849,30.861021],[-108.935457,30.773631],[-108.948302,30.736911],[-108.918968,30.739354],[-108.886919,30.719287],[-108.866925,30.689387],[-108.876465,30.624574],[-108.830647,30.601733],[-108.76202,30.587272],[-108.756542,30.596076],[-108.726666,30.594548],[-108.727439,30.580477],[-108.687398,30.554765],[-108.677792,30.557073],[-108.67409,30.532291],[-108.661973,30.521942],[-108.657117,30.470317],[-108.664772,30.468152],[-108.603843,30.465113],[-108.613559,30.435716],[-108.648652,30.416865],[-108.61984,30.374796],[-108.622056,30.340318],[-108.580006,30.337482],[-108.542199,30.283512],[-108.550547,30.266642],[-108.620218,30.29823],[-108.611656,30.102349],[-108.618223,30.089453],[-108.606922,30.028618],[-108.6155,29.965872],[-108.628709,29.953034],[-108.614863,29.895125],[-108.621691,29.878209],[-108.607199,29.84714],[-108.635718,29.829684],[-108.629444,29.806274],[-108.61856,29.800466],[-108.541259,29.796138],[-108.534964,29.751365],[-108.540776,29.736228],[-108.592751,29.728391],[-108.592534,29.717646],[-108.659099,29.716127],[-108.61828,29.660525],[-108.654988,29.649433],[-108.641137,29.588886],[-108.659505,29.584041],[-108.638324,29.558319],[-108.662309,29.544482],[-108.648713,29.509101],[-108.625155,29.501031],[-108.643986,29.48884],[-108.689606,29.484],[-108.694332,29.467114],[-108.717754,29.465954],[-108.669733,29.307417],[-108.682209,29.26743],[-108.730302,29.269094],[-108.761888,29.253884],[-108.741245,29.240427],[-108.735408,29.217713],[-108.73983,29.20082],[-108.753869,29.200098],[-108.745297,29.162343],[-108.728854,29.171801],[-108.698528,29.12774],[-108.72959,29.096533],[-108.727471,29.085761],[-108.709438,29.083003],[-108.713107,29.070367],[-108.724353,29.069897],[-108.698145,28.936266],[-108.709798,28.889515],[-108.678176,28.863276],[-108.65785,28.809224],[-108.623817,28.806123],[-108.636328,28.791883],[-108.645557,28.794727],[-108.643294,28.765068],[-108.583785,28.740139],[-108.580151,28.632446],[-108.564396,28.61271],[-108.561362,28.591174],[-108.531287,28.556669],[-108.523287,28.50591],[-108.507672,28.508216],[-108.504795,28.493357],[-108.520389,28.459759],[-108.504141,28.454439],[-108.515541,28.426284],[-108.479701,28.369551],[-108.501365,28.355729],[-108.521651,28.365061],[-108.519638,28.334762],[-108.550928,28.318055],[-108.603507,28.347562],[-108.611167,28.335257],[-108.636181,28.335228],[-108.641293,28.291609],[-108.655832,28.301807],[-108.661934,28.295475],[-108.687225,28.303462],[-108.750984,28.271569],[-108.796685,28.267163],[-108.791663,28.253617],[-108.830423,28.265049],[-108.856089,28.251538],[-108.880663,28.264726],[-108.922014,28.251492],[-108.928816,28.259556],[-108.967261,28.265],[-108.993974,28.29796],[-108.987055,28.277833],[-108.997444,28.255055],[-109.022777,28.277532],[-109.040682,28.26699],[-109.045765,28.281162],[-109.051883,28.276425],[-109.068696,28.286139],[-109.058436,28.267269],[-109.074886,28.272609],[-109.06199,28.199202],[-109.072894,28.148572],[-109.048948,28.09265],[-109.0319,28.018288],[-108.991685,27.979981],[-108.963705,27.972524],[-108.926511,27.940594],[-108.914868,27.854005],[-108.86914,27.839286],[-108.886082,27.81367],[-108.910464,27.809136],[-108.920294,27.783973],[-108.895516,27.744807],[-108.832964,27.74435],[-108.817004,27.732166],[-108.807384,27.737991],[-108.799276,27.723028],[-108.784495,27.730465],[-108.784447,27.714907],[-108.766025,27.705834],[-108.772787,27.696501],[-108.749314,27.664731],[-108.754199,27.636733],[-108.739852,27.599955],[-108.722958,27.588148],[-108.712808,27.566246],[-108.655277,27.543797],[-108.653023,27.469032],[-108.661648,27.464744],[-108.633418,27.428136],[-108.629125,27.382921],[-108.591045,27.31808],[-108.664375,27.239396],[-108.647519,27.186701],[-108.653584,27.176858],[-108.64432,27.178811],[-108.611427,27.154145],[-108.596956,27.0769],[-108.606189,27.063585],[-108.602276,27.036943],[-108.562535,27.046019],[-108.572247,27.012656],[-108.551763,26.997145],[-108.507612,26.989224],[-108.502486,26.987357],[-108.504486,27.002338],[-108.505925,27.002624],[-108.505983,27.003494],[-108.505247,27.003781],[-108.5046,27.004561],[-108.484172,27.017439],[-108.491735,27.03138],[-108.476284,27.039955],[-108.471939,27.030599],[-108.464309,27.0401],[-108.454791,27.027036],[-108.443102,27.029498],[-108.40964,27.013405],[-108.35011,27.022554],[-108.333326,27.004596],[-108.322026,27.008937],[-108.325981,27.020493],[-108.316558,27.034488],[-108.303388,27.03662],[-108.288914,27.02658],[-108.28601,27.012471],[-108.250448,27.041031],[-108.225854,27.027221],[-108.201872,27.030856],[-108.200643,27.032047],[-108.181524,26.99411],[-108.235016,26.95862],[-108.225021,26.922877],[-108.230237,26.905725],[-108.209717,26.885438],[-108.20278,26.890619],[-108.20739,26.906],[-108.183916,26.899738],[-108.174549,26.881465],[-108.168558,26.895071],[-108.155913,26.895217],[-108.143102,26.907884],[-108.144247,26.867649],[-108.094107,26.870464],[-108.026821,26.798466],[-108.037649,26.769781],[-108.014264,26.773153],[-108.005701,26.761049],[-108.019231,26.730667],[-108.006779,26.715488],[-108.011747,26.689482],[-108.031724,26.667981],[-108.081603,26.641994],[-108.074558,26.627994],[-108.051582,26.629836],[-108.03181,26.615924],[-108.032514,26.603182],[-108.012175,26.591396],[-107.989745,26.54804],[-107.961017,26.526955],[-107.957265,26.493744],[-107.985623,26.4721],[-107.969639,26.470168],[-108.012797,26.439048],[-107.856265,26.226035],[-107.854019,26.196519],[-107.83995,26.182938],[-107.822755,26.187629],[-107.788924,26.168614],[-107.78069,26.136938],[-107.755172,26.134512],[-107.738716,26.16724],[-107.717432,26.164742],[-107.711076,26.174413],[-107.63575,26.154578],[-107.582027,26.17064],[-107.543277,26.146349],[-107.54368,26.13732],[-107.526267,26.127748],[-107.52002,26.104227],[-107.506115,26.115787],[-107.492171,26.111463],[-107.460003,26.138315],[-107.431043,26.14286],[-107.346528,26.109523],[-107.30489,26.076402],[-107.306692,26.048784],[-107.276346,26.001977],[-107.280037,25.958096],[-107.296128,25.924793],[-107.242471,25.89237],[-107.24651,25.877774],[-107.206949,25.863919],[-107.208866,25.856313],[-107.057905,25.757368],[-107.064224,25.719074],[-107.048079,25.710827],[-107.043127,25.697699],[-107.01068,25.691459],[-106.990299,25.714924],[-106.965323,25.697879],[-106.96694,25.668331],[-106.994325,25.662233],[-106.893784,25.644291],[-106.873756,25.571865],[-106.744796,25.585163],[-106.702549,25.581206],[-106.705758,25.59735],[-106.698846,25.580839],[-106.681969,25.579168],[-106.70797,25.602451],[-106.680245,25.589323],[-106.67142,25.567422],[-106.652826,25.558844],[-106.655595,25.575166],[-106.630848,25.5858],[-106.629256,25.603792],[-106.591824,25.647392],[-106.536441,25.675963],[-106.508832,25.707508],[-106.463618,25.729044],[-106.464042,25.74171],[-106.555968,25.691707],[-106.56013,25.912707],[-106.547306,25.952422],[-106.533715,25.945762],[-106.501473,25.954956],[-106.491665,25.968053],[-106.455815,25.972579],[-106.444713,26.005088],[-106.470407,26.005426],[-106.453397,26.027841],[-106.454098,26.046357],[-106.471229,26.060523],[-106.454407,26.09526],[-106.458644,26.112161],[-106.415615,26.1394],[-106.432776,26.204013],[-106.312258,26.348754],[-106.287041,26.335082],[-106.275458,26.367415],[-106.302177,26.363876],[-106.297598,26.396455],[-106.264374,26.406116],[-106.265221,26.42414],[-106.24203,26.466824],[-106.253881,26.507356],[-106.280666,26.511754],[-106.269571,26.527169],[-106.280135,26.532067],[-106.241217,26.54499],[-106.239527,26.562437],[-106.232961,26.55956],[-106.23654,26.612167],[-106.226735,26.614956],[-106.207923,26.678065],[-106.198347,26.676009],[-106.197128,26.683779],[-106.187989,26.674476],[-106.189675,26.695139],[-106.172662,26.705167],[-106.147463,26.709238],[-106.130674,26.702203],[-106.141444,26.720787],[-106.176581,26.727722],[-106.178729,26.744436],[-106.170434,26.750126],[-106.177626,26.772337],[-106.125262,26.77941],[-106.100643,26.759333],[-106.065048,26.827633],[-106.047339,26.844876],[-105.939194,26.763216],[-105.928107,26.765932],[-105.908606,26.752838],[-105.898337,26.763854],[-105.894102,26.741009],[-105.874542,26.738576],[-105.865437,26.747376],[-105.775809,26.660933],[-105.794261,26.698767],[-105.746342,26.713869],[-105.734964,26.68482],[-105.728908,26.697896],[-105.704799,26.652908],[-105.68988,26.657189],[-105.670948,26.635226],[-105.674883,26.61767],[-105.645533,26.61661],[-105.637203,26.609142],[-105.640893,26.619996],[-105.60101,26.614849],[-105.619487,26.683509],[-105.549003,26.546579],[-105.496085,26.542852],[-105.495629,26.525631],[-105.471514,26.508702],[-105.470142,26.527898],[-105.403428,26.517525],[-105.368625,26.534269],[-105.342706,26.504516],[-105.354524,26.492617],[-105.352765,26.478876],[-105.316752,26.462287],[-105.289934,26.488111],[-105.279082,26.487475],[-105.264683,26.462073],[-105.10155,26.521406],[-105.056634,26.419301],[-105.052578,26.429765],[-105.000389,26.454951],[-104.963104,26.449184],[-104.956239,26.462845],[-104.969592,26.465952],[-104.963215,26.473391],[-104.944377,26.468345],[-104.93673,26.483712],[-104.8989,26.510018],[-104.856583,26.502869],[-104.809274,26.508497],[-104.760956,26.485819],[-104.747842,26.492447],[-104.727036,26.477965],[-104.677293,26.429333],[-104.654075,26.391053],[-104.620089,26.368843],[-104.593856,26.38044],[-104.574451,26.340468],[-104.500974,26.414757],[-104.495402,26.433419],[-104.502829,26.465846],[-104.468555,26.520341],[-104.434775,26.604521],[-104.375423,26.640716],[-104.330387,26.656533],[-104.306795,26.707168],[-104.286543,26.725403],[-104.29976,26.751946],[-104.31728,26.760737],[-104.301762,26.771949],[-104.305315,26.792892],[-104.315307,26.79907],[-104.286161,26.815205],[-104.294888,26.817751],[-104.273042,26.84228],[-104.227809,26.777154],[-104.045738,26.742977],[-104.033191,26.774391],[-103.994995,26.77754],[-103.993833,26.75361],[-103.861298,26.754095],[-103.699094,26.725256],[-103.715249,26.735077],[-103.753968,26.829573],[-103.779605,26.836126],[-103.851701,26.896134],[-103.835919,26.935813],[-103.852089,26.934619],[-103.784629,26.980699],[-103.779948,27.008886],[-103.740834,27.022522],[-103.752461,27.07792],[-103.78347,27.091206],[-103.799398,27.12473],[-103.798427,27.213476],[-103.809395,27.249203],[-103.819763,27.242957],[-103.832123,27.298293],[-103.876876,27.311592],[-103.858505,27.439891],[-103.854601,27.549433],[-103.868838,27.607137],[-103.883556,27.600772],[-103.897263,27.656549],[-103.883245,27.657592],[-103.895533,27.674021],[-103.889505,27.713217],[-103.896692,27.740557],[-103.881145,27.739186],[-103.93565,27.797553],[-103.900844,27.826857],[-103.943907,27.826871],[-103.960002,27.835309],[-103.945783,27.856388],[-103.943331,27.888843],[-103.954973,27.950821],[-103.935643,27.945342],[-103.941868,27.927796],[-103.892886,27.914023],[-103.877716,27.95749],[-103.926692,27.971357],[-103.860941,28.109022],[-103.8675,28.112136],[-103.643011,28.512462],[-103.647944,28.532983],[-103.624568,28.581147],[-103.601008,28.574907],[-103.591916,28.590834],[-103.616046,28.598195],[-103.596374,28.639475],[-103.582001,28.628794],[-103.572659,28.640639],[-103.557295,28.611281],[-103.519762,28.668745],[-103.514512,28.664998],[-103.431663,28.81318],[-103.410015,28.840922],[-103.404586,28.829552],[-103.396347,28.833529],[-103.40365,28.869254],[-103.357701,28.920251],[-103.30764,29.003286]]]},"properties":{"name":"Chihuahua","created_at":"2013-12-01T18:59:38+0100","updated_at":"2013-12-01T18:59:38+0100","cartodb_id":11}},
{"type":"Feature","geometry":{"type":"MultiPolygon","coordinates":[[[[-104.690227,19.176545],[-104.604009,19.150866],[-104.489382,19.124553],[-104.451472,19.108484],[-104.441718,19.083257],[-104.438471,19.098574],[-104.427768,19.092129],[-104.411235,19.106547],[-104.395453,19.085122],[-104.393943,19.114613],[-104.355409,19.115384],[-104.354155,19.091038],[-104.345205,19.10341],[-104.33384,19.102239],[-104.303843,19.071527],[-104.305725,19.056895],[-104.31776,19.054687],[-104.314664,19.061171],[-104.330074,19.05116],[-104.332064,19.017622],[-104.299928,19.014123],[-104.160814,18.962684],[-103.983185,18.872582],[-103.803419,18.74891],[-103.737765,18.684156],[-103.700303,18.754356],[-103.685438,18.757293],[-103.679017,18.773211],[-103.637978,18.783208],[-103.620031,18.801383],[-103.6262,18.830974],[-103.617187,18.842851],[-103.640572,18.867244],[-103.63028,18.885325],[-103.614683,18.892164],[-103.59629,18.883945],[-103.584905,18.865619],[-103.582344,18.875625],[-103.572545,18.871821],[-103.558075,18.90658],[-103.532045,18.905435],[-103.533068,18.919246],[-103.534218,18.923129],[-103.533057,18.92744],[-103.527244,18.9281],[-103.515996,18.933634],[-103.514422,18.934389],[-103.522318,18.948516],[-103.50637,18.948226],[-103.508601,18.963671],[-103.493062,18.957956],[-103.488453,18.963905],[-103.488714,18.965598],[-103.491908,18.969181],[-103.4944,18.970114],[-103.490831,18.995821],[-103.498782,19.011674],[-103.496645,19.013983],[-103.488506,19.027587],[-103.526481,19.078728],[-103.517388,19.098791],[-103.523617,19.115641],[-103.497631,19.174642],[-103.515239,19.211352],[-103.505691,19.236157],[-103.509182,19.29515],[-103.489878,19.310686],[-103.495669,19.319756],[-103.48643,19.337891],[-103.522209,19.357826],[-103.556211,19.406972],[-103.574268,19.411562],[-103.578917,19.435486],[-103.615358,19.474995],[-103.614824,19.494047],[-103.606199,19.500558],[-103.618277,19.512519],[-103.690045,19.492448],[-103.715789,19.46701],[-103.718257,19.453498],[-103.792734,19.427514],[-103.819253,19.40874],[-103.824135,19.437788],[-103.856453,19.431331],[-103.863755,19.447385],[-103.879418,19.444489],[-103.889331,19.463597],[-103.908765,19.453628],[-103.899522,19.434547],[-103.964799,19.454163],[-103.974007,19.474553],[-104.000046,19.468829],[-104.061725,19.497703],[-104.07674,19.480215],[-104.08664,19.442031],[-104.079943,19.431782],[-104.070884,19.435235],[-104.090226,19.393025],[-104.133344,19.353746],[-104.122985,19.319042],[-104.15293,19.315152],[-104.16165,19.30272],[-104.179801,19.312562],[-104.191667,19.29221],[-104.204346,19.303602],[-104.218424,19.299016],[-104.261179,19.311806],[-104.283635,19.297005],[-104.297591,19.302671],[-104.314804,19.279356],[-104.34388,19.289546],[-104.361874,19.269078],[-104.374273,19.281884],[-104.401323,19.266813],[-104.400946,19.28907],[-104.439259,19.277988],[-104.438408,19.262873],[-104.457527,19.259419],[-104.455699,19.24804],[-104.467008,19.245107],[-104.463016,19.23296],[-104.471673,19.228836],[-104.477258,19.238703],[-104.488955,19.229943],[-104.494535,19.253947],[-104.508385,19.244225],[-104.530288,19.259789],[-104.554516,19.237098],[-104.560261,19.219699],[-104.569113,19.218695],[-104.576938,19.180205],[-104.590029,19.186532],[-104.600287,19.179053],[-104.596143,19.164052],[-104.58578,19.161814],[-104.58984,19.150095],[-104.612834,19.155483],[-104.618822,19.180851],[-104.629342,19.172906],[-104.679979,19.193172],[-104.682662,19.182467],[-104.684985,19.182408],[-104.686555,19.184539],[-104.6877,19.184767],[-104.6886,19.184209],[-104.690088,19.178833],[-104.690227,19.176545]]],[[[-110.810299,19.287528],[-110.805695,19.310623],[-110.816156,19.320695],[-110.833462,19.290255],[-110.827612,19.283766],[-110.810299,19.287528]]],[[[-110.988188,18.853506],[-110.98407,18.857876],[-111.001278,18.85191],[-111.016713,18.81669],[-111.053649,18.809565],[-111.045421,18.805888],[-111.043701,18.790407],[-111.05772,18.773771],[-111.037503,18.779774],[-111.019114,18.749147],[-110.972506,18.737977],[-110.95678,18.723398],[-110.959567,18.715082],[-110.943913,18.714073],[-110.941479,18.722628],[-110.921943,18.726109],[-110.91827,18.790626],[-110.946838,18.831436],[-110.959072,18.830165],[-110.979963,18.853968],[-110.988188,18.853506]]],[[[-114.726499,18.360372],[-114.738923,18.365678],[-114.756735,18.357387],[-114.755795,18.333774],[-114.70015,18.339692],[-114.680963,18.354826],[-114.692115,18.364572],[-114.726499,18.360372]]]]},"properties":{"name":"Colima","created_at":"2013-12-01T18:59:38+0100","updated_at":"2013-12-01T18:59:38+0100","cartodb_id":12}},
{"type":"Feature","geometry":{"type":"MultiPolygon","coordinates":[[[[-105.380819,23.082036],[-105.392245,23.084082],[-105.412996,23.074099],[-105.40895,23.023641],[-105.432595,23.023969],[-105.453311,22.977402],[-105.501264,22.95856],[-105.498654,22.933561],[-105.47122,22.883286],[-105.484201,22.858703],[-105.474589,22.851416],[-105.524772,22.77477],[-105.514082,22.759328],[-105.522893,22.724335],[-105.498064,22.651391],[-105.463963,22.659238],[-105.460391,22.64755],[-105.472681,22.627185],[-105.449572,22.624597],[-105.455986,22.598739],[-105.43693,22.581907],[-105.441725,22.524268],[-105.47406,22.5029],[-105.503179,22.527682],[-105.509567,22.516963],[-105.533596,22.515031],[-105.541676,22.536537],[-105.597345,22.536305],[-105.600477,22.558888],[-105.622036,22.571426],[-105.63095,22.59298],[-105.642158,22.593889],[-105.639213,22.576985],[-105.660562,22.586363],[-105.698562,22.568381],[-105.671106,22.481562],[-105.677036,22.468135],[-105.692477,22.467177],[-105.714932,22.475809],[-105.750212,22.539336],[-105.758295,22.537677],[-105.686334,22.379039],[-105.636647,22.181873],[-105.646379,22.169709],[-105.653997,22.042899],[-105.628342,21.957721],[-105.53074,21.807894],[-105.444636,21.624719],[-105.265501,21.512065],[-105.24813,21.512679],[-105.244056,21.526495],[-105.227517,21.523378],[-105.198515,21.492782],[-105.201396,21.481147],[-105.188753,21.46296],[-105.189115,21.443949],[-105.218216,21.410507],[-105.220033,21.387882],[-105.230697,21.38641],[-105.248189,21.347291],[-105.22828,21.295775],[-105.216382,21.205007],[-105.233253,21.180683],[-105.223686,21.159047],[-105.238983,21.132292],[-105.228281,21.10357],[-105.238769,21.056364],[-105.273739,21.023083],[-105.313102,21.034942],[-105.331636,20.985747],[-105.345226,20.979083],[-105.359104,20.955258],[-105.401726,20.931377],[-105.435682,20.873587],[-105.45236,20.874952],[-105.487292,20.796538],[-105.507256,20.782314],[-105.523841,20.790591],[-105.539353,20.770779],[-105.534301,20.757348],[-105.511002,20.771966],[-105.475824,20.752278],[-105.463927,20.755213],[-105.401895,20.734697],[-105.363737,20.762159],[-105.348121,20.759897],[-105.315117,20.731588],[-105.281,20.671966],[-105.275551,20.672404],[-105.27421,20.674327],[-105.274361,20.675622],[-105.276546,20.675534],[-105.279081,20.677882],[-105.27938,20.679897],[-105.27683,20.682517],[-105.27578,20.683146],[-105.261252,20.679816],[-105.255947,20.702766],[-105.242573,20.704242],[-105.239916,20.747351],[-105.205825,20.764145],[-105.196961,20.777171],[-105.173397,20.767711],[-105.162276,20.792519],[-105.170974,20.796109],[-105.173943,20.813943],[-105.161636,20.83114],[-105.160563,20.857415],[-105.141194,20.875606],[-105.142874,20.885956],[-105.141857,20.887167],[-105.111957,20.90043],[-105.080337,20.931471],[-105.046805,20.934284],[-105.031613,20.909171],[-105.006332,20.922536],[-105.003394,20.910858],[-104.990374,20.921563],[-104.967244,20.909508],[-104.953164,20.930134],[-104.900526,20.946341],[-104.900627,20.962747],[-104.866869,20.995201],[-104.84119,21.006723],[-104.838099,21.020009],[-104.810182,21.012013],[-104.782462,21.023359],[-104.771712,21.008601],[-104.739241,21.006142],[-104.731371,21.012477],[-104.725616,21.006208],[-104.725149,21.004777],[-104.729363,20.983154],[-104.681058,20.960667],[-104.681,20.943841],[-104.661441,20.943977],[-104.658126,20.933226],[-104.638094,20.934125],[-104.628533,20.923866],[-104.592225,20.931424],[-104.59151,20.931531],[-104.591151,20.93285],[-104.569311,20.930893],[-104.542852,20.91194],[-104.534625,20.884036],[-104.524442,20.885762],[-104.503217,20.841816],[-104.476931,20.819648],[-104.451483,20.804011],[-104.435736,20.805765],[-104.42726,20.791022],[-104.414125,20.79377],[-104.384209,20.766479],[-104.377549,20.742373],[-104.36372,20.744411],[-104.350798,20.72534],[-104.324115,20.717544],[-104.305646,20.69417],[-104.288487,20.689157],[-104.282011,20.628993],[-104.25364,20.603419],[-104.253817,20.630401],[-104.246924,20.631492],[-104.26039,20.642836],[-104.236461,20.662897],[-104.25316,20.682296],[-104.243298,20.691746],[-104.241816,20.713434],[-104.282856,20.783481],[-104.297617,20.770795],[-104.328322,20.798098],[-104.335795,20.789884],[-104.358249,20.790533],[-104.37522,20.775439],[-104.375892,20.784073],[-104.350402,20.811644],[-104.364059,20.813933],[-104.357105,20.819874],[-104.361768,20.840931],[-104.334258,20.846662],[-104.318417,20.838573],[-104.295416,20.845496],[-104.290693,20.862341],[-104.279111,20.864519],[-104.290916,20.887796],[-104.26788,20.887461],[-104.228753,20.935582],[-104.221072,20.941526],[-104.206588,20.936373],[-104.201306,20.959242],[-104.233129,20.968743],[-104.238474,20.992151],[-104.223196,21.001264],[-104.242713,21.027332],[-104.22655,21.044296],[-104.239236,21.057072],[-104.234793,21.067681],[-104.22181,21.070025],[-104.220843,21.101363],[-104.21086,21.118601],[-104.225171,21.151209],[-104.219398,21.176611],[-104.202794,21.192832],[-104.159514,21.18456],[-104.124046,21.196267],[-104.110845,21.188596],[-104.100037,21.200867],[-104.0888,21.196129],[-104.085659,21.205361],[-104.080978,21.189691],[-104.068586,21.186773],[-104.067888,21.1982],[-104.056275,21.19414],[-104.052839,21.205413],[-104.027969,21.194672],[-104.02941,21.208664],[-104.016016,21.207458],[-104.017489,21.227202],[-104.006088,21.228044],[-103.973454,21.256328],[-103.945867,21.238018],[-103.92402,21.234572],[-103.935462,21.254176],[-103.931057,21.262547],[-103.917899,21.231028],[-103.903063,21.233419],[-103.898363,21.22649],[-103.892306,21.238427],[-103.86189,21.248868],[-103.840019,21.23982],[-103.819391,21.248435],[-103.820346,21.281041],[-103.749352,21.336708],[-103.741333,21.374055],[-103.767333,21.388433],[-103.756903,21.399865],[-103.764403,21.410304],[-103.731272,21.4159],[-103.720896,21.425431],[-103.721234,21.426355],[-103.742031,21.441558],[-103.749365,21.474488],[-103.769129,21.483025],[-103.778192,21.492082],[-103.774129,21.498381],[-103.791075,21.497748],[-103.800421,21.487188],[-103.823713,21.493047],[-103.832127,21.513397],[-103.849295,21.514531],[-103.859925,21.52475],[-103.856272,21.552365],[-103.881646,21.552142],[-103.892578,21.574143],[-103.919235,21.581986],[-103.923191,21.590569],[-103.912365,21.608049],[-103.919084,21.61625],[-103.907699,21.618676],[-103.930249,21.641914],[-103.921338,21.668374],[-103.887725,21.697818],[-103.895913,21.727744],[-103.902791,21.716258],[-103.931828,21.743381],[-103.931702,21.75132],[-103.916129,21.755769],[-103.923482,21.771802],[-103.977757,21.771332],[-104.052254,21.794761],[-104.079856,21.782405],[-104.098437,21.792817],[-104.130382,21.790451],[-104.161748,21.809841],[-104.197,21.850772],[-104.172233,21.871319],[-104.186385,21.868012],[-104.201041,21.891478],[-104.173699,21.963393],[-104.193319,21.98542],[-104.246005,21.966938],[-104.275447,21.980623],[-104.281382,21.999659],[-104.294077,22.002761],[-104.326863,21.975369],[-104.369863,21.974784],[-104.360039,22.015057],[-104.369037,22.024564],[-104.36154,22.052853],[-104.373192,22.102564],[-104.356272,22.165435],[-104.331836,22.19979],[-104.341359,22.209563],[-104.325898,22.231792],[-104.328679,22.245359],[-104.284866,22.297094],[-104.299256,22.325775],[-104.299212,22.327925],[-104.297173,22.328768],[-104.295687,22.328528],[-104.298379,22.347811],[-104.29274,22.343973],[-104.292694,22.345338],[-104.291041,22.34699],[-104.290374,22.347788],[-104.289277,22.352147],[-104.293128,22.365131],[-104.350041,22.386405],[-104.348843,22.409717],[-104.371512,22.421659],[-104.49539,22.376324],[-104.48786,22.368905],[-104.49499,22.360532],[-104.48121,22.351617],[-104.506114,22.345096],[-104.518659,22.360604],[-104.535911,22.364803],[-104.551253,22.388867],[-104.570098,22.394088],[-104.573838,22.394885],[-104.574589,22.39476],[-104.577099,22.396786],[-104.580954,22.39932],[-104.582074,22.400448],[-104.582321,22.401499],[-104.583325,22.405024],[-104.590529,22.411957],[-104.593085,22.412697],[-104.605438,22.445458],[-104.602561,22.460508],[-104.655292,22.462155],[-104.655755,22.54007],[-104.669998,22.565262],[-104.708737,22.554624],[-104.719797,22.569045],[-104.737053,22.558096],[-104.775089,22.583975],[-104.774545,22.586966],[-104.779405,22.643177],[-104.804256,22.648744],[-104.814678,22.634249],[-104.840116,22.651139],[-104.858397,22.648327],[-104.862493,22.60707],[-104.960525,22.505311],[-104.987913,22.498727],[-105.007553,22.585672],[-105.072369,22.656499],[-105.068423,22.678414],[-105.057303,22.688094],[-104.89272,22.737409],[-104.915637,22.748538],[-104.913375,22.790486],[-104.905576,22.799578],[-104.918389,22.819781],[-104.934226,22.827311],[-104.940505,22.816163],[-104.951721,22.82183],[-104.958967,22.813605],[-104.988405,22.836049],[-104.987796,22.888252],[-105.005069,22.903552],[-105.000054,22.908897],[-105.010039,22.922363],[-104.996893,22.952002],[-105.008341,22.968459],[-105.003139,22.976983],[-105.076016,22.959639],[-105.297699,22.954162],[-105.32357,22.94133],[-105.334142,22.953409],[-105.330849,22.963173],[-105.343049,22.968159],[-105.333705,22.994682],[-105.353857,23.019785],[-105.350796,23.035634],[-105.358779,23.046258],[-105.350471,23.060575],[-105.358316,23.073923],[-105.37977,23.080575],[-105.380819,23.082036]]],[[[-105.879895,21.848728],[-105.890557,21.853889],[-105.886722,21.840024],[-105.879895,21.848728]]],[[[-106.227722,21.365703],[-106.257851,21.367909],[-106.278726,21.347727],[-106.256278,21.326035],[-106.236795,21.332859],[-106.229374,21.324974],[-106.221797,21.354549],[-106.227722,21.365703]]],[[[-106.434842,21.494434],[-106.460537,21.494552],[-106.494008,21.466203],[-106.480309,21.449614],[-106.386375,21.419754],[-106.380333,21.448399],[-106.358638,21.455273],[-106.371196,21.480682],[-106.434842,21.494434]]],[[[-106.653348,21.693452],[-106.660563,21.692543],[-106.646873,21.666931],[-106.656085,21.655874],[-106.629512,21.618468],[-106.628973,21.598612],[-106.546227,21.563215],[-106.537635,21.555616],[-106.541678,21.544312],[-106.532701,21.544415],[-106.511847,21.570462],[-106.515624,21.585926],[-106.5057,21.603345],[-106.537369,21.632794],[-106.536307,21.658084],[-106.598239,21.690329],[-106.653348,21.693452]]],[[[-106.67321,21.774852],[-106.687727,21.759368],[-106.677957,21.728686],[-106.657716,21.739453],[-106.67321,21.774852]]]]},"properties":{"name":"Nayarit","created_at":"2013-12-01T18:59:38+0100","updated_at":"2013-12-01T18:59:38+0100","cartodb_id":13}},
{"type":"Feature","geometry":{"type":"Polygon","coordinates":[[[-103.737765,18.684156],[-103.71494,18.668347],[-103.686947,18.631034],[-103.690281,18.612439],[-103.709222,18.593707],[-103.669896,18.579255],[-103.577332,18.497925],[-103.529303,18.404915],[-103.52973,18.383177],[-103.513965,18.363534],[-103.510807,18.344287],[-103.403832,18.286468],[-103.377635,18.281878],[-103.361876,18.26497],[-103.33844,18.270695],[-103.254173,18.235898],[-103.210518,18.231923],[-103.204348,18.221985],[-103.185408,18.221921],[-103.145828,18.200173],[-103.11837,18.203245],[-103.111617,18.190953],[-103.031198,18.188091],[-102.763253,18.07785],[-102.759134,18.069876],[-102.729569,18.071776],[-102.697507,18.055171],[-102.674088,18.059601],[-102.653352,18.050429],[-102.609721,18.04888],[-102.519593,18.02181],[-102.483796,18.018741],[-102.310149,17.96984],[-102.191747,17.915536],[-102.136828,17.94003],[-102.138451,17.940474],[-102.138642,17.942995],[-102.137552,17.969684],[-102.173275,17.989637],[-102.181308,18.003316],[-102.184182,18.024572],[-102.178411,18.037852],[-102.178829,18.040876],[-102.184345,18.059487],[-102.178275,18.122923],[-102.145614,18.183144],[-102.142455,18.187055],[-102.130811,18.188845],[-102.128817,18.188225],[-102.124917,18.186517],[-102.118646,18.186521],[-102.112727,18.189689],[-102.057368,18.195153],[-102.038677,18.208196],[-101.984579,18.206083],[-101.978149,18.20731],[-101.973662,18.212806],[-101.974954,18.216764],[-101.971569,18.233072],[-101.947711,18.228214],[-101.908932,18.242941],[-101.896819,18.277115],[-101.883039,18.262424],[-101.862631,18.262711],[-101.882915,18.278374],[-101.861979,18.288449],[-101.870198,18.308323],[-101.855831,18.314953],[-101.870801,18.331767],[-101.861385,18.355754],[-101.889356,18.403066],[-101.873759,18.437486],[-101.860441,18.447378],[-101.88654,18.477223],[-101.888954,18.499017],[-101.881626,18.536205],[-101.837892,18.577931],[-101.72484,18.612478],[-101.713453,18.610221],[-101.701176,18.587893],[-101.628979,18.600519],[-101.605087,18.574595],[-101.583563,18.520995],[-101.507444,18.486797],[-101.502851,18.486814],[-101.468022,18.486936],[-101.457421,18.497354],[-101.441947,18.488993],[-101.432155,18.501676],[-101.417581,18.497548],[-101.406885,18.512513],[-101.37859,18.509847],[-101.365604,18.499882],[-101.361877,18.520218],[-101.29896,18.533126],[-101.282077,18.544734],[-101.270015,18.535158],[-101.211901,18.536417],[-101.191567,18.517828],[-101.168214,18.521024],[-101.144592,18.510543],[-101.131512,18.517493],[-101.088661,18.505908],[-101.037968,18.526206],[-101.012003,18.527543],[-101.006842,18.495381],[-101.004876,18.492224],[-101.003282,18.491299],[-100.99606,18.49124],[-100.989777,18.491276],[-100.975168,18.483408],[-100.960833,18.465026],[-100.966418,18.448521],[-100.965039,18.446996],[-100.954716,18.444688],[-100.952474,18.445668],[-100.951414,18.446484],[-100.945627,18.453897],[-100.922994,18.444163],[-100.920625,18.445777],[-100.914516,18.47175],[-100.894368,18.463139],[-100.875115,18.491699],[-100.838481,18.473069],[-100.798178,18.480541],[-100.777643,18.439543],[-100.751358,18.425771],[-100.737369,18.427301],[-100.72273,18.400449],[-100.707038,18.419],[-100.691051,18.414153],[-100.676694,18.372559],[-100.64195,18.348651],[-100.640834,18.351548],[-100.640826,18.354093],[-100.626939,18.375652],[-100.608741,18.37919],[-100.599577,18.405795],[-100.598783,18.406948],[-100.592249,18.407204],[-100.588228,18.410072],[-100.631492,18.43847],[-100.637244,18.457749],[-100.647978,18.457412],[-100.69779,18.490641],[-100.704614,18.483315],[-100.715041,18.486397],[-100.706977,18.489901],[-100.724995,18.515936],[-100.73199,18.520985],[-100.744225,18.518073],[-100.764896,18.561211],[-100.751213,18.641667],[-100.760104,18.641631],[-100.770283,18.69271],[-100.784264,18.687003],[-100.781435,18.702678],[-100.781248,18.70821],[-100.779598,18.714226],[-100.772935,18.732568],[-100.78178,18.745105],[-100.796912,18.74627],[-100.790156,18.761445],[-100.798969,18.784536],[-100.782518,18.801654],[-100.791771,18.834168],[-100.776922,18.859752],[-100.749946,18.868108],[-100.745725,18.857675],[-100.736831,18.86051],[-100.736367,18.851314],[-100.709561,18.835849],[-100.711968,18.825909],[-100.702756,18.82376],[-100.705838,18.796407],[-100.696069,18.794125],[-100.680004,18.817226],[-100.666854,18.81938],[-100.672933,18.824805],[-100.666082,18.834255],[-100.643414,18.848877],[-100.640837,18.865906],[-100.622247,18.866835],[-100.616515,18.879491],[-100.613444,18.883267],[-100.613546,18.886371],[-100.612598,18.887653],[-100.610804,18.889168],[-100.589389,18.908116],[-100.593237,18.915279],[-100.574235,18.914533],[-100.575948,18.922874],[-100.565196,18.91769],[-100.561994,18.932815],[-100.543786,18.934704],[-100.546671,18.964195],[-100.533397,18.964397],[-100.537721,18.984185],[-100.52324,18.993634],[-100.529853,19.009331],[-100.484336,19.021025],[-100.477114,19.034147],[-100.461291,19.031476],[-100.447126,19.052023],[-100.410438,19.06417],[-100.406658,19.105894],[-100.389482,19.142913],[-100.361591,19.154707],[-100.378191,19.1711],[-100.373085,19.194172],[-100.331255,19.230465],[-100.319883,19.252992],[-100.320065,19.290933],[-100.313098,19.297259],[-100.323265,19.306803],[-100.306405,19.323768],[-100.300731,19.342744],[-100.312374,19.362361],[-100.294374,19.380929],[-100.293094,19.395129],[-100.237425,19.403512],[-100.189873,19.439704],[-100.206088,19.454466],[-100.206438,19.47037],[-100.20098,19.492792],[-100.177694,19.492625],[-100.20194,19.499528],[-100.196427,19.531733],[-100.214696,19.552765],[-100.237476,19.557219],[-100.252139,19.617498],[-100.247519,19.634513],[-100.27399,19.672251],[-100.263869,19.69579],[-100.243697,19.704793],[-100.234136,19.720036],[-100.225803,19.717158],[-100.22949,19.702206],[-100.20415,19.704623],[-100.192112,19.697138],[-100.186006,19.712972],[-100.16934,19.707739],[-100.159765,19.726051],[-100.148186,19.728215],[-100.146697,19.812848],[-100.131487,19.852014],[-100.094854,19.860427],[-100.063033,19.855809],[-100.10242,19.87971],[-100.119169,19.9121],[-100.130122,19.916193],[-100.131394,19.982002],[-100.116024,20.00613],[-100.12524,20.012175],[-100.155078,20.007441],[-100.152859,20.05427],[-100.148791,20.05544],[-100.146363,20.052242],[-100.140547,20.044162],[-100.139351,20.042971],[-100.137937,20.044312],[-100.145831,20.056532],[-100.147101,20.05767],[-100.147625,20.057693],[-100.15111,20.057034],[-100.159268,20.065042],[-100.159821,20.066826],[-100.161158,20.068386],[-100.157207,20.070681],[-100.157442,20.07201],[-100.164462,20.078347],[-100.180954,20.07276],[-100.179826,20.083002],[-100.202941,20.076649],[-100.197393,20.129888],[-100.235604,20.143459],[-100.191864,20.176],[-100.181144,20.208801],[-100.260457,20.26751],[-100.345833,20.298],[-100.350656,20.288413],[-100.343265,20.273862],[-100.341078,20.273342],[-100.323558,20.251934],[-100.355237,20.219018],[-100.352343,20.200461],[-100.340308,20.189737],[-100.355837,20.182386],[-100.370887,20.136185],[-100.391512,20.121033],[-100.385292,20.104506],[-100.397257,20.096953],[-100.389751,20.080823],[-100.358264,20.064916],[-100.35497,20.01012],[-100.360505,20.023961],[-100.370403,20.021266],[-100.362931,19.989861],[-100.443584,19.982285],[-100.465824,19.987398],[-100.462456,19.979268],[-100.498184,19.958043],[-100.511687,19.958216],[-100.519946,19.91882],[-100.536009,19.923007],[-100.526779,19.96576],[-100.531823,19.976394],[-100.550717,19.957966],[-100.565482,19.966139],[-100.593076,19.95828],[-100.587594,19.97139],[-100.565699,19.974531],[-100.557895,19.991716],[-100.595603,19.991662],[-100.617573,19.957693],[-100.660381,19.964548],[-100.718817,19.940519],[-100.748753,19.91275],[-100.778814,19.91515],[-100.792064,19.955575],[-100.824301,19.978329],[-100.832869,19.972395],[-100.835762,19.934596],[-100.854524,19.934914],[-100.860286,19.948943],[-100.882613,19.943926],[-100.906011,19.961583],[-100.932582,19.953491],[-100.947539,19.962545],[-100.947879,19.933563],[-100.96441,19.928275],[-100.976616,19.935339],[-100.981901,19.953017],[-100.981807,19.954063],[-101.003906,19.956879],[-101.003551,19.959054],[-101.002216,19.961606],[-101.004505,19.965977],[-100.976709,19.982738],[-100.982701,20.002631],[-100.967335,20.009914],[-100.978607,20.017438],[-100.9792,20.01794],[-100.979053,20.019356],[-100.980124,20.021418],[-100.980496,20.022467],[-100.980819,20.02345],[-101.008089,20.028093],[-101.003567,20.037964],[-101.012702,20.037758],[-101.013987,20.045711],[-100.992715,20.06449],[-101.017278,20.085695],[-101.07486,20.088388],[-101.113922,20.077233],[-101.133147,20.059985],[-101.173556,20.097811],[-101.17162,20.073452],[-101.196318,20.057189],[-101.160352,20.0402],[-101.201532,20.025739],[-101.203056,20.007224],[-101.220726,20.011436],[-101.238346,20.032119],[-101.250766,20.023264],[-101.253031,20.035496],[-101.280972,20.027544],[-101.29646,20.038645],[-101.334039,20.031523],[-101.374947,20.040429],[-101.388136,20.03041],[-101.40168,20.035009],[-101.387513,20.082961],[-101.404696,20.080195],[-101.408689,20.123134],[-101.391008,20.127121],[-101.389376,20.134864],[-101.422498,20.163226],[-101.419891,20.201591],[-101.363198,20.195794],[-101.352618,20.234932],[-101.360519,20.249056],[-101.395324,20.248549],[-101.420562,20.275204],[-101.435482,20.277381],[-101.436857,20.263785],[-101.45593,20.26717],[-101.457171,20.285142],[-101.444985,20.289725],[-101.449723,20.298229],[-101.440197,20.305193],[-101.456697,20.30437],[-101.450942,20.319498],[-101.46491,20.329011],[-101.480227,20.330174],[-101.501068,20.311673],[-101.502882,20.324877],[-101.524156,20.321231],[-101.522936,20.332347],[-101.53781,20.324375],[-101.553266,20.332516],[-101.565782,20.315741],[-101.583098,20.32736],[-101.589245,20.309602],[-101.600933,20.310053],[-101.601074,20.298019],[-101.604685,20.309424],[-101.624654,20.31458],[-101.634921,20.288967],[-101.625534,20.266998],[-101.642521,20.267646],[-101.650926,20.253484],[-101.646252,20.238668],[-101.654577,20.243496],[-101.663308,20.23758],[-101.668474,20.213135],[-101.686917,20.217221],[-101.697935,20.189674],[-101.731199,20.214802],[-101.759392,20.201732],[-101.786616,20.219318],[-101.824861,20.201838],[-101.819646,20.208666],[-101.833866,20.22479],[-101.871598,20.210989],[-101.881616,20.187984],[-101.893022,20.203777],[-101.917897,20.195077],[-101.907939,20.215153],[-101.91778,20.219331],[-101.930603,20.208121],[-101.932347,20.225889],[-101.939653,20.22654],[-101.932172,20.243738],[-101.951184,20.271583],[-101.936862,20.281461],[-101.947143,20.286362],[-101.934547,20.297691],[-101.959919,20.305136],[-101.948958,20.315107],[-101.963472,20.318557],[-101.944717,20.342129],[-101.945871,20.343127],[-101.962337,20.344689],[-101.968991,20.36026],[-101.99639,20.359643],[-102.013702,20.350632],[-102.007291,20.32673],[-102.013799,20.32793],[-102.014661,20.328323],[-102.015797,20.3293],[-102.025133,20.347441],[-102.025077,20.349343],[-102.010064,20.381856],[-102.013414,20.393703],[-102.01429,20.394321],[-102.016705,20.394436],[-102.018202,20.393516],[-102.022008,20.381206],[-102.034296,20.378888],[-102.066795,20.374769],[-102.08469,20.383219],[-102.089922,20.384732],[-102.095617,20.384229],[-102.096576,20.383945],[-102.097727,20.383901],[-102.100752,20.381655],[-102.106784,20.378307],[-102.10886,20.378049],[-102.113307,20.380397],[-102.121955,20.37811],[-102.123801,20.378167],[-102.127217,20.379181],[-102.130916,20.381218],[-102.132532,20.380812],[-102.141007,20.375334],[-102.144561,20.376448],[-102.168168,20.37874],[-102.158158,20.36696],[-102.177022,20.368154],[-102.175366,20.355966],[-102.196607,20.350497],[-102.208122,20.35668],[-102.221805,20.344069],[-102.25416,20.335266],[-102.284086,20.34556],[-102.28986,20.340836],[-102.292062,20.352976],[-102.306598,20.358164],[-102.31609,20.344587],[-102.327224,20.349483],[-102.363619,20.329071],[-102.367593,20.327803],[-102.421229,20.332706],[-102.426156,20.336915],[-102.426507,20.337937],[-102.430014,20.340501],[-102.432373,20.341045],[-102.436423,20.340718],[-102.442473,20.338264],[-102.447386,20.338491],[-102.451112,20.335783],[-102.476149,20.326449],[-102.483541,20.322845],[-102.490629,20.308601],[-102.505442,20.315858],[-102.508955,20.301355],[-102.522568,20.300206],[-102.530477,20.295826],[-102.53084,20.295059],[-102.53073,20.292702],[-102.521753,20.276126],[-102.5313,20.270346],[-102.532751,20.270669],[-102.535184,20.27217],[-102.544118,20.280559],[-102.554977,20.260685],[-102.564583,20.278155],[-102.566679,20.265625],[-102.590486,20.258465],[-102.610692,20.268849],[-102.627331,20.229386],[-102.679843,20.226073],[-102.679722,20.171502],[-102.730226,20.166618],[-102.752494,20.148615],[-102.757243,20.153429],[-102.786275,20.13833],[-102.789377,20.138384],[-102.819282,20.137248],[-102.801873,20.123034],[-102.816947,20.106067],[-102.840675,20.116109],[-102.854994,20.136713],[-102.852308,20.149247],[-102.865953,20.162364],[-102.886881,20.158809],[-102.941892,20.17168],[-102.954003,20.166569],[-102.9245,20.136258],[-102.926448,20.129575],[-102.942026,20.128829],[-102.956411,20.1411],[-102.970584,20.125404],[-102.998394,20.125961],[-103.004819,20.138196],[-103.032464,20.136447],[-103.031333,20.126751],[-103.044408,20.123601],[-103.032816,20.111361],[-103.041711,20.090641],[-103.02072,20.047306],[-103.026517,20.049344],[-103.024385,20.033309],[-103.035696,20.029415],[-103.051504,19.991611],[-103.034782,19.967913],[-103.016227,19.959343],[-102.99381,19.983895],[-102.951215,19.996557],[-102.943624,19.984134],[-102.926268,19.984188],[-102.902622,19.966863],[-102.882097,19.969585],[-102.88205,19.975769],[-102.821969,19.964577],[-102.794009,19.950291],[-102.776874,19.960154],[-102.784036,19.951236],[-102.770634,19.929868],[-102.731215,19.899508],[-102.74249,19.878759],[-102.730353,19.853209],[-102.75333,19.834124],[-102.739396,19.815826],[-102.759083,19.807984],[-102.792312,19.814116],[-102.819527,19.777941],[-102.808606,19.759561],[-102.816274,19.749905],[-102.803926,19.752158],[-102.810805,19.741016],[-102.780482,19.704324],[-102.805663,19.674838],[-102.791203,19.673186],[-102.792601,19.654551],[-102.784186,19.652088],[-102.775849,19.627715],[-102.760859,19.627534],[-102.747566,19.612777],[-102.726088,19.613137],[-102.715932,19.602935],[-102.726039,19.579026],[-102.713517,19.563261],[-102.718446,19.550319],[-102.710656,19.541069],[-102.738065,19.493359],[-102.723728,19.493176],[-102.689487,19.513416],[-102.673025,19.511995],[-102.67093,19.490626],[-102.657528,19.487237],[-102.62053,19.498772],[-102.581864,19.528255],[-102.571861,19.511192],[-102.575943,19.498062],[-102.549081,19.492423],[-102.542705,19.478033],[-102.563299,19.464927],[-102.568581,19.445478],[-102.558702,19.447004],[-102.547693,19.439488],[-102.55924,19.43688],[-102.543715,19.42958],[-102.551044,19.425378],[-102.565081,19.435157],[-102.576787,19.423909],[-102.568801,19.412626],[-102.601056,19.364487],[-102.611178,19.322796],[-102.632716,19.306982],[-102.643096,19.27834],[-102.63821,19.26266],[-102.656654,19.241156],[-102.655419,19.229366],[-102.669923,19.212412],[-102.700692,19.224537],[-102.696593,19.248809],[-102.712722,19.235808],[-102.753816,19.255805],[-102.790243,19.242458],[-102.793764,19.225408],[-102.808361,19.223264],[-102.824433,19.205693],[-102.831421,19.21464],[-102.84564,19.199048],[-102.865377,19.211285],[-102.886433,19.204391],[-102.915073,19.179367],[-102.960096,19.174056],[-102.979358,19.152413],[-102.977623,19.120061],[-103.00446,19.137571],[-103.020427,19.130494],[-103.012023,19.109197],[-103.019455,19.103837],[-103.016006,19.079185],[-102.990835,19.053379],[-103.025214,19.053104],[-103.033242,19.029118],[-103.05056,19.035599],[-103.063239,19.027854],[-103.063773,19.005673],[-103.0525,18.998125],[-103.088109,18.984109],[-103.125019,18.930145],[-103.149633,18.925938],[-103.173364,18.936264],[-103.204472,18.967612],[-103.209519,19.002987],[-103.221661,19.009453],[-103.223876,19.024101],[-103.332485,18.973251],[-103.377249,18.98017],[-103.399707,18.966359],[-103.411434,18.967659],[-103.420351,18.981582],[-103.463127,18.977021],[-103.469384,18.988258],[-103.47266,18.991136],[-103.473878,18.990252],[-103.481927,18.971656],[-103.482996,18.970005],[-103.488594,18.964889],[-103.488453,18.963905],[-103.493062,18.957956],[-103.508601,18.963671],[-103.50637,18.948226],[-103.522318,18.948516],[-103.514422,18.934389],[-103.515996,18.933634],[-103.527244,18.9281],[-103.533057,18.92744],[-103.534218,18.923129],[-103.533068,18.919246],[-103.532045,18.905435],[-103.558075,18.90658],[-103.572545,18.871821],[-103.582344,18.875625],[-103.584905,18.865619],[-103.59629,18.883945],[-103.614683,18.892164],[-103.63028,18.885325],[-103.640572,18.867244],[-103.617187,18.842851],[-103.6262,18.830974],[-103.620031,18.801383],[-103.637978,18.783208],[-103.679017,18.773211],[-103.685438,18.757293],[-103.700303,18.754356],[-103.737765,18.684156]]]},"properties":{"name":"Michoacán de Ocampo","created_at":"2013-12-01T18:59:38+0100","updated_at":"2013-12-01T18:59:38+0100","cartodb_id":14}},
{"type":"Feature","geometry":{"type":"Polygon","coordinates":[[[-103.93374,22.746047],[-103.935441,22.746608],[-103.974931,22.746304],[-103.973958,22.746836],[-103.976212,22.746876],[-103.977117,22.747155],[-103.979508,22.746153],[-104.009517,22.747416],[-104.011927,22.747928],[-104.055912,22.723978],[-104.04892,22.709258],[-104.064151,22.706963],[-104.059164,22.692064],[-104.069904,22.701431],[-104.07335,22.694061],[-104.048964,22.687143],[-104.05481,22.678421],[-104.043267,22.671893],[-104.033653,22.670704],[-104.030831,22.67906],[-104.015509,22.668911],[-104.033294,22.634109],[-104.027006,22.613178],[-104.018066,22.596989],[-103.986222,22.590902],[-103.990174,22.573042],[-104.000839,22.566775],[-103.972332,22.545114],[-104.005571,22.5366],[-103.987227,22.528841],[-103.991256,22.523267],[-103.980649,22.515103],[-103.966197,22.517226],[-103.963411,22.50804],[-103.934411,22.499922],[-103.933082,22.489093],[-103.939808,22.488939],[-103.929442,22.475124],[-103.95866,22.451085],[-103.96057,22.433179],[-103.975565,22.436192],[-103.986392,22.414833],[-104.005906,22.408684],[-104.003251,22.38993],[-104.015134,22.364813],[-104.048753,22.376445],[-104.067475,22.361407],[-104.094161,22.355048],[-104.097364,22.369741],[-104.097194,22.371452],[-104.07693,22.379645],[-104.076818,22.407188],[-104.061637,22.4258],[-104.062241,22.451277],[-104.051575,22.466748],[-104.054791,22.489445],[-104.071714,22.503002],[-104.068795,22.522],[-104.079,22.532853],[-104.080461,22.53319],[-104.102707,22.531447],[-104.120796,22.517049],[-104.113509,22.49661],[-104.143091,22.504651],[-104.150407,22.516276],[-104.19023,22.507612],[-104.2017,22.486959],[-104.214828,22.484161],[-104.198874,22.480457],[-104.204917,22.471908],[-104.197297,22.477122],[-104.18573,22.471413],[-104.199874,22.456307],[-104.1951,22.447631],[-104.167487,22.44515],[-104.178856,22.427432],[-104.164636,22.392399],[-104.16542,22.39123],[-104.193044,22.399123],[-104.208784,22.422484],[-104.240979,22.412773],[-104.258845,22.382506],[-104.254269,22.349605],[-104.265759,22.343599],[-104.274773,22.342795],[-104.292564,22.344316],[-104.29274,22.343973],[-104.298379,22.347811],[-104.295687,22.328528],[-104.297173,22.328768],[-104.299212,22.327925],[-104.299256,22.325775],[-104.284866,22.297094],[-104.328679,22.245359],[-104.325898,22.231792],[-104.341359,22.209563],[-104.331836,22.19979],[-104.356272,22.165435],[-104.373192,22.102564],[-104.36154,22.052853],[-104.369037,22.024564],[-104.360039,22.015057],[-104.369863,21.974784],[-104.326863,21.975369],[-104.294077,22.002761],[-104.281382,21.999659],[-104.275447,21.980623],[-104.246005,21.966938],[-104.193319,21.98542],[-104.173699,21.963393],[-104.201041,21.891478],[-104.186385,21.868012],[-104.172233,21.871319],[-104.197,21.850772],[-104.161748,21.809841],[-104.130382,21.790451],[-104.098437,21.792817],[-104.079856,21.782405],[-104.052254,21.794761],[-103.977757,21.771332],[-103.923482,21.771802],[-103.916129,21.755769],[-103.931702,21.75132],[-103.931828,21.743381],[-103.902791,21.716258],[-103.895913,21.727744],[-103.887725,21.697818],[-103.921338,21.668374],[-103.930249,21.641914],[-103.907699,21.618676],[-103.919084,21.61625],[-103.912365,21.608049],[-103.923191,21.590569],[-103.919235,21.581986],[-103.892578,21.574143],[-103.881646,21.552142],[-103.856272,21.552365],[-103.859925,21.52475],[-103.849295,21.514531],[-103.832127,21.513397],[-103.823713,21.493047],[-103.800421,21.487188],[-103.791075,21.497748],[-103.774129,21.498381],[-103.778192,21.492082],[-103.769129,21.483025],[-103.749365,21.474488],[-103.742031,21.441558],[-103.721234,21.426355],[-103.720896,21.425431],[-103.731272,21.4159],[-103.764403,21.410304],[-103.756903,21.399865],[-103.767333,21.388433],[-103.741333,21.374055],[-103.749352,21.336708],[-103.820346,21.281041],[-103.819391,21.248435],[-103.840019,21.23982],[-103.86189,21.248868],[-103.892306,21.238427],[-103.898363,21.22649],[-103.903063,21.233419],[-103.917899,21.231028],[-103.931057,21.262547],[-103.935462,21.254176],[-103.92402,21.234572],[-103.945867,21.238018],[-103.973454,21.256328],[-104.006088,21.228044],[-104.017489,21.227202],[-104.016016,21.207458],[-104.02941,21.208664],[-104.027969,21.194672],[-104.052839,21.205413],[-104.056275,21.19414],[-104.067888,21.1982],[-104.068586,21.186773],[-104.080978,21.189691],[-104.085659,21.205361],[-104.0888,21.196129],[-104.100037,21.200867],[-104.110845,21.188596],[-104.124046,21.196267],[-104.159514,21.18456],[-104.202794,21.192832],[-104.219398,21.176611],[-104.225171,21.151209],[-104.21086,21.118601],[-104.220843,21.101363],[-104.22181,21.070025],[-104.234793,21.067681],[-104.239236,21.057072],[-104.22655,21.044296],[-104.242713,21.027332],[-104.223196,21.001264],[-104.238474,20.992151],[-104.233129,20.968743],[-104.201306,20.959242],[-104.206588,20.936373],[-104.221072,20.941526],[-104.228753,20.935582],[-104.26788,20.887461],[-104.290916,20.887796],[-104.279111,20.864519],[-104.290693,20.862341],[-104.295416,20.845496],[-104.318417,20.838573],[-104.334258,20.846662],[-104.361768,20.840931],[-104.357105,20.819874],[-104.364059,20.813933],[-104.350402,20.811644],[-104.375892,20.784073],[-104.37522,20.775439],[-104.358249,20.790533],[-104.335795,20.789884],[-104.328322,20.798098],[-104.297617,20.770795],[-104.282856,20.783481],[-104.241816,20.713434],[-104.243298,20.691746],[-104.25316,20.682296],[-104.236461,20.662897],[-104.26039,20.642836],[-104.246924,20.631492],[-104.253817,20.630401],[-104.25364,20.603419],[-104.282011,20.628993],[-104.288487,20.689157],[-104.305646,20.69417],[-104.324115,20.717544],[-104.350798,20.72534],[-104.36372,20.744411],[-104.377549,20.742373],[-104.384209,20.766479],[-104.414125,20.79377],[-104.42726,20.791022],[-104.435736,20.805765],[-104.451483,20.804011],[-104.476931,20.819648],[-104.503217,20.841816],[-104.524442,20.885762],[-104.534625,20.884036],[-104.542852,20.91194],[-104.569311,20.930893],[-104.591151,20.93285],[-104.59151,20.931531],[-104.592225,20.931424],[-104.628533,20.923866],[-104.638094,20.934125],[-104.658126,20.933226],[-104.661441,20.943977],[-104.681,20.943841],[-104.681058,20.960667],[-104.729363,20.983154],[-104.725149,21.004777],[-104.725616,21.006208],[-104.731371,21.012477],[-104.739241,21.006142],[-104.771712,21.008601],[-104.782462,21.023359],[-104.810182,21.012013],[-104.838099,21.020009],[-104.84119,21.006723],[-104.866869,20.995201],[-104.900627,20.962747],[-104.900526,20.946341],[-104.953164,20.930134],[-104.967244,20.909508],[-104.990374,20.921563],[-105.003394,20.910858],[-105.006332,20.922536],[-105.031613,20.909171],[-105.046805,20.934284],[-105.080337,20.931471],[-105.111957,20.90043],[-105.141857,20.887167],[-105.142874,20.885956],[-105.141194,20.875606],[-105.160563,20.857415],[-105.161636,20.83114],[-105.173943,20.813943],[-105.170974,20.796109],[-105.162276,20.792519],[-105.173397,20.767711],[-105.196961,20.777171],[-105.205825,20.764145],[-105.239916,20.747351],[-105.242573,20.704242],[-105.255947,20.702766],[-105.261252,20.679816],[-105.27578,20.683146],[-105.27683,20.682517],[-105.27938,20.679897],[-105.279081,20.677882],[-105.276546,20.675534],[-105.274361,20.675622],[-105.27421,20.674327],[-105.275551,20.672404],[-105.281,20.671966],[-105.245072,20.653315],[-105.232958,20.615433],[-105.2578,20.557695],[-105.287351,20.544872],[-105.292132,20.532143],[-105.319442,20.518907],[-105.316578,20.511515],[-105.369731,20.504164],[-105.400129,20.508886],[-105.442235,20.501169],[-105.445284,20.488296],[-105.465782,20.49651],[-105.494878,20.4894],[-105.517875,20.493514],[-105.604149,20.475769],[-105.635601,20.445842],[-105.648217,20.4446],[-105.654418,20.42809],[-105.671275,20.425883],[-105.672352,20.407394],[-105.69496,20.409228],[-105.686552,20.367208],[-105.656162,20.317713],[-105.590212,20.263055],[-105.581069,20.238197],[-105.554324,20.224842],[-105.542747,20.184845],[-105.549561,20.094569],[-105.490605,19.989065],[-105.344636,19.804911],[-105.330338,19.766358],[-105.263548,19.6956],[-105.264379,19.679319],[-105.202235,19.631379],[-105.199519,19.62126],[-105.180718,19.620711],[-105.152704,19.603511],[-105.142315,19.575081],[-105.134235,19.576036],[-105.132752,19.586575],[-105.119539,19.587328],[-105.088954,19.560453],[-105.081501,19.505407],[-105.060715,19.495802],[-105.06661,19.489446],[-105.057508,19.474455],[-105.073125,19.471104],[-105.032545,19.44468],[-105.019562,19.420765],[-105.018721,19.40072],[-105.024776,19.392921],[-105.030715,19.397281],[-105.031631,19.387817],[-104.936031,19.30817],[-104.876082,19.280737],[-104.862676,19.290569],[-104.836967,19.289768],[-104.841172,19.300034],[-104.830519,19.307659],[-104.798295,19.299014],[-104.788661,19.281778],[-104.809446,19.258605],[-104.808916,19.2332],[-104.797755,19.230133],[-104.776298,19.240569],[-104.758495,19.228699],[-104.751476,19.237586],[-104.732707,19.239377],[-104.734011,19.221698],[-104.713497,19.216016],[-104.703267,19.222328],[-104.686617,19.208506],[-104.685411,19.197724],[-104.703461,19.180376],[-104.690227,19.176545],[-104.690088,19.178833],[-104.6886,19.184209],[-104.6877,19.184767],[-104.686555,19.184539],[-104.684985,19.182408],[-104.682662,19.182467],[-104.679979,19.193172],[-104.629342,19.172906],[-104.618822,19.180851],[-104.612834,19.155483],[-104.58984,19.150095],[-104.58578,19.161814],[-104.596143,19.164052],[-104.600287,19.179053],[-104.590029,19.186532],[-104.576938,19.180205],[-104.569113,19.218695],[-104.560261,19.219699],[-104.554516,19.237098],[-104.530288,19.259789],[-104.508385,19.244225],[-104.494535,19.253947],[-104.488955,19.229943],[-104.477258,19.238703],[-104.471673,19.228836],[-104.463016,19.23296],[-104.467008,19.245107],[-104.455699,19.24804],[-104.457527,19.259419],[-104.438408,19.262873],[-104.439259,19.277988],[-104.400946,19.28907],[-104.401323,19.266813],[-104.374273,19.281884],[-104.361874,19.269078],[-104.34388,19.289546],[-104.314804,19.279356],[-104.297591,19.302671],[-104.283635,19.297005],[-104.261179,19.311806],[-104.218424,19.299016],[-104.204346,19.303602],[-104.191667,19.29221],[-104.179801,19.312562],[-104.16165,19.30272],[-104.15293,19.315152],[-104.122985,19.319042],[-104.133344,19.353746],[-104.090226,19.393025],[-104.070884,19.435235],[-104.079943,19.431782],[-104.08664,19.442031],[-104.07674,19.480215],[-104.061725,19.497703],[-104.000046,19.468829],[-103.974007,19.474553],[-103.964799,19.454163],[-103.899522,19.434547],[-103.908765,19.453628],[-103.889331,19.463597],[-103.879418,19.444489],[-103.863755,19.447385],[-103.856453,19.431331],[-103.824135,19.437788],[-103.819253,19.40874],[-103.792734,19.427514],[-103.718257,19.453498],[-103.715789,19.46701],[-103.690045,19.492448],[-103.618277,19.512519],[-103.606199,19.500558],[-103.614824,19.494047],[-103.615358,19.474995],[-103.578917,19.435486],[-103.574268,19.411562],[-103.556211,19.406972],[-103.522209,19.357826],[-103.48643,19.337891],[-103.495669,19.319756],[-103.489878,19.310686],[-103.509182,19.29515],[-103.505691,19.236157],[-103.515239,19.211352],[-103.497631,19.174642],[-103.523617,19.115641],[-103.517388,19.098791],[-103.526481,19.078728],[-103.488506,19.027587],[-103.496645,19.013983],[-103.498782,19.011674],[-103.490831,18.995821],[-103.4944,18.970114],[-103.491908,18.969181],[-103.488714,18.965598],[-103.488594,18.964889],[-103.482996,18.970005],[-103.481927,18.971656],[-103.473878,18.990252],[-103.47266,18.991136],[-103.469384,18.988258],[-103.463127,18.977021],[-103.420351,18.981582],[-103.411434,18.967659],[-103.399707,18.966359],[-103.377249,18.98017],[-103.332485,18.973251],[-103.223876,19.024101],[-103.221661,19.009453],[-103.209519,19.002987],[-103.204472,18.967612],[-103.173364,18.936264],[-103.149633,18.925938],[-103.125019,18.930145],[-103.088109,18.984109],[-103.0525,18.998125],[-103.063773,19.005673],[-103.063239,19.027854],[-103.05056,19.035599],[-103.033242,19.029118],[-103.025214,19.053104],[-102.990835,19.053379],[-103.016006,19.079185],[-103.019455,19.103837],[-103.012023,19.109197],[-103.020427,19.130494],[-103.00446,19.137571],[-102.977623,19.120061],[-102.979358,19.152413],[-102.960096,19.174056],[-102.915073,19.179367],[-102.886433,19.204391],[-102.865377,19.211285],[-102.84564,19.199048],[-102.831421,19.21464],[-102.824433,19.205693],[-102.808361,19.223264],[-102.793764,19.225408],[-102.790243,19.242458],[-102.753816,19.255805],[-102.712722,19.235808],[-102.696593,19.248809],[-102.700692,19.224537],[-102.669923,19.212412],[-102.655419,19.229366],[-102.656654,19.241156],[-102.63821,19.26266],[-102.643096,19.27834],[-102.632716,19.306982],[-102.611178,19.322796],[-102.601056,19.364487],[-102.568801,19.412626],[-102.576787,19.423909],[-102.565081,19.435157],[-102.551044,19.425378],[-102.543715,19.42958],[-102.55924,19.43688],[-102.547693,19.439488],[-102.558702,19.447004],[-102.568581,19.445478],[-102.563299,19.464927],[-102.542705,19.478033],[-102.549081,19.492423],[-102.575943,19.498062],[-102.571861,19.511192],[-102.581864,19.528255],[-102.62053,19.498772],[-102.657528,19.487237],[-102.67093,19.490626],[-102.673025,19.511995],[-102.689487,19.513416],[-102.723728,19.493176],[-102.738065,19.493359],[-102.710656,19.541069],[-102.718446,19.550319],[-102.713517,19.563261],[-102.726039,19.579026],[-102.715932,19.602935],[-102.726088,19.613137],[-102.747566,19.612777],[-102.760859,19.627534],[-102.775849,19.627715],[-102.784186,19.652088],[-102.792601,19.654551],[-102.791203,19.673186],[-102.805663,19.674838],[-102.780482,19.704324],[-102.810805,19.741016],[-102.803926,19.752158],[-102.816274,19.749905],[-102.808606,19.759561],[-102.819527,19.777941],[-102.792312,19.814116],[-102.759083,19.807984],[-102.739396,19.815826],[-102.75333,19.834124],[-102.730353,19.853209],[-102.74249,19.878759],[-102.731215,19.899508],[-102.770634,19.929868],[-102.784036,19.951236],[-102.776874,19.960154],[-102.794009,19.950291],[-102.821969,19.964577],[-102.88205,19.975769],[-102.882097,19.969585],[-102.902622,19.966863],[-102.926268,19.984188],[-102.943624,19.984134],[-102.951215,19.996557],[-102.99381,19.983895],[-103.016227,19.959343],[-103.034782,19.967913],[-103.051504,19.991611],[-103.035696,20.029415],[-103.024385,20.033309],[-103.026517,20.049344],[-103.02072,20.047306],[-103.041711,20.090641],[-103.032816,20.111361],[-103.044408,20.123601],[-103.031333,20.126751],[-103.032464,20.136447],[-103.004819,20.138196],[-102.998394,20.125961],[-102.970584,20.125404],[-102.956411,20.1411],[-102.942026,20.128829],[-102.926448,20.129575],[-102.9245,20.136258],[-102.954003,20.166569],[-102.941892,20.17168],[-102.886881,20.158809],[-102.865953,20.162364],[-102.852308,20.149247],[-102.854994,20.136713],[-102.840675,20.116109],[-102.816947,20.106067],[-102.801873,20.123034],[-102.819282,20.137248],[-102.789377,20.138384],[-102.786275,20.13833],[-102.757243,20.153429],[-102.752494,20.148615],[-102.730226,20.166618],[-102.679722,20.171502],[-102.679843,20.226073],[-102.627331,20.229386],[-102.610692,20.268849],[-102.590486,20.258465],[-102.566679,20.265625],[-102.564583,20.278155],[-102.554977,20.260685],[-102.544118,20.280559],[-102.535184,20.27217],[-102.532751,20.270669],[-102.5313,20.270346],[-102.521753,20.276126],[-102.53073,20.292702],[-102.53084,20.295059],[-102.530477,20.295826],[-102.522568,20.300206],[-102.508955,20.301355],[-102.505442,20.315858],[-102.490629,20.308601],[-102.483541,20.322845],[-102.476149,20.326449],[-102.451112,20.335783],[-102.447386,20.338491],[-102.442473,20.338264],[-102.436423,20.340718],[-102.432373,20.341045],[-102.430014,20.340501],[-102.426507,20.337937],[-102.426156,20.336915],[-102.421229,20.332706],[-102.367593,20.327803],[-102.363619,20.329071],[-102.327224,20.349483],[-102.31609,20.344587],[-102.306598,20.358164],[-102.292062,20.352976],[-102.28986,20.340836],[-102.284086,20.34556],[-102.25416,20.335266],[-102.221805,20.344069],[-102.208122,20.35668],[-102.196607,20.350497],[-102.175366,20.355966],[-102.177022,20.368154],[-102.158158,20.36696],[-102.168168,20.37874],[-102.144561,20.376448],[-102.141007,20.375334],[-102.132532,20.380812],[-102.130916,20.381218],[-102.127217,20.379181],[-102.123801,20.378167],[-102.121955,20.37811],[-102.113307,20.380397],[-102.10886,20.378049],[-102.106784,20.378307],[-102.100752,20.381655],[-102.097727,20.383901],[-102.096576,20.383945],[-102.096254,20.384131],[-102.096543,20.385738],[-102.096164,20.389624],[-102.093376,20.389545],[-102.090935,20.389018],[-102.090126,20.390013],[-102.084533,20.405009],[-102.070883,20.409019],[-102.076616,20.428159],[-102.043995,20.456592],[-102.046027,20.482614],[-102.010092,20.526059],[-102.014142,20.542596],[-101.987913,20.54528],[-101.983955,20.535009],[-101.973918,20.541788],[-101.969898,20.568811],[-101.962802,20.570243],[-101.967031,20.579344],[-101.951144,20.607427],[-101.95874,20.608791],[-101.957078,20.632643],[-101.971188,20.63761],[-101.96808,20.663641],[-101.981377,20.657529],[-101.981945,20.663327],[-102.013837,20.664441],[-102.014389,20.717064],[-102.03774,20.717396],[-102.034461,20.742139],[-102.064487,20.73875],[-102.06104,20.748517],[-102.073633,20.74876],[-102.067593,20.772247],[-102.095908,20.780051],[-102.087092,20.801461],[-102.079945,20.801787],[-102.079867,20.829065],[-102.021781,20.86216],[-102.01258,20.878344],[-102.017994,20.883285],[-101.981097,20.914809],[-101.979882,20.925048],[-101.9631,20.922518],[-101.957877,20.935201],[-101.93895,20.930614],[-101.937144,20.955801],[-101.908746,20.998585],[-101.901335,21.052963],[-101.874943,21.070085],[-101.875004,21.092894],[-101.817659,21.107046],[-101.820268,21.118666],[-101.830846,21.119373],[-101.833448,21.137273],[-101.811826,21.141237],[-101.815698,21.149527],[-101.804009,21.166348],[-101.787271,21.156382],[-101.781109,21.160528],[-101.7712,21.234731],[-101.754586,21.243889],[-101.768197,21.257732],[-101.759717,21.267622],[-101.738535,21.26916],[-101.735788,21.277292],[-101.702005,21.275463],[-101.686675,21.29406],[-101.662853,21.28658],[-101.643177,21.299336],[-101.642845,21.355106],[-101.678942,21.393436],[-101.658516,21.4068],[-101.630944,21.407313],[-101.600256,21.420541],[-101.570416,21.418536],[-101.580424,21.42828],[-101.581873,21.447809],[-101.589951,21.445581],[-101.589042,21.4649],[-101.632431,21.519054],[-101.640261,21.513626],[-101.640458,21.52863],[-101.622633,21.537687],[-101.6219,21.550252],[-101.62166,21.551904],[-101.620056,21.551544],[-101.609806,21.563384],[-101.608754,21.563492],[-101.606284,21.573051],[-101.606633,21.574898],[-101.612313,21.582917],[-101.595265,21.610004],[-101.586024,21.60781],[-101.580189,21.625531],[-101.596086,21.637062],[-101.569139,21.69231],[-101.584043,21.709574],[-101.570855,21.704308],[-101.557653,21.735099],[-101.579683,21.736405],[-101.585694,21.778777],[-101.538832,21.777335],[-101.510542,21.799058],[-101.51782,21.814756],[-101.537012,21.810462],[-101.54823,21.834086],[-101.565964,21.842033],[-101.569806,21.917081],[-101.595849,21.909963],[-101.616712,21.929448],[-101.628945,21.910903],[-101.650696,21.907675],[-101.657102,21.939255],[-101.682914,21.962885],[-101.710658,21.973935],[-101.732321,21.995069],[-101.729975,22.002138],[-101.751004,22.014645],[-101.777633,22.007302],[-101.78443,22.024098],[-101.804263,22.025253],[-101.801436,22.030996],[-101.815673,22.019983],[-101.86167,22.028884],[-101.862065,22.028216],[-101.860387,22.017382],[-101.861334,22.014799],[-101.86258,21.991356],[-101.891253,21.976592],[-101.894734,21.989656],[-101.912598,21.997486],[-101.898227,21.983263],[-101.8858,21.932612],[-101.872671,21.946514],[-101.835289,21.941771],[-101.838003,21.907344],[-101.880213,21.91015],[-102.019954,21.862536],[-102.020794,21.851168],[-102.038418,21.853198],[-102.041743,21.823068],[-102.055124,21.816357],[-102.071963,21.782655],[-102.083074,21.787067],[-102.094571,21.777702],[-102.086181,21.767264],[-102.102057,21.761044],[-102.1421,21.705374],[-102.154857,21.700038],[-102.171433,21.707001],[-102.177886,21.688155],[-102.214267,21.694819],[-102.226363,21.657774],[-102.237618,21.652001],[-102.275219,21.653974],[-102.279442,21.664437],[-102.30399,21.666685],[-102.295371,21.653099],[-102.310166,21.626626],[-102.321051,21.630092],[-102.325722,21.622266],[-102.369526,21.650592],[-102.407493,21.659485],[-102.404595,21.665593],[-102.461066,21.679259],[-102.452132,21.686911],[-102.456864,21.698088],[-102.475757,21.694945],[-102.476522,21.702085],[-102.552494,21.742651],[-102.596279,21.74405],[-102.596774,21.754982],[-102.606312,21.751057],[-102.633494,21.767339],[-102.667566,21.764484],[-102.690669,21.752437],[-102.696263,21.728768],[-102.715605,21.734091],[-102.722799,21.719112],[-102.735222,21.715671],[-102.74411,21.719181],[-102.7453,21.720052],[-102.751854,21.708763],[-102.761472,21.692911],[-102.765969,21.68954],[-102.766492,21.686928],[-102.805283,21.671012],[-102.773405,21.658306],[-102.783615,21.646693],[-102.764741,21.596065],[-102.737405,21.58676],[-102.729508,21.593058],[-102.717105,21.571307],[-102.695101,21.572913],[-102.69641,21.54303],[-102.630734,21.533983],[-102.642167,21.518721],[-102.624842,21.501411],[-102.636668,21.477116],[-102.649067,21.474197],[-102.647883,21.462537],[-102.63613,21.462908],[-102.655007,21.44665],[-102.652131,21.412213],[-102.659669,21.410877],[-102.638241,21.393446],[-102.641995,21.376129],[-102.642595,21.367201],[-102.684371,21.343082],[-102.689146,21.342889],[-102.695055,21.340744],[-102.697618,21.343308],[-102.708051,21.371793],[-102.71171,21.375382],[-102.729128,21.387356],[-102.72796,21.357088],[-102.757765,21.339186],[-102.758756,21.320475],[-102.771818,21.316006],[-102.788916,21.329507],[-102.798499,21.306914],[-102.807734,21.322723],[-102.817601,21.318541],[-102.815159,21.294669],[-102.839739,21.301574],[-102.849731,21.29021],[-102.844829,21.277327],[-102.859397,21.270478],[-102.863655,21.252757],[-102.872861,21.255163],[-102.876574,21.236634],[-102.883657,21.241811],[-102.903029,21.235186],[-102.910652,21.205235],[-102.947811,21.214601],[-102.946294,21.234443],[-102.979049,21.239731],[-102.996904,21.259682],[-103.011179,21.25537],[-103.017014,21.241049],[-103.029766,21.251065],[-103.045884,21.249426],[-103.044892,21.262365],[-103.0655,21.255806],[-103.056985,21.246788],[-103.077528,21.21545],[-103.069244,21.209929],[-103.084306,21.194059],[-103.071376,21.152934],[-103.0985,21.128493],[-103.091735,21.115819],[-103.073651,21.109954],[-103.07579,21.096889],[-103.065207,21.10433],[-103.056475,21.09932],[-103.077363,21.072431],[-103.105035,21.062016],[-103.123323,21.066804],[-103.129305,21.053278],[-103.162882,21.072886],[-103.188367,21.07066],[-103.188447,21.085153],[-103.209602,21.094221],[-103.232586,21.079094],[-103.258235,21.083066],[-103.257202,21.070731],[-103.275731,21.051447],[-103.296558,21.064838],[-103.301886,21.054584],[-103.330317,21.054501],[-103.335004,21.042644],[-103.353103,21.04526],[-103.395963,21.080288],[-103.39608,21.098677],[-103.418281,21.11523],[-103.423227,21.125232],[-103.416266,21.137278],[-103.428582,21.146724],[-103.469256,21.143362],[-103.504052,21.127739],[-103.510964,21.146222],[-103.531465,21.141978],[-103.529787,21.134092],[-103.553696,21.116748],[-103.568959,21.116718],[-103.591682,21.128616],[-103.601982,21.151671],[-103.613608,21.156247],[-103.618634,21.188779],[-103.667324,21.216049],[-103.663352,21.224163],[-103.640196,21.222072],[-103.633993,21.282292],[-103.658194,21.280432],[-103.666681,21.290465],[-103.69751,21.282856],[-103.716211,21.267868],[-103.720839,21.307961],[-103.705085,21.325498],[-103.677404,21.319911],[-103.663615,21.338128],[-103.618719,21.344481],[-103.616945,21.35341],[-103.578452,21.330234],[-103.56763,21.352216],[-103.509964,21.354893],[-103.50392,21.376837],[-103.533589,21.420613],[-103.5387,21.444771],[-103.560407,21.430218],[-103.567722,21.439297],[-103.575884,21.436154],[-103.586394,21.392366],[-103.595312,21.390906],[-103.622905,21.413111],[-103.626525,21.434482],[-103.66079,21.441584],[-103.658743,21.463698],[-103.701465,21.466266],[-103.691779,21.495603],[-103.672578,21.505455],[-103.694487,21.528887],[-103.686285,21.535055],[-103.687054,21.556036],[-103.658316,21.555907],[-103.660037,21.564789],[-103.644878,21.576454],[-103.629794,21.573351],[-103.619005,21.556864],[-103.592918,21.559226],[-103.590497,21.589795],[-103.558892,21.576404],[-103.545222,21.587639],[-103.555492,21.634084],[-103.540796,21.665293],[-103.52671,21.675563],[-103.517853,21.711469],[-103.509844,21.713006],[-103.508474,21.739735],[-103.52789,21.772328],[-103.560763,21.780284],[-103.572627,21.80349],[-103.526058,21.805065],[-103.531425,21.817839],[-103.502817,21.833075],[-103.482508,21.813264],[-103.47053,21.81354],[-103.472357,21.836004],[-103.455357,21.832796],[-103.451328,21.85392],[-103.41387,21.905455],[-103.394339,21.896695],[-103.374798,21.913684],[-103.34408,21.913472],[-103.341351,21.940403],[-103.278561,21.98965],[-103.264715,21.971845],[-103.24475,21.966603],[-103.246818,21.975947],[-103.239971,21.976722],[-103.205568,21.965194],[-103.191812,21.97445],[-103.201662,21.998568],[-103.165657,21.996815],[-103.111486,22.014261],[-103.107909,22.063396],[-103.154285,22.072237],[-103.152784,22.087622],[-103.135093,22.090462],[-103.125585,22.104791],[-103.1017,22.101798],[-103.077025,22.125504],[-103.078751,22.137053],[-103.108798,22.144341],[-103.106059,22.191356],[-103.05477,22.213827],[-103.062069,22.228268],[-103.055455,22.247256],[-103.078274,22.257098],[-103.08296,22.277083],[-103.100988,22.293975],[-103.190574,22.298527],[-103.201916,22.280304],[-103.220622,22.280466],[-103.208233,22.333081],[-103.194085,22.331981],[-103.16859,22.354616],[-103.168578,22.385013],[-103.189363,22.390246],[-103.198771,22.380601],[-103.203927,22.40407],[-103.213413,22.410073],[-103.232121,22.393394],[-103.252186,22.398945],[-103.260246,22.411858],[-103.285231,22.414244],[-103.300502,22.39299],[-103.309176,22.392008],[-103.314585,22.404908],[-103.329287,22.384537],[-103.364717,22.369536],[-103.366683,22.351039],[-103.362553,22.336354],[-103.342955,22.335122],[-103.363756,22.314483],[-103.350093,22.307457],[-103.355688,22.279799],[-103.338376,22.287513],[-103.327706,22.30736],[-103.306883,22.306283],[-103.29779,22.298337],[-103.313938,22.258711],[-103.295104,22.253285],[-103.311934,22.233257],[-103.337697,22.245164],[-103.383026,22.227013],[-103.385657,22.212529],[-103.40896,22.215365],[-103.417231,22.190476],[-103.434125,22.190761],[-103.419686,22.177483],[-103.429176,22.162185],[-103.425934,22.139425],[-103.4395,22.117639],[-103.454936,22.115309],[-103.459183,22.10588],[-103.473181,22.105532],[-103.479304,22.114794],[-103.501564,22.105564],[-103.515897,22.109916],[-103.514551,22.129109],[-103.542737,22.120612],[-103.550216,22.135679],[-103.560141,22.136586],[-103.57995,22.126827],[-103.58112,22.104871],[-103.594043,22.111647],[-103.604705,22.097942],[-103.683847,22.109205],[-103.677371,22.118706],[-103.690293,22.130093],[-103.654474,22.171936],[-103.65776,22.183843],[-103.630896,22.238918],[-103.594903,22.273078],[-103.637788,22.295233],[-103.642111,22.340873],[-103.604802,22.340142],[-103.610687,22.359842],[-103.597563,22.37453],[-103.59402,22.407215],[-103.559194,22.428428],[-103.572529,22.437541],[-103.579334,22.496196],[-103.594601,22.505447],[-103.583734,22.521966],[-103.599335,22.526375],[-103.602759,22.556792],[-103.622382,22.563574],[-103.661011,22.547144],[-103.672586,22.561129],[-103.68179,22.5548],[-103.726555,22.574147],[-103.759241,22.551665],[-103.769102,22.555789],[-103.78566,22.510457],[-103.786983,22.477768],[-103.810176,22.427285],[-103.811152,22.376745],[-103.845434,22.342757],[-103.82862,22.286613],[-103.844868,22.262551],[-103.844076,22.222066],[-103.862936,22.166882],[-103.885094,22.196416],[-103.886139,22.226177],[-103.917876,22.26197],[-103.910149,22.283328],[-103.926124,22.332073],[-103.9213,22.34788],[-103.89574,22.364115],[-103.898727,22.379577],[-103.883451,22.390024],[-103.8862,22.400203],[-103.869312,22.401262],[-103.866929,22.409381],[-103.880623,22.418163],[-103.873181,22.424761],[-103.8947,22.438164],[-103.876098,22.441184],[-103.885369,22.473525],[-103.87107,22.472475],[-103.863985,22.491443],[-103.864206,22.513464],[-103.875186,22.521576],[-103.866883,22.544696],[-103.851798,22.55362],[-103.860721,22.567619],[-103.8196,22.595579],[-103.773451,22.611495],[-103.760962,22.625614],[-103.76846,22.643329],[-103.758669,22.658421],[-103.763198,22.677018],[-103.751311,22.695047],[-103.751986,22.711645],[-103.754806,22.719548],[-103.769074,22.720392],[-103.774674,22.733869],[-103.819172,22.728331],[-103.82661,22.734944],[-103.836213,22.728007],[-103.875114,22.737158],[-103.898328,22.728277],[-103.908855,22.749976],[-103.911336,22.749534],[-103.930363,22.745456],[-103.932911,22.745338],[-103.93374,22.746047]]]},"properties":{"name":"Jalisco","created_at":"2013-12-01T18:59:38+0100","updated_at":"2013-12-01T18:59:38+0100","cartodb_id":15}},
{"type":"Feature","geometry":{"type":"Polygon","coordinates":[[[-91.675113,17.471542],[-91.652217,17.492194],[-91.649077,17.517773],[-91.634288,17.534624],[-91.638827,17.581469],[-91.663563,17.612167],[-91.644567,17.621925],[-91.659899,17.630447],[-91.652811,17.638571],[-91.664339,17.666661],[-91.654744,17.676157],[-91.672992,17.683472],[-91.681377,17.670134],[-91.693711,17.685001],[-91.700958,17.67894],[-91.704036,17.692225],[-91.717077,17.687747],[-91.717545,17.698409],[-91.724764,17.692064],[-91.733294,17.69658],[-91.738806,17.710809],[-91.748244,17.700177],[-91.767853,17.703115],[-91.776603,17.715432],[-91.780532,17.707819],[-91.786516,17.719026],[-91.830662,17.737677],[-91.810325,17.751323],[-91.790162,17.746018],[-91.782253,17.782485],[-91.792372,17.824517],[-91.77969,17.851299],[-91.804369,17.868866],[-91.810908,17.899401],[-91.849686,17.882865],[-91.870689,17.890781],[-91.894161,17.8875],[-91.918128,17.89952],[-91.928061,17.870823],[-91.948409,17.863308],[-91.956833,17.87993],[-91.940304,17.907413],[-91.983999,17.918523],[-91.986598,17.923063],[-91.999888,17.943345],[-91.99129,17.919612],[-92.003355,17.890518],[-92.015547,17.897501],[-92.019708,17.887824],[-92.071797,17.877674],[-92.051647,17.866091],[-92.054366,17.847614],[-92.090469,17.856599],[-92.102033,17.85088],[-92.105535,17.812939],[-92.120482,17.795973],[-92.146583,17.814676],[-92.127138,17.785898],[-92.135972,17.779012],[-92.130825,17.76608],[-92.151708,17.764569],[-92.152454,17.779066],[-92.17195,17.786568],[-92.188487,17.768135],[-92.194499,17.776641],[-92.22606,17.748778],[-92.247396,17.72455],[-92.274623,17.692258],[-92.32809,17.71373],[-92.349897,17.702785],[-92.349159,17.654728],[-92.358132,17.641959],[-92.350674,17.617934],[-92.400858,17.586033],[-92.402079,17.57804],[-92.436776,17.570097],[-92.467617,17.577119],[-92.519985,17.57305],[-92.530073,17.549998],[-92.558031,17.540225],[-92.571411,17.549609],[-92.59699,17.52036],[-92.594064,17.492952],[-92.605825,17.477376],[-92.648866,17.460699],[-92.659408,17.444285],[-92.668185,17.456695],[-92.678765,17.378494],[-92.729508,17.348129],[-92.755006,17.343407],[-92.758737,17.358198],[-92.770663,17.360396],[-92.768309,17.385504],[-92.790794,17.404985],[-92.785795,17.417527],[-92.8294,17.408599],[-92.829216,17.3963],[-92.854264,17.411198],[-92.856191,17.418876],[-92.825825,17.423784],[-92.819631,17.432746],[-92.831552,17.480857],[-92.849876,17.468978],[-92.859809,17.500282],[-92.887356,17.510464],[-92.912938,17.498213],[-92.939199,17.502447],[-92.94812,17.482743],[-92.968042,17.517973],[-92.984873,17.511308],[-92.992648,17.530016],[-92.98049,17.537563],[-92.98834,17.550006],[-93.005565,17.555248],[-93.004488,17.579588],[-93.040525,17.609828],[-93.045458,17.659105],[-93.037116,17.703382],[-93.057725,17.720489],[-93.042638,17.768412],[-93.027801,17.771645],[-93.012013,17.793669],[-93.025436,17.825418],[-93.043126,17.842577],[-93.101645,17.845828],[-93.115641,17.822213],[-93.1318,17.852316],[-93.123626,17.87445],[-93.091959,17.886576],[-93.091376,17.897561],[-93.104975,17.907419],[-93.129129,17.907852],[-93.145982,17.919927],[-93.145078,17.932353],[-93.183144,17.940309],[-93.192002,17.956136],[-93.207359,17.960638],[-93.240921,17.950095],[-93.278323,17.985288],[-93.29801,17.938582],[-93.325267,17.927943],[-93.33667,17.936601],[-93.340897,17.930331],[-93.336022,17.904987],[-93.350583,17.876066],[-93.334295,17.851699],[-93.349311,17.815428],[-93.340586,17.798121],[-93.366611,17.802923],[-93.380948,17.783165],[-93.364419,17.779084],[-93.358503,17.788396],[-93.343112,17.787517],[-93.349135,17.767085],[-93.390548,17.7734],[-93.373947,17.732995],[-93.354302,17.712882],[-93.356278,17.648037],[-93.384789,17.644378],[-93.384968,17.634176],[-93.409599,17.619298],[-93.42049,17.590048],[-93.445946,17.585986],[-93.451707,17.546484],[-93.484146,17.549877],[-93.502521,17.499523],[-93.514879,17.490323],[-93.506041,17.477491],[-93.513805,17.442805],[-93.60794,17.31493],[-93.638132,17.290948],[-93.664411,17.286193],[-93.662694,17.256277],[-93.762976,17.239344],[-93.77245,17.245824],[-93.78861,17.232327],[-93.794854,17.240898],[-93.797595,17.241967],[-93.82663,17.190494],[-93.827138,17.172503],[-93.860916,17.163741],[-93.867427,17.136965],[-94.139156,16.461786],[-94.050665,16.329714],[-94.032961,16.275945],[-94.043534,16.255687],[-94.035196,16.239554],[-94.04847,16.216171],[-94.109568,16.179101],[-94.102764,16.142516],[-94.036008,16.022095],[-94.000219,16.003089],[-93.95715,15.984602],[-93.952847,15.989889],[-93.890756,15.972624],[-93.722467,15.880207],[-93.520816,15.739432],[-93.316714,15.578205],[-92.954389,15.256744],[-92.515898,14.805036],[-92.432573,14.728423],[-92.408983,14.703017],[-92.410629,14.694944],[-92.226752,14.532098],[-92.21526,14.556898],[-92.182476,14.578329],[-92.177054,14.626226],[-92.145738,14.663443],[-92.147495,14.719035],[-92.169931,14.74375],[-92.171761,14.756746],[-92.160726,14.773497],[-92.184834,14.828264],[-92.171742,14.860193],[-92.146563,14.870205],[-92.136216,14.89165],[-92.144695,14.909504],[-92.150768,14.986918],[-92.126983,15.015237],[-92.098791,15.009607],[-92.085666,15.020729],[-92.077924,15.045881],[-92.070196,15.046781],[-92.07316,15.061511],[-92.059197,15.070334],[-92.210076,15.261215],[-91.731384,16.07402],[-90.440841,16.074195],[-90.445154,16.083022],[-90.424106,16.099542],[-90.431792,16.105881],[-90.45564,16.093441],[-90.452838,16.123607],[-90.428621,16.120954],[-90.428681,16.13934],[-90.448515,16.143798],[-90.449882,16.151013],[-90.424505,16.163184],[-90.431462,16.177648],[-90.451978,16.18504],[-90.456673,16.209506],[-90.451191,16.224895],[-90.428085,16.234608],[-90.440044,16.247574],[-90.450551,16.240541],[-90.454717,16.248648],[-90.445475,16.261525],[-90.428265,16.253893],[-90.42243,16.259179],[-90.440482,16.279792],[-90.431792,16.292224],[-90.43857,16.302095],[-90.411644,16.307236],[-90.410011,16.329183],[-90.397535,16.339599],[-90.381642,16.33845],[-90.403034,16.361057],[-90.409314,16.345899],[-90.409766,16.363016],[-90.395812,16.374512],[-90.379722,16.360027],[-90.370698,16.364676],[-90.371952,16.373462],[-90.401816,16.393002],[-90.387292,16.412002],[-90.397923,16.416176],[-90.40772,16.404033],[-90.420724,16.424897],[-90.484559,16.423018],[-90.477613,16.459326],[-90.495804,16.453489],[-90.500609,16.466915],[-90.514216,16.469896],[-90.527802,16.457716],[-90.546939,16.468056],[-90.544017,16.481707],[-90.58667,16.469513],[-90.594368,16.490652],[-90.61345,16.48845],[-90.620423,16.477178],[-90.633972,16.481271],[-90.633442,16.489112],[-90.618592,16.488638],[-90.605625,16.503637],[-90.616584,16.52179],[-90.635595,16.513521],[-90.64541,16.518643],[-90.647078,16.560518],[-90.625601,16.577704],[-90.640493,16.595814],[-90.644635,16.579077],[-90.666841,16.581806],[-90.666974,16.589186],[-90.653358,16.594503],[-90.657596,16.639458],[-90.675948,16.660561],[-90.681692,16.68857],[-90.709512,16.704755],[-90.715258,16.727891],[-90.756845,16.751061],[-90.762431,16.762754],[-90.802809,16.776235],[-90.804092,16.798716],[-90.848784,16.796535],[-90.877713,16.823786],[-90.921765,16.821935],[-90.933639,16.859326],[-90.974055,16.863626],[-90.954509,16.884474],[-90.965009,16.9015],[-90.985063,16.897954],[-90.980503,16.87268],[-90.987831,16.863085],[-91.007112,16.886184],[-91.065627,16.902858],[-91.074044,16.913636],[-91.06448,16.92513],[-91.12005,16.977528],[-91.122759,17.003384],[-91.154403,17.00487],[-91.175253,17.015704],[-91.210307,17.053078],[-91.226958,17.095059],[-91.266943,17.107878],[-91.273068,17.137734],[-91.266447,17.170133],[-91.279086,17.179633],[-91.32445,17.182747],[-91.335571,17.161244],[-91.349162,17.160025],[-91.354748,17.190771],[-91.375529,17.204555],[-91.411222,17.206194],[-91.427424,17.216595],[-91.439678,17.248787],[-91.439759,17.25],[-91.439504,17.252607],[-91.438883,17.254289],[-91.437467,17.257007],[-91.433914,17.262501],[-91.431961,17.265285],[-91.426477,17.297063],[-91.425529,17.301844],[-91.412593,17.307549],[-91.391313,17.299314],[-91.38887,17.299728],[-91.388178,17.301284],[-91.3839,17.3101],[-91.38354,17.315087],[-91.384233,17.31852],[-91.38836,17.323489],[-91.396997,17.337945],[-91.416775,17.345627],[-91.417666,17.370916],[-91.437637,17.383883],[-91.456496,17.375722],[-91.5005,17.39833],[-91.509936,17.392203],[-91.536847,17.407363],[-91.537244,17.419736],[-91.552093,17.422567],[-91.558794,17.40053],[-91.579688,17.407344],[-91.606898,17.416891],[-91.620208,17.4317],[-91.643326,17.430988],[-91.672043,17.444059],[-91.664635,17.461233],[-91.676101,17.462794],[-91.690059,17.465876],[-91.691705,17.465573],[-91.700267,17.467764],[-91.691287,17.474275],[-91.689341,17.474992],[-91.681906,17.469448],[-91.676324,17.474979],[-91.675923,17.473957],[-91.675643,17.472139],[-91.675113,17.471542]]]},"properties":{"name":"Chiapas","created_at":"2013-12-01T18:59:38+0100","updated_at":"2013-12-01T18:59:38+0100","cartodb_id":16}},
{"type":"Feature","geometry":{"type":"Polygon","coordinates":[[[-92.449221,18.594225],[-92.452153,18.600063],[-92.465745,18.616563],[-92.46879,18.650965],[-92.634573,18.612825],[-92.66871,18.610386],[-92.687306,18.619392],[-92.722634,18.558842],[-92.777459,18.500415],[-92.827977,18.467801],[-92.903583,18.441354],[-93.028547,18.43108],[-93.097103,18.442821],[-93.184879,18.441081],[-93.198363,18.453165],[-93.18365,18.437674],[-93.186767,18.43113],[-93.194369,18.433272],[-93.192614,18.443418],[-93.210517,18.438902],[-93.214067,18.446873],[-93.234852,18.439155],[-93.435261,18.427913],[-93.58552,18.392095],[-93.846292,18.305901],[-93.848999,18.297679],[-94.130025,18.212851],[-94.125639,18.166691],[-94.121716,18.164921],[-94.106066,18.174213],[-94.102881,18.173449],[-94.099907,18.171091],[-94.096997,18.166958],[-94.09714,18.113518],[-94.094845,18.110675],[-94.090558,18.10807],[-94.083407,18.102443],[-94.081588,18.099914],[-94.081176,18.094633],[-94.09415,18.084844],[-94.095899,18.083455],[-94.097205,18.07973],[-94.078137,18.061383],[-94.074716,18.059619],[-94.078016,18.043076],[-94.082151,18.011636],[-94.083493,18.005567],[-94.066524,18.009396],[-94.0614,17.988124],[-94.068516,17.979593],[-94.073533,17.987771],[-94.09199,17.961932],[-94.08801,17.906481],[-94.079309,17.891046],[-94.083431,17.869868],[-94.062605,17.863088],[-94.033158,17.872557],[-94.037534,17.862659],[-94.025947,17.840381],[-93.995612,17.836618],[-93.994615,17.84602],[-93.987871,17.834358],[-93.98533,17.850783],[-93.978097,17.851602],[-93.956209,17.834156],[-93.957443,17.825315],[-93.964995,17.829968],[-93.958328,17.819729],[-93.968012,17.81715],[-93.956801,17.81064],[-93.962629,17.798869],[-93.950631,17.800412],[-93.956104,17.78172],[-93.935259,17.759097],[-93.940107,17.75317],[-93.922315,17.746328],[-93.910119,17.754691],[-93.89128,17.748081],[-93.877049,17.756564],[-93.869609,17.739323],[-93.883662,17.735534],[-93.869997,17.713536],[-93.864996,17.722187],[-93.848581,17.720709],[-93.84302,17.711367],[-93.826586,17.719192],[-93.822341,17.699577],[-93.806989,17.705919],[-93.805155,17.689356],[-93.77257,17.692709],[-93.765041,17.674573],[-93.759768,17.685117],[-93.751789,17.683987],[-93.756719,17.676872],[-93.738511,17.67937],[-93.747079,17.668351],[-93.729965,17.641892],[-93.737735,17.63162],[-93.731291,17.636196],[-93.732883,17.62576],[-93.715112,17.620826],[-93.71917,17.633464],[-93.713184,17.63067],[-93.709691,17.611633],[-93.699657,17.613686],[-93.699464,17.596024],[-93.67761,17.58587],[-93.657231,17.555991],[-93.654564,17.555499],[-93.633392,17.556946],[-93.631144,17.556735],[-93.6302,17.556124],[-93.628875,17.554174],[-93.63161,17.551305],[-93.631339,17.549982],[-93.624169,17.549174],[-93.618435,17.554922],[-93.625021,17.514637],[-93.637341,17.509814],[-93.624105,17.493457],[-93.639343,17.459585],[-93.650414,17.458855],[-93.636597,17.455277],[-93.64518,17.442402],[-93.638206,17.436086],[-93.657579,17.416907],[-93.672996,17.419918],[-93.69492,17.387804],[-93.685747,17.372368],[-93.634959,17.337702],[-93.644528,17.330767],[-93.64513,17.33004],[-93.635868,17.314355],[-93.627432,17.312843],[-93.624387,17.322481],[-93.60794,17.31493],[-93.513805,17.442805],[-93.506041,17.477491],[-93.514879,17.490323],[-93.502521,17.499523],[-93.484146,17.549877],[-93.451707,17.546484],[-93.445946,17.585986],[-93.42049,17.590048],[-93.409599,17.619298],[-93.384968,17.634176],[-93.384789,17.644378],[-93.356278,17.648037],[-93.354302,17.712882],[-93.373947,17.732995],[-93.390548,17.7734],[-93.349135,17.767085],[-93.343112,17.787517],[-93.358503,17.788396],[-93.364419,17.779084],[-93.380948,17.783165],[-93.366611,17.802923],[-93.340586,17.798121],[-93.349311,17.815428],[-93.334295,17.851699],[-93.350583,17.876066],[-93.336022,17.904987],[-93.340897,17.930331],[-93.33667,17.936601],[-93.325267,17.927943],[-93.29801,17.938582],[-93.278323,17.985288],[-93.240921,17.950095],[-93.207359,17.960638],[-93.192002,17.956136],[-93.183144,17.940309],[-93.145078,17.932353],[-93.145982,17.919927],[-93.129129,17.907852],[-93.104975,17.907419],[-93.091376,17.897561],[-93.091959,17.886576],[-93.123626,17.87445],[-93.1318,17.852316],[-93.115641,17.822213],[-93.101645,17.845828],[-93.043126,17.842577],[-93.025436,17.825418],[-93.012013,17.793669],[-93.027801,17.771645],[-93.042638,17.768412],[-93.057725,17.720489],[-93.037116,17.703382],[-93.045458,17.659105],[-93.040525,17.609828],[-93.004488,17.579588],[-93.005565,17.555248],[-92.98834,17.550006],[-92.98049,17.537563],[-92.992648,17.530016],[-92.984873,17.511308],[-92.968042,17.517973],[-92.94812,17.482743],[-92.939199,17.502447],[-92.912938,17.498213],[-92.887356,17.510464],[-92.859809,17.500282],[-92.849876,17.468978],[-92.831552,17.480857],[-92.819631,17.432746],[-92.825825,17.423784],[-92.856191,17.418876],[-92.854264,17.411198],[-92.829216,17.3963],[-92.8294,17.408599],[-92.785795,17.417527],[-92.790794,17.404985],[-92.768309,17.385504],[-92.770663,17.360396],[-92.758737,17.358198],[-92.755006,17.343407],[-92.729508,17.348129],[-92.678765,17.378494],[-92.668185,17.456695],[-92.659408,17.444285],[-92.648866,17.460699],[-92.605825,17.477376],[-92.594064,17.492952],[-92.59699,17.52036],[-92.571411,17.549609],[-92.558031,17.540225],[-92.530073,17.549998],[-92.519985,17.57305],[-92.467617,17.577119],[-92.436776,17.570097],[-92.402079,17.57804],[-92.400858,17.586033],[-92.350674,17.617934],[-92.358132,17.641959],[-92.349159,17.654728],[-92.349897,17.702785],[-92.32809,17.71373],[-92.274623,17.692258],[-92.247396,17.72455],[-92.22606,17.748778],[-92.194499,17.776641],[-92.188487,17.768135],[-92.17195,17.786568],[-92.152454,17.779066],[-92.151708,17.764569],[-92.130825,17.76608],[-92.135972,17.779012],[-92.127138,17.785898],[-92.146583,17.814676],[-92.120482,17.795973],[-92.105535,17.812939],[-92.102033,17.85088],[-92.090469,17.856599],[-92.054366,17.847614],[-92.051647,17.866091],[-92.071797,17.877674],[-92.019708,17.887824],[-92.015547,17.897501],[-92.003355,17.890518],[-91.99129,17.919612],[-91.999888,17.943345],[-91.986598,17.923063],[-91.983999,17.918523],[-91.940304,17.907413],[-91.956833,17.87993],[-91.948409,17.863308],[-91.928061,17.870823],[-91.918128,17.89952],[-91.894161,17.8875],[-91.870689,17.890781],[-91.849686,17.882865],[-91.810908,17.899401],[-91.804369,17.868866],[-91.77969,17.851299],[-91.792372,17.824517],[-91.782253,17.782485],[-91.790162,17.746018],[-91.810325,17.751323],[-91.830662,17.737677],[-91.786516,17.719026],[-91.780532,17.707819],[-91.776603,17.715432],[-91.767853,17.703115],[-91.748244,17.700177],[-91.738806,17.710809],[-91.733294,17.69658],[-91.724764,17.692064],[-91.717545,17.698409],[-91.717077,17.687747],[-91.704036,17.692225],[-91.700958,17.67894],[-91.693711,17.685001],[-91.681377,17.670134],[-91.672992,17.683472],[-91.654744,17.676157],[-91.664339,17.666661],[-91.652811,17.638571],[-91.659899,17.630447],[-91.644567,17.621925],[-91.663563,17.612167],[-91.638827,17.581469],[-91.634288,17.534624],[-91.649077,17.517773],[-91.652217,17.492194],[-91.675113,17.471542],[-91.675643,17.472139],[-91.675923,17.473957],[-91.676324,17.474979],[-91.681906,17.469448],[-91.689341,17.474992],[-91.691287,17.474275],[-91.700267,17.467764],[-91.691705,17.465573],[-91.690059,17.465876],[-91.676101,17.462794],[-91.664635,17.461233],[-91.672043,17.444059],[-91.643326,17.430988],[-91.620208,17.4317],[-91.606898,17.416891],[-91.579688,17.407344],[-91.558794,17.40053],[-91.552093,17.422567],[-91.537244,17.419736],[-91.536847,17.407363],[-91.509936,17.392203],[-91.5005,17.39833],[-91.456496,17.375722],[-91.437637,17.383883],[-91.417666,17.370916],[-91.416775,17.345627],[-91.396997,17.337945],[-91.38836,17.323489],[-91.384233,17.31852],[-91.38354,17.315087],[-91.3839,17.3101],[-91.388178,17.301284],[-91.38887,17.299728],[-91.391313,17.299314],[-91.412593,17.307549],[-91.425529,17.301844],[-91.426477,17.297063],[-91.431961,17.265285],[-91.433914,17.262501],[-91.437467,17.257007],[-91.439332,17.253179],[-91.439697,17.250967],[-91.397294,17.250893],[-91.37017,17.251051],[-91.355967,17.250899],[-91.346579,17.251098],[-91.344909,17.250938],[-91.278524,17.251733],[-90.987459,17.251025],[-90.98764,17.815473],[-90.987663,17.875357],[-90.995637,17.875489],[-90.995506,17.902157],[-90.987666,17.901351],[-90.987952,17.962545],[-91.1202,17.963375],[-91.113581,17.97585],[-91.130669,17.98225],[-91.133182,17.95801],[-91.151123,17.962673],[-91.144727,17.97516],[-91.21746,17.974987],[-91.327024,18.062665],[-91.359426,18.070372],[-91.384425,18.064065],[-91.398592,18.080005],[-91.433366,18.082098],[-91.477323,18.112795],[-91.504036,18.116459],[-91.505732,18.130003],[-91.516532,18.130485],[-91.515213,18.154952],[-91.501864,18.155569],[-91.509337,18.171055],[-91.534505,18.146174],[-91.552761,18.158176],[-91.579966,18.15818],[-91.572199,18.142015],[-91.595347,18.125175],[-91.589753,18.108009],[-91.603224,18.107744],[-91.609505,18.098438],[-91.607579,18.074505],[-91.619295,18.060804],[-91.612269,18.045021],[-91.62474,17.949072],[-91.612714,17.912919],[-91.633089,17.905016],[-91.638806,17.873954],[-91.725101,17.924495],[-91.760487,17.957626],[-91.762267,17.939014],[-91.804644,17.972551],[-91.867208,17.983266],[-91.900355,18.012147],[-91.966748,18.015988],[-91.978779,18.04283],[-91.992155,18.039257],[-92.014429,18.052613],[-92.028242,18.077172],[-92.042095,18.078319],[-92.039939,18.09795],[-92.076796,18.094287],[-92.081558,18.08569],[-92.084142,18.085861],[-92.121662,18.101755],[-92.128336,18.12015],[-92.149043,18.13673],[-92.148782,18.149296],[-92.160903,18.155424],[-92.164424,18.197866],[-92.148938,18.210406],[-92.183244,18.274063],[-92.172951,18.275338],[-92.174426,18.293303],[-92.180429,18.289824],[-92.171358,18.338954],[-92.181949,18.375902],[-92.176148,18.458233],[-92.310287,18.455579],[-92.322529,18.473081],[-92.331575,18.4603],[-92.337335,18.457824],[-92.341602,18.453533],[-92.344646,18.449449],[-92.348714,18.443094],[-92.350199,18.442463],[-92.353802,18.442294],[-92.365494,18.464623],[-92.414052,18.487292],[-92.426431,18.514974],[-92.42389,18.549298],[-92.42623,18.557041],[-92.449221,18.594225]]]},"properties":{"name":"Tabasco","created_at":"2013-12-01T18:59:38+0100","updated_at":"2013-12-01T18:59:38+0100","cartodb_id":17}},
{"type":"Feature","geometry":{"type":"Polygon","coordinates":[[[-96.680483,18.668598],[-96.682765,18.669121],[-96.681096,18.647949],[-96.688697,18.638793],[-96.672464,18.607574],[-96.693828,18.591209],[-96.688759,18.581216],[-96.702149,18.581227],[-96.690941,18.567974],[-96.699631,18.553343],[-96.715605,18.573241],[-96.724222,18.558988],[-96.711827,18.548055],[-96.726899,18.529829],[-96.719028,18.522128],[-96.706169,18.526337],[-96.702868,18.510269],[-96.682275,18.507118],[-96.691078,18.489828],[-96.682542,18.475062],[-96.692883,18.457549],[-96.705323,18.456711],[-96.709707,18.429954],[-96.681037,18.412204],[-96.679299,18.386075],[-96.680547,18.384427],[-96.680613,18.38357],[-96.674563,18.381395],[-96.681615,18.375584],[-96.691831,18.38085],[-96.69625,18.364754],[-96.695821,18.375572],[-96.69624,18.379828],[-96.732327,18.3737],[-96.741497,18.383857],[-96.72865,18.395737],[-96.753309,18.392943],[-96.754638,18.392159],[-96.755003,18.389912],[-96.753827,18.389822],[-96.751784,18.390342],[-96.750908,18.388419],[-96.750494,18.380943],[-96.762764,18.38323],[-96.780429,18.363533],[-96.784213,18.338328],[-96.821823,18.320684],[-96.817574,18.300786],[-96.843231,18.271072],[-96.841712,18.256453],[-96.854761,18.241228],[-96.885258,18.243963],[-96.913053,18.238538],[-96.916154,18.230642],[-96.921876,18.240619],[-96.936835,18.216032],[-96.974141,18.232437],[-96.991479,18.230739],[-97.040204,18.174819],[-97.042094,18.156569],[-97.113758,18.149468],[-97.123903,18.162464],[-97.133885,18.15772],[-97.133818,18.174134],[-97.144035,18.163429],[-97.167368,18.200903],[-97.192353,18.192375],[-97.187222,18.175157],[-97.214348,18.163668],[-97.228667,18.174592],[-97.266266,18.158545],[-97.303409,18.159079],[-97.318442,18.145781],[-97.332194,18.14541],[-97.376553,18.094512],[-97.402904,18.107489],[-97.41124,18.102393],[-97.425559,18.069276],[-97.448149,18.065984],[-97.447491,18.053475],[-97.46714,18.029387],[-97.465205,18.028406],[-97.505915,18.027822],[-97.534046,18.046338],[-97.543905,18.033445],[-97.563792,18.062581],[-97.56962,18.103387],[-97.608154,18.131011],[-97.609298,18.153683],[-97.653176,18.175289],[-97.634024,18.200068],[-97.643982,18.279418],[-97.654714,18.293093],[-97.699706,18.288229],[-97.721274,18.276048],[-97.783195,18.286282],[-97.797297,18.283175],[-97.815455,18.262047],[-97.82762,18.236935],[-97.822961,18.223404],[-97.844103,18.216151],[-97.859227,18.192289],[-97.839462,18.171231],[-97.853627,18.167925],[-97.867483,18.144571],[-97.867221,18.114895],[-97.84946,18.083741],[-97.81067,18.067717],[-97.834782,18.049799],[-97.842604,17.996082],[-97.826272,17.972677],[-97.81657,17.993477],[-97.790921,18.004158],[-97.798544,18.035802],[-97.771671,18.068368],[-97.749095,18.06064],[-97.729926,18.037323],[-97.697775,18.018816],[-97.699742,18.001637],[-97.728538,18.012226],[-97.766381,18.005915],[-97.767941,17.976653],[-97.803375,17.960459],[-97.819287,17.914738],[-97.832356,17.908532],[-97.879112,17.917909],[-97.903105,17.909157],[-97.936302,17.917179],[-97.937995,17.940669],[-97.948849,17.948156],[-97.934958,17.961019],[-97.93738,17.967901],[-97.979377,17.964442],[-97.986469,17.9786],[-97.999585,17.975526],[-98.029787,17.991836],[-98.046714,17.976206],[-98.064118,17.985577],[-98.113026,17.978425],[-98.130394,17.988084],[-98.129921,17.977975],[-98.16961,17.952834],[-98.170911,17.902058],[-98.202758,17.892404],[-98.209746,17.879758],[-98.254775,17.883627],[-98.270197,17.915599],[-98.26223,17.926877],[-98.273323,17.922365],[-98.28231,17.93515],[-98.302075,17.893108],[-98.328825,17.878926],[-98.349073,17.893173],[-98.362862,17.881634],[-98.382604,17.88367],[-98.398755,17.860912],[-98.423598,17.864837],[-98.424957,17.839595],[-98.496343,17.768809],[-98.486173,17.680992],[-98.470705,17.678096],[-98.461045,17.630359],[-98.450505,17.633345],[-98.433108,17.622995],[-98.410152,17.599769],[-98.376972,17.605349],[-98.329452,17.532981],[-98.330827,17.511763],[-98.320298,17.506882],[-98.311884,17.477492],[-98.329014,17.478728],[-98.335851,17.456305],[-98.304915,17.394304],[-98.287373,17.329011],[-98.304811,17.32752],[-98.323495,17.275944],[-98.288483,17.23822],[-98.277192,17.250076],[-98.244342,17.251467],[-98.203136,17.216287],[-98.2004,17.203812],[-98.205117,17.191024],[-98.217681,17.186864],[-98.225046,17.15228],[-98.2226,17.12215],[-98.153424,17.110403],[-98.150009,17.102431],[-98.118011,17.095515],[-98.080914,17.066581],[-98.007276,17.040137],[-98.030158,17.015757],[-98.057494,17.023776],[-98.111261,16.958868],[-98.072334,16.87425],[-98.108157,16.760951],[-98.135178,16.758393],[-98.124237,16.749641],[-98.138994,16.723784],[-98.175211,16.718004],[-98.200271,16.697235],[-98.201545,16.712672],[-98.221347,16.708548],[-98.233535,16.717366],[-98.243442,16.6967],[-98.246312,16.672367],[-98.233067,16.670633],[-98.228459,16.639504],[-98.214206,16.618795],[-98.193776,16.621463],[-98.203364,16.58718],[-98.269427,16.558455],[-98.292829,16.557781],[-98.291703,16.570066],[-98.32997,16.572748],[-98.34028,16.558169],[-98.395139,16.546836],[-98.383324,16.512656],[-98.387333,16.497786],[-98.368332,16.500852],[-98.368838,16.491178],[-98.352532,16.489431],[-98.359878,16.471705],[-98.349938,16.444449],[-98.399158,16.380513],[-98.470855,16.381155],[-98.533398,16.351583],[-98.552632,16.315953],[-98.422109,16.270286],[-98.292053,16.252124],[-98.204273,16.228545],[-98.186232,16.212238],[-98.105384,16.178439],[-97.961159,16.100555],[-97.788505,15.982445],[-97.679733,15.962339],[-97.655757,15.977797],[-97.565329,15.963303],[-97.529689,15.969431],[-97.421402,15.941835],[-97.368237,15.936833],[-97.334625,15.94604],[-97.21339,15.92369],[-97.146153,15.899086],[-97.083673,15.859232],[-97.062104,15.860438],[-97.048566,15.828191],[-97.023885,15.809693],[-96.933866,15.782646],[-96.860419,15.739822],[-96.698916,15.716239],[-96.556821,15.657169],[-96.550982,15.665279],[-96.494629,15.658366],[-96.49498,15.665736],[-96.482033,15.663328],[-96.46459,15.683231],[-96.452569,15.681465],[-96.426167,15.696439],[-96.361372,15.682295],[-96.351295,15.690256],[-96.237521,15.682484],[-96.225623,15.697868],[-96.205155,15.701587],[-96.203763,15.711963],[-96.192886,15.705382],[-96.144164,15.727652],[-96.152073,15.731124],[-96.145583,15.73776],[-96.127861,15.737606],[-96.131532,15.752572],[-96.123573,15.749667],[-96.121441,15.760717],[-96.099345,15.758427],[-96.094333,15.773658],[-96.074903,15.766737],[-96.066631,15.780933],[-95.954029,15.829636],[-95.833621,15.863719],[-95.777174,15.8711],[-95.780034,15.884754],[-95.770024,15.894602],[-95.662512,15.912416],[-95.568524,15.957792],[-95.49862,15.965552],[-95.485848,15.975768],[-95.435617,15.976096],[-95.424133,15.999712],[-95.368105,16.020875],[-95.378038,16.04635],[-95.350409,16.081641],[-95.275659,16.107403],[-95.281045,16.120468],[-95.247492,16.133342],[-95.248008,16.147153],[-95.233211,16.158283],[-95.213258,16.152892],[-95.212231,16.159366],[-95.198287,16.159909],[-95.202631,16.145699],[-95.1923,16.1674],[-95.151662,16.167948],[-95.157157,16.179349],[-95.142342,16.188651],[-95.062715,16.183986],[-94.831845,16.214537],[-94.699762,16.20991],[-94.540045,16.191865],[-94.42736,16.169845],[-94.273277,16.123268],[-94.000219,16.003089],[-94.036008,16.022095],[-94.102764,16.142516],[-94.109568,16.179101],[-94.04847,16.216171],[-94.035196,16.239554],[-94.043534,16.255687],[-94.032961,16.275945],[-94.050665,16.329714],[-94.139156,16.461786],[-93.867427,17.136965],[-94.922815,17.193788],[-94.911214,17.213706],[-94.909568,17.242781],[-94.895429,17.256378],[-94.909655,17.267977],[-94.901349,17.287453],[-94.914766,17.292577],[-94.889004,17.300078],[-94.890782,17.311056],[-94.927158,17.325141],[-94.95098,17.315649],[-94.966509,17.334368],[-95.076567,17.372934],[-95.253048,17.607806],[-95.264753,17.601563],[-95.278845,17.613243],[-95.27022,17.615738],[-95.271258,17.624735],[-95.248411,17.625582],[-95.259001,17.629011],[-95.248226,17.645978],[-95.241933,17.634958],[-95.218448,17.639328],[-95.20595,17.654664],[-95.201203,17.647412],[-95.194154,17.65508],[-95.188743,17.649629],[-95.182435,17.691063],[-95.238913,17.739264],[-95.258673,17.728543],[-95.268439,17.74117],[-95.264545,17.71852],[-95.279195,17.721894],[-95.292244,17.712422],[-95.297809,17.722141],[-95.309971,17.708555],[-95.306611,17.697156],[-95.316648,17.697578],[-95.333808,17.675183],[-95.338127,17.673671],[-95.343759,17.68366],[-95.351742,17.67184],[-95.367891,17.673656],[-95.386808,17.663857],[-95.407162,17.643332],[-95.413034,17.651861],[-95.418502,17.644044],[-95.42549,17.647472],[-95.426828,17.63657],[-95.446107,17.62176],[-95.456078,17.623088],[-95.454459,17.611103],[-95.473141,17.609113],[-95.463016,17.596394],[-95.479344,17.587829],[-95.48418,17.601899],[-95.507544,17.588668],[-95.506303,17.58733],[-95.505066,17.586796],[-95.502066,17.586219],[-95.50183,17.58586],[-95.502126,17.585059],[-95.503677,17.583773],[-95.50839,17.583641],[-95.520612,17.57804],[-95.520917,17.575885],[-95.517402,17.569618],[-95.524793,17.576024],[-95.531432,17.569784],[-95.525413,17.561262],[-95.531996,17.555834],[-95.542901,17.558694],[-95.545646,17.5545],[-95.547826,17.553509],[-95.551062,17.553386],[-95.555547,17.558642],[-95.557405,17.552257],[-95.558508,17.54792],[-95.56121,17.546217],[-95.568815,17.551239],[-95.577599,17.540183],[-95.577749,17.538705],[-95.582958,17.536462],[-95.586701,17.534888],[-95.590011,17.538298],[-95.591715,17.53808],[-95.595351,17.5378],[-95.596917,17.53702],[-95.60512,17.549013],[-95.607089,17.539818],[-95.643986,17.546474],[-95.645897,17.547369],[-95.651901,17.558452],[-95.654104,17.560393],[-95.654702,17.557352],[-95.648471,17.539889],[-95.685154,17.537532],[-95.702102,17.518492],[-95.702522,17.5187],[-95.706576,17.534019],[-95.725149,17.536226],[-95.726897,17.578029],[-95.771556,17.588686],[-95.77148,17.599698],[-95.781751,17.603028],[-95.792984,17.601434],[-95.791853,17.586363],[-95.80755,17.591842],[-95.803486,17.6071],[-95.773658,17.60585],[-95.781114,17.638877],[-95.803306,17.629366],[-95.808006,17.6468],[-95.830634,17.652625],[-95.844042,17.673121],[-95.867512,17.684839],[-95.871018,17.702169],[-95.895293,17.704494],[-95.89402,17.71232],[-95.873396,17.717134],[-95.87281,17.727409],[-95.891145,17.720944],[-95.894422,17.722604],[-95.894817,17.727328],[-95.901881,17.729557],[-95.902774,17.732653],[-95.899343,17.753039],[-95.899024,17.754345],[-95.884779,17.771824],[-95.86639,17.774353],[-95.868956,17.796625],[-95.855786,17.805557],[-95.849336,17.825848],[-95.858816,17.844783],[-95.850205,17.844534],[-95.799925,17.950013],[-95.833167,18.129027],[-95.907161,18.135644],[-95.914647,18.1522],[-95.922195,18.141057],[-95.933342,18.141668],[-95.937255,18.156633],[-95.953459,18.159865],[-95.981537,18.142953],[-95.991067,18.151939],[-96.02569,18.133461],[-96.046874,18.136565],[-96.051389,18.126738],[-96.066383,18.131589],[-96.084226,18.162534],[-96.099184,18.166843],[-96.114316,18.164071],[-96.124128,18.140378],[-96.154226,18.131805],[-96.188282,18.151303],[-96.187196,18.166749],[-96.170235,18.169802],[-96.170691,18.186384],[-96.217478,18.161967],[-96.231003,18.189727],[-96.267994,18.224452],[-96.266818,18.245662],[-96.288237,18.259761],[-96.269164,18.273984],[-96.278576,18.283818],[-96.270764,18.297823],[-96.309948,18.322353],[-96.317328,18.364537],[-96.335053,18.372517],[-96.331068,18.379228],[-96.345343,18.379695],[-96.352588,18.410247],[-96.361731,18.407076],[-96.389248,18.428377],[-96.389337,18.440481],[-96.402985,18.439919],[-96.404597,18.467778],[-96.418023,18.470482],[-96.411186,18.476921],[-96.420762,18.510458],[-96.453643,18.547626],[-96.455088,18.550061],[-96.45312,18.553126],[-96.452937,18.556532],[-96.451407,18.556571],[-96.453642,18.560435],[-96.454392,18.561541],[-96.456488,18.566534],[-96.456897,18.568829],[-96.458225,18.569995],[-96.462875,18.57311],[-96.466331,18.572533],[-96.46724,18.570838],[-96.499122,18.588507],[-96.500712,18.589161],[-96.517329,18.581578],[-96.560947,18.587699],[-96.676026,18.665835],[-96.678246,18.666881],[-96.680483,18.668598]]]},"properties":{"name":"Oaxaca","created_at":"2013-12-01T18:59:38+0100","updated_at":"2013-12-01T18:59:38+0100","cartodb_id":18}},
{"type":"Feature","geometry":{"type":"Polygon","coordinates":[[[-101.319484,21.835334],[-101.365274,21.839417],[-101.422669,21.824963],[-101.47617,21.825423],[-101.485432,21.818247],[-101.538832,21.777335],[-101.585694,21.778777],[-101.579683,21.736405],[-101.557653,21.735099],[-101.570855,21.704308],[-101.584043,21.709574],[-101.569139,21.69231],[-101.596086,21.637062],[-101.580189,21.625531],[-101.586024,21.60781],[-101.595265,21.610004],[-101.612313,21.582917],[-101.606633,21.574898],[-101.606284,21.573051],[-101.608754,21.563492],[-101.609806,21.563384],[-101.620056,21.551544],[-101.62166,21.551904],[-101.6219,21.550252],[-101.622633,21.537687],[-101.640458,21.52863],[-101.640261,21.513626],[-101.632431,21.519054],[-101.589042,21.4649],[-101.589951,21.445581],[-101.581873,21.447809],[-101.580424,21.42828],[-101.570416,21.418536],[-101.600256,21.420541],[-101.630944,21.407313],[-101.658516,21.4068],[-101.678942,21.393436],[-101.642845,21.355106],[-101.643177,21.299336],[-101.662853,21.28658],[-101.686675,21.29406],[-101.702005,21.275463],[-101.735788,21.277292],[-101.738535,21.26916],[-101.759717,21.267622],[-101.768197,21.257732],[-101.754586,21.243889],[-101.7712,21.234731],[-101.781109,21.160528],[-101.787271,21.156382],[-101.804009,21.166348],[-101.815698,21.149527],[-101.811826,21.141237],[-101.833448,21.137273],[-101.830846,21.119373],[-101.820268,21.118666],[-101.817659,21.107046],[-101.875004,21.092894],[-101.874943,21.070085],[-101.901335,21.052963],[-101.908746,20.998585],[-101.937144,20.955801],[-101.93895,20.930614],[-101.957877,20.935201],[-101.9631,20.922518],[-101.979882,20.925048],[-101.981097,20.914809],[-102.017994,20.883285],[-102.01258,20.878344],[-102.021781,20.86216],[-102.079867,20.829065],[-102.079945,20.801787],[-102.087092,20.801461],[-102.095908,20.780051],[-102.067593,20.772247],[-102.073633,20.74876],[-102.06104,20.748517],[-102.064487,20.73875],[-102.034461,20.742139],[-102.03774,20.717396],[-102.014389,20.717064],[-102.013837,20.664441],[-101.981945,20.663327],[-101.981377,20.657529],[-101.96808,20.663641],[-101.971188,20.63761],[-101.957078,20.632643],[-101.95874,20.608791],[-101.951144,20.607427],[-101.967031,20.579344],[-101.962802,20.570243],[-101.969898,20.568811],[-101.973918,20.541788],[-101.983955,20.535009],[-101.987913,20.54528],[-102.014142,20.542596],[-102.010092,20.526059],[-102.046027,20.482614],[-102.043995,20.456592],[-102.076616,20.428159],[-102.070883,20.409019],[-102.084533,20.405009],[-102.090126,20.390013],[-102.090935,20.389018],[-102.093376,20.389545],[-102.096164,20.389624],[-102.096543,20.385738],[-102.096254,20.384131],[-102.095617,20.384229],[-102.089922,20.384732],[-102.08469,20.383219],[-102.066795,20.374769],[-102.034296,20.378888],[-102.022008,20.381206],[-102.018202,20.393516],[-102.016705,20.394436],[-102.01429,20.394321],[-102.013414,20.393703],[-102.010064,20.381856],[-102.025077,20.349343],[-102.025133,20.347441],[-102.015797,20.3293],[-102.014661,20.328323],[-102.013799,20.32793],[-102.007291,20.32673],[-102.013702,20.350632],[-101.99639,20.359643],[-101.968991,20.36026],[-101.962337,20.344689],[-101.945871,20.343127],[-101.944717,20.342129],[-101.963472,20.318557],[-101.948958,20.315107],[-101.959919,20.305136],[-101.934547,20.297691],[-101.947143,20.286362],[-101.936862,20.281461],[-101.951184,20.271583],[-101.932172,20.243738],[-101.939653,20.22654],[-101.932347,20.225889],[-101.930603,20.208121],[-101.91778,20.219331],[-101.907939,20.215153],[-101.917897,20.195077],[-101.893022,20.203777],[-101.881616,20.187984],[-101.871598,20.210989],[-101.833866,20.22479],[-101.819646,20.208666],[-101.824861,20.201838],[-101.786616,20.219318],[-101.759392,20.201732],[-101.731199,20.214802],[-101.697935,20.189674],[-101.686917,20.217221],[-101.668474,20.213135],[-101.663308,20.23758],[-101.654577,20.243496],[-101.646252,20.238668],[-101.650926,20.253484],[-101.642521,20.267646],[-101.625534,20.266998],[-101.634921,20.288967],[-101.624654,20.31458],[-101.604685,20.309424],[-101.601074,20.298019],[-101.600933,20.310053],[-101.589245,20.309602],[-101.583098,20.32736],[-101.565782,20.315741],[-101.553266,20.332516],[-101.53781,20.324375],[-101.522936,20.332347],[-101.524156,20.321231],[-101.502882,20.324877],[-101.501068,20.311673],[-101.480227,20.330174],[-101.46491,20.329011],[-101.450942,20.319498],[-101.456697,20.30437],[-101.440197,20.305193],[-101.449723,20.298229],[-101.444985,20.289725],[-101.457171,20.285142],[-101.45593,20.26717],[-101.436857,20.263785],[-101.435482,20.277381],[-101.420562,20.275204],[-101.395324,20.248549],[-101.360519,20.249056],[-101.352618,20.234932],[-101.363198,20.195794],[-101.419891,20.201591],[-101.422498,20.163226],[-101.389376,20.134864],[-101.391008,20.127121],[-101.408689,20.123134],[-101.404696,20.080195],[-101.387513,20.082961],[-101.40168,20.035009],[-101.388136,20.03041],[-101.374947,20.040429],[-101.334039,20.031523],[-101.29646,20.038645],[-101.280972,20.027544],[-101.253031,20.035496],[-101.250766,20.023264],[-101.238346,20.032119],[-101.220726,20.011436],[-101.203056,20.007224],[-101.201532,20.025739],[-101.160352,20.0402],[-101.196318,20.057189],[-101.17162,20.073452],[-101.173556,20.097811],[-101.133147,20.059985],[-101.113922,20.077233],[-101.07486,20.088388],[-101.017278,20.085695],[-100.992715,20.06449],[-101.013987,20.045711],[-101.012702,20.037758],[-101.003567,20.037964],[-101.008089,20.028093],[-100.980819,20.02345],[-100.980496,20.022467],[-100.980124,20.021418],[-100.979053,20.019356],[-100.9792,20.01794],[-100.978607,20.017438],[-100.967335,20.009914],[-100.982701,20.002631],[-100.976709,19.982738],[-101.004505,19.965977],[-101.002216,19.961606],[-101.003551,19.959054],[-101.003906,19.956879],[-100.981807,19.954063],[-100.981901,19.953017],[-100.976616,19.935339],[-100.96441,19.928275],[-100.947879,19.933563],[-100.947539,19.962545],[-100.932582,19.953491],[-100.906011,19.961583],[-100.882613,19.943926],[-100.860286,19.948943],[-100.854524,19.934914],[-100.835762,19.934596],[-100.832869,19.972395],[-100.824301,19.978329],[-100.792064,19.955575],[-100.778814,19.91515],[-100.748753,19.91275],[-100.718817,19.940519],[-100.660381,19.964548],[-100.617573,19.957693],[-100.595603,19.991662],[-100.557895,19.991716],[-100.565699,19.974531],[-100.587594,19.97139],[-100.593076,19.95828],[-100.565482,19.966139],[-100.550717,19.957966],[-100.531823,19.976394],[-100.526779,19.96576],[-100.536009,19.923007],[-100.519946,19.91882],[-100.511687,19.958216],[-100.498184,19.958043],[-100.462456,19.979268],[-100.465824,19.987398],[-100.443584,19.982285],[-100.362931,19.989861],[-100.370403,20.021266],[-100.360505,20.023961],[-100.35497,20.01012],[-100.358264,20.064916],[-100.389751,20.080823],[-100.397257,20.096953],[-100.385292,20.104506],[-100.391512,20.121033],[-100.370887,20.136185],[-100.355837,20.182386],[-100.340308,20.189737],[-100.352343,20.200461],[-100.355237,20.219018],[-100.323558,20.251934],[-100.341078,20.273342],[-100.343265,20.273862],[-100.350656,20.288413],[-100.379186,20.301932],[-100.388383,20.309017],[-100.394016,20.350232],[-100.409995,20.376006],[-100.476181,20.389611],[-100.47827,20.416286],[-100.489498,20.431394],[-100.492382,20.490416],[-100.497357,20.50483],[-100.509756,20.506527],[-100.501111,20.512596],[-100.508521,20.526209],[-100.504765,20.555033],[-100.485003,20.553804],[-100.482092,20.571508],[-100.496177,20.616194],[-100.521486,20.624864],[-100.529535,20.638667],[-100.551125,20.633766],[-100.561931,20.671428],[-100.583603,20.678424],[-100.581284,20.692933],[-100.596536,20.717261],[-100.584415,20.728937],[-100.548915,20.736383],[-100.564077,20.774697],[-100.558328,20.804571],[-100.573364,20.803674],[-100.577589,20.81667],[-100.502049,20.85292],[-100.509024,20.870707],[-100.485367,20.9088],[-100.469958,20.907039],[-100.472233,20.928446],[-100.453176,20.923199],[-100.453956,20.900179],[-100.413399,20.887432],[-100.333591,20.890728],[-100.298394,20.915292],[-100.305378,20.923827],[-100.299209,20.931328],[-100.265543,20.929247],[-100.261797,20.953373],[-100.272061,20.963029],[-100.263623,20.970999],[-100.181528,20.930402],[-100.17837,20.938665],[-100.135312,20.937264],[-100.117828,20.922155],[-100.064172,20.936289],[-100.080738,20.949858],[-100.068803,20.957912],[-100.078043,20.972657],[-100.060746,21.005816],[-100.06895,21.022813],[-100.05448,21.027785],[-100.022563,21.014621],[-100.01107,21.028505],[-100.006658,21.046394],[-100.019765,21.05513],[-100.027543,21.100253],[-99.996418,21.182595],[-100.011086,21.189464],[-99.986368,21.21831],[-99.947865,21.212375],[-99.954714,21.205672],[-99.945362,21.209885],[-99.942646,21.194418],[-99.899347,21.183897],[-99.888251,21.169595],[-99.831259,21.157323],[-99.829145,21.157935],[-99.738483,21.235818],[-99.687855,21.22578],[-99.698706,21.240752],[-99.699076,21.266698],[-99.671303,21.301194],[-99.707565,21.314546],[-99.737253,21.312885],[-99.734161,21.301444],[-99.757894,21.29214],[-99.779935,21.313028],[-99.787791,21.329622],[-99.777565,21.343235],[-99.792133,21.343907],[-99.794522,21.357399],[-99.775496,21.374969],[-99.78026,21.389355],[-99.772064,21.406379],[-99.780382,21.433772],[-99.780587,21.434814],[-99.774312,21.484816],[-99.773054,21.48505],[-99.77735,21.495023],[-99.777515,21.494713],[-99.781607,21.494438],[-99.785232,21.493342],[-99.792345,21.487376],[-99.791621,21.485526],[-99.791471,21.484433],[-99.787961,21.480549],[-99.787635,21.478207],[-99.788362,21.4771],[-99.790037,21.476103],[-99.799676,21.47268],[-99.817074,21.461691],[-99.839181,21.462386],[-99.834929,21.478116],[-99.867,21.473462],[-99.871475,21.470652],[-99.905174,21.448159],[-99.943169,21.461784],[-99.942333,21.44962],[-99.959346,21.483514],[-99.945705,21.497432],[-99.965111,21.505121],[-99.956822,21.526227],[-100.062276,21.523305],[-100.075844,21.557932],[-100.147195,21.618125],[-100.171443,21.601266],[-100.167149,21.634118],[-100.179635,21.65079],[-100.192839,21.646958],[-100.222275,21.665652],[-100.246311,21.664933],[-100.272135,21.687347],[-100.322078,21.682094],[-100.351366,21.691671],[-100.399993,21.674479],[-100.434633,21.682807],[-100.447087,21.675197],[-100.460397,21.623991],[-100.485802,21.594404],[-100.460702,21.57121],[-100.46108,21.545335],[-100.53395,21.542327],[-100.614955,21.505789],[-100.62191,21.518986],[-100.614299,21.533135],[-100.635447,21.543192],[-100.638542,21.528293],[-100.657456,21.524718],[-100.681168,21.547505],[-100.71763,21.550232],[-100.734344,21.578727],[-100.772468,21.595452],[-100.773295,21.588122],[-100.809496,21.59205],[-100.816561,21.602653],[-100.857678,21.618987],[-100.834321,21.664559],[-100.86515,21.68708],[-100.870112,21.672494],[-100.907183,21.681637],[-100.921273,21.700274],[-100.912578,21.713649],[-100.938055,21.720535],[-100.943503,21.732622],[-100.965552,21.734926],[-100.981974,21.753527],[-101.002303,21.750817],[-101.005173,21.757231],[-101.059248,21.765521],[-101.136139,21.753226],[-101.161267,21.757506],[-101.219795,21.8022],[-101.217152,21.816077],[-101.26231,21.823444],[-101.281527,21.821468],[-101.289685,21.81214],[-101.319484,21.835334]]]},"properties":{"name":"Guanajuato","created_at":"2013-12-01T18:59:38+0100","updated_at":"2013-12-01T18:59:38+0100","cartodb_id":19}},
{"type":"Feature","geometry":{"type":"Polygon","coordinates":[[[-101.860533,22.03322],[-101.855192,22.046511],[-101.864275,22.041509],[-101.986028,22.120827],[-102.025915,22.129771],[-102.017075,22.153961],[-102.045221,22.153733],[-102.029467,22.168666],[-102.000993,22.168111],[-101.999716,22.233656],[-102.002475,22.241444],[-102.022495,22.241585],[-102.03727,22.298976],[-102.051214,22.291213],[-102.075627,22.306073],[-102.10525,22.280793],[-102.15323,22.29041],[-102.149847,22.347175],[-102.180722,22.350398],[-102.177375,22.36243],[-102.211979,22.362465],[-102.211987,22.372697],[-102.253201,22.374495],[-102.250299,22.387222],[-102.273981,22.414331],[-102.289116,22.419402],[-102.289931,22.419984],[-102.298307,22.45959],[-102.311805,22.456916],[-102.321365,22.388533],[-102.362877,22.388747],[-102.378443,22.360879],[-102.468642,22.351881],[-102.471188,22.336255],[-102.460662,22.323691],[-102.467244,22.312032],[-102.501265,22.30427],[-102.506631,22.293813],[-102.668743,22.291871],[-102.670017,22.245702],[-102.639299,22.226039],[-102.651596,22.19314],[-102.66931,22.194024],[-102.666718,22.180941],[-102.675895,22.175573],[-102.669416,22.15959],[-102.686121,22.137909],[-102.690865,22.106555],[-102.755806,22.073662],[-102.76099,22.046287],[-102.80105,22.003941],[-102.83825,21.939299],[-102.86338,21.863766],[-102.874177,21.852771],[-102.858051,21.833226],[-102.847315,21.833409],[-102.853345,21.799053],[-102.842251,21.804757],[-102.831262,21.797249],[-102.816916,21.766475],[-102.75823,21.728514],[-102.74463,21.719681],[-102.74411,21.719181],[-102.735222,21.715671],[-102.722799,21.719112],[-102.715605,21.734091],[-102.696263,21.728768],[-102.690669,21.752437],[-102.667566,21.764484],[-102.633494,21.767339],[-102.606312,21.751057],[-102.596774,21.754982],[-102.596279,21.74405],[-102.552494,21.742651],[-102.476522,21.702085],[-102.475757,21.694945],[-102.456864,21.698088],[-102.452132,21.686911],[-102.461066,21.679259],[-102.404595,21.665593],[-102.407493,21.659485],[-102.369526,21.650592],[-102.325722,21.622266],[-102.321051,21.630092],[-102.310166,21.626626],[-102.295371,21.653099],[-102.30399,21.666685],[-102.279442,21.664437],[-102.275219,21.653974],[-102.237618,21.652001],[-102.226363,21.657774],[-102.214267,21.694819],[-102.177886,21.688155],[-102.171433,21.707001],[-102.154857,21.700038],[-102.1421,21.705374],[-102.102057,21.761044],[-102.086181,21.767264],[-102.094571,21.777702],[-102.083074,21.787067],[-102.071963,21.782655],[-102.055124,21.816357],[-102.041743,21.823068],[-102.038418,21.853198],[-102.020794,21.851168],[-102.019954,21.862536],[-101.880213,21.91015],[-101.838003,21.907344],[-101.835289,21.941771],[-101.872671,21.946514],[-101.8858,21.932612],[-101.898227,21.983263],[-101.912598,21.997486],[-101.894734,21.989656],[-101.891253,21.976592],[-101.86258,21.991356],[-101.861334,22.014799],[-101.860387,22.017382],[-101.862065,22.028216],[-101.860533,22.03322]]]},"properties":{"name":"Aguascalientes","created_at":"2013-12-01T18:59:38+0100","updated_at":"2013-12-01T18:59:38+0100","cartodb_id":20}},
{"type":"Feature","geometry":{"type":"Polygon","coordinates":[[[-99.181668,21.661397],[-99.188175,21.670005],[-99.217698,21.666646],[-99.225125,21.633286],[-99.243496,21.615057],[-99.280717,21.607903],[-99.274402,21.565323],[-99.290695,21.55801],[-99.305489,21.532914],[-99.327287,21.535171],[-99.349861,21.552357],[-99.375907,21.547931],[-99.378661,21.529635],[-99.370074,21.520237],[-99.374377,21.503299],[-99.386708,21.500373],[-99.383682,21.483693],[-99.386182,21.474219],[-99.39856,21.463426],[-99.402531,21.441186],[-99.402021,21.439801],[-99.401522,21.437776],[-99.406374,21.428245],[-99.427388,21.442117],[-99.42974,21.444268],[-99.435057,21.449578],[-99.471061,21.445651],[-99.472283,21.443859],[-99.470772,21.436617],[-99.497521,21.419226],[-99.534596,21.42963],[-99.53783,21.431141],[-99.540344,21.429788],[-99.54138,21.429456],[-99.5529,21.429069],[-99.549345,21.447068],[-99.625801,21.507302],[-99.661061,21.568582],[-99.746743,21.578363],[-99.749292,21.523173],[-99.776781,21.498287],[-99.77735,21.495023],[-99.773054,21.48505],[-99.774312,21.484816],[-99.780587,21.434814],[-99.780382,21.433772],[-99.772064,21.406379],[-99.78026,21.389355],[-99.775496,21.374969],[-99.794522,21.357399],[-99.792133,21.343907],[-99.777565,21.343235],[-99.787791,21.329622],[-99.779935,21.313028],[-99.757894,21.29214],[-99.734161,21.301444],[-99.737253,21.312885],[-99.707565,21.314546],[-99.671303,21.301194],[-99.699076,21.266698],[-99.698706,21.240752],[-99.687855,21.22578],[-99.738483,21.235818],[-99.829145,21.157935],[-99.831259,21.157323],[-99.888251,21.169595],[-99.899347,21.183897],[-99.942646,21.194418],[-99.945362,21.209885],[-99.954714,21.205672],[-99.947865,21.212375],[-99.986368,21.21831],[-100.011086,21.189464],[-99.996418,21.182595],[-100.027543,21.100253],[-100.019765,21.05513],[-100.006658,21.046394],[-100.01107,21.028505],[-100.022563,21.014621],[-100.05448,21.027785],[-100.06895,21.022813],[-100.060746,21.005816],[-100.078043,20.972657],[-100.068803,20.957912],[-100.080738,20.949858],[-100.064172,20.936289],[-100.117828,20.922155],[-100.135312,20.937264],[-100.17837,20.938665],[-100.181528,20.930402],[-100.263623,20.970999],[-100.272061,20.963029],[-100.261797,20.953373],[-100.265543,20.929247],[-100.299209,20.931328],[-100.305378,20.923827],[-100.298394,20.915292],[-100.333591,20.890728],[-100.413399,20.887432],[-100.453956,20.900179],[-100.453176,20.923199],[-100.472233,20.928446],[-100.469958,20.907039],[-100.485367,20.9088],[-100.509024,20.870707],[-100.502049,20.85292],[-100.577589,20.81667],[-100.573364,20.803674],[-100.558328,20.804571],[-100.564077,20.774697],[-100.548915,20.736383],[-100.584415,20.728937],[-100.596536,20.717261],[-100.581284,20.692933],[-100.583603,20.678424],[-100.561931,20.671428],[-100.551125,20.633766],[-100.529535,20.638667],[-100.521486,20.624864],[-100.496177,20.616194],[-100.482092,20.571508],[-100.485003,20.553804],[-100.504765,20.555033],[-100.508521,20.526209],[-100.501111,20.512596],[-100.509756,20.506527],[-100.497357,20.50483],[-100.492382,20.490416],[-100.489498,20.431394],[-100.47827,20.416286],[-100.476181,20.389611],[-100.409995,20.376006],[-100.394016,20.350232],[-100.388383,20.309017],[-100.379186,20.301932],[-100.350656,20.288413],[-100.345833,20.298],[-100.260457,20.26751],[-100.181144,20.208801],[-100.191864,20.176],[-100.235604,20.143459],[-100.197393,20.129888],[-100.202941,20.076649],[-100.179826,20.083002],[-100.180954,20.07276],[-100.164462,20.078347],[-100.157442,20.07201],[-100.157207,20.070681],[-100.161158,20.068386],[-100.159821,20.066826],[-100.159268,20.065042],[-100.15111,20.057034],[-100.147625,20.057693],[-100.147101,20.05767],[-100.145831,20.056532],[-100.137937,20.044312],[-100.137169,20.043929],[-100.133236,20.042644],[-100.133361,20.040967],[-100.12928,20.039653],[-100.091343,20.02426],[-100.088818,20.015018],[-100.061726,20.038791],[-100.043798,20.036566],[-100.027616,20.056577],[-100.00564,20.064201],[-100.000352,20.07748],[-99.978468,20.074045],[-99.980193,20.059147],[-99.926337,20.064331],[-99.923767,20.084135],[-99.942206,20.1201],[-99.930754,20.143132],[-99.936213,20.162523],[-99.921903,20.15874],[-99.935206,20.165253],[-99.937135,20.181732],[-99.96523,20.201158],[-99.964504,20.216298],[-99.981158,20.243944],[-99.981346,20.245267],[-99.979364,20.247455],[-99.986464,20.257068],[-99.982174,20.268184],[-99.979979,20.271628],[-99.977657,20.27241],[-99.97635,20.271836],[-99.958159,20.251765],[-99.955957,20.247719],[-99.95586,20.246535],[-99.950933,20.215904],[-99.91835,20.213772],[-99.932917,20.244717],[-99.933453,20.246578],[-99.933962,20.250408],[-99.913347,20.285867],[-99.911391,20.285591],[-99.909723,20.285043],[-99.90151,20.280534],[-99.877411,20.271395],[-99.876754,20.271447],[-99.875212,20.270865],[-99.859106,20.268471],[-99.828071,20.543008],[-99.804625,20.544758],[-99.779329,20.559305],[-99.738683,20.560521],[-99.711952,20.581267],[-99.696413,20.574445],[-99.65787,20.601799],[-99.634584,20.605654],[-99.619511,20.591407],[-99.589708,20.6204],[-99.578949,20.618832],[-99.565344,20.640394],[-99.501923,20.658962],[-99.500642,20.673043],[-99.511037,20.678387],[-99.50554,20.684701],[-99.534275,20.705974],[-99.548471,20.737198],[-99.503817,20.765787],[-99.496306,20.782353],[-99.503769,20.794833],[-99.497254,20.790945],[-99.488706,20.799367],[-99.499727,20.804273],[-99.48529,20.817828],[-99.488732,20.832933],[-99.45654,20.849019],[-99.454432,20.857976],[-99.446064,20.853031],[-99.435227,20.899397],[-99.412557,20.905429],[-99.415586,20.924901],[-99.403035,20.930198],[-99.407241,20.937104],[-99.390626,20.952274],[-99.396329,20.981087],[-99.389955,21.004138],[-99.384575,21.018089],[-99.368357,21.024765],[-99.363246,21.041729],[-99.377079,21.056615],[-99.367437,21.06948],[-99.387673,21.067827],[-99.397509,21.101801],[-99.396765,21.102138],[-99.34636,21.100877],[-99.341828,21.12366],[-99.309206,21.1473],[-99.255955,21.104247],[-99.247047,21.101473],[-99.234216,21.112804],[-99.215419,21.106211],[-99.206225,21.11869],[-99.184601,21.122262],[-99.175478,21.138378],[-99.132565,21.153032],[-99.126368,21.146638],[-99.111492,21.148509],[-99.110853,21.156558],[-99.077048,21.159145],[-99.070621,21.167014],[-99.075756,21.173475],[-99.070528,21.17232],[-99.063306,21.174904],[-99.06221,21.172407],[-99.060963,21.170771],[-99.05969,21.168273],[-99.060124,21.167231],[-99.062148,21.167595],[-99.063249,21.167647],[-99.06567,21.165911],[-99.067319,21.163632],[-99.071042,21.156791],[-99.054908,21.159327],[-99.053863,21.161381],[-99.04308,21.178677],[-99.051943,21.218449],[-99.068354,21.223919],[-99.073731,21.235777],[-99.051177,21.25343],[-99.054595,21.282605],[-99.055529,21.282542],[-99.082991,21.296347],[-99.104345,21.289598],[-99.10579,21.302042],[-99.127559,21.318337],[-99.102949,21.321194],[-99.13783,21.329792],[-99.129456,21.362046],[-99.092621,21.36336],[-99.092839,21.3817],[-99.12603,21.460543],[-99.142282,21.53544],[-99.128297,21.589817],[-99.171896,21.627031],[-99.181668,21.661397]]]},"properties":{"name":"Querétaro","created_at":"2013-12-01T18:59:38+0100","updated_at":"2013-12-01T18:59:38+0100","cartodb_id":21}},
{"type":"Feature","geometry":{"type":"Polygon","coordinates":[[[-100.228237,23.250476],[-100.206364,23.307109],[-100.218238,23.310134],[-100.220166,23.297932],[-100.278435,23.310368],[-100.306257,23.260942],[-100.374317,23.265324],[-100.363764,23.189005],[-100.323515,23.195627],[-100.331758,23.162683],[-100.47985,23.194365],[-100.483608,23.214046],[-100.457083,23.36641],[-100.517211,23.421043],[-100.494169,23.528406],[-100.459176,23.511566],[-100.469545,23.566783],[-100.491637,23.568613],[-100.477379,23.633819],[-100.463351,23.65314],[-100.449845,23.656009],[-100.458328,23.660113],[-100.44572,23.677332],[-100.4471,23.696535],[-100.466483,23.688941],[-100.490302,23.739601],[-100.497706,23.73631],[-100.497602,23.798713],[-100.528791,23.816353],[-100.52553,23.839526],[-100.550299,23.842203],[-100.539846,23.888393],[-100.549434,23.889315],[-100.546768,23.917437],[-100.562402,23.919641],[-100.523759,24.071455],[-100.538683,24.118516],[-100.51958,24.118382],[-100.516827,24.139897],[-100.6134,24.173944],[-100.593513,24.1782],[-100.585093,24.223925],[-100.633066,24.22598],[-100.599936,24.348791],[-100.603533,24.4013],[-100.71121,24.491522],[-100.772747,24.426863],[-100.850383,24.343539],[-100.945286,24.281196],[-101.006675,24.335835],[-101.009868,24.385117],[-100.988235,24.409552],[-100.987327,24.432519],[-101.012689,24.390819],[-101.065402,24.207021],[-101.173232,24.164137],[-101.216746,24.159732],[-101.192505,23.918559],[-101.775122,23.447629],[-102.011944,23.372749],[-102.122532,23.35386],[-102.168799,23.361026],[-102.168615,23.398908],[-102.191342,23.401388],[-102.193615,23.447599],[-102.23815,23.446901],[-102.253611,23.364956],[-102.296038,23.320501],[-102.264579,23.290093],[-102.269534,23.279913],[-102.2547,23.280834],[-102.241069,23.314982],[-102.231597,23.315116],[-102.244672,23.276769],[-102.285825,23.27332],[-102.289369,23.231691],[-102.239458,23.209493],[-102.240974,23.16938],[-102.214155,23.13132],[-102.260051,23.045916],[-102.238082,23.047644],[-102.192132,22.864902],[-102.124897,22.782952],[-101.939756,22.645725],[-101.853284,22.656025],[-101.872958,22.563073],[-101.819892,22.551295],[-101.837141,22.499692],[-101.799276,22.470559],[-101.783361,22.465034],[-101.771535,22.488163],[-101.735361,22.480215],[-101.746175,22.508693],[-101.696018,22.520422],[-101.659906,22.50532],[-101.590083,22.589036],[-101.595287,22.624072],[-101.587732,22.626612],[-101.573821,22.612816],[-101.567398,22.656776],[-101.497004,22.701541],[-101.490965,22.742877],[-101.411077,22.747681],[-101.349234,22.711779],[-101.380018,22.675835],[-101.359376,22.653533],[-101.336937,22.658756],[-101.333874,22.642113],[-101.305709,22.60993],[-101.287519,22.559811],[-101.296324,22.535478],[-101.285726,22.507856],[-101.315383,22.469649],[-101.313726,22.45349],[-101.374786,22.456458],[-101.381911,22.357485],[-101.432972,22.363277],[-101.435125,22.341534],[-101.419732,22.315042],[-101.391435,22.299902],[-101.39815,22.281427],[-101.408999,22.280437],[-101.416259,22.267346],[-101.376804,22.261656],[-101.352854,22.229204],[-101.324253,22.209893],[-101.351306,22.17676],[-101.337693,22.143523],[-101.327745,22.144112],[-101.35424,22.071735],[-101.346587,22.04969],[-101.361012,22.041001],[-101.377078,22.044962],[-101.369738,22.027517],[-101.380691,22.028759],[-101.382755,22.020738],[-101.365692,22.018548],[-101.351675,22.043789],[-101.330901,22.035315],[-101.327208,22.021498],[-101.339235,22.014986],[-101.337765,22.025133],[-101.348572,22.028071],[-101.352439,22.013082],[-101.32651,21.999728],[-101.373366,21.990249],[-101.405161,21.948492],[-101.429173,21.934361],[-101.410228,21.908694],[-101.434596,21.897065],[-101.441803,21.909338],[-101.440675,21.892716],[-101.466458,21.880225],[-101.468084,21.870266],[-101.483196,21.867681],[-101.486091,21.841887],[-101.503515,21.830124],[-101.496331,21.80994],[-101.47617,21.825423],[-101.422669,21.824963],[-101.365274,21.839417],[-101.319484,21.835334],[-101.289685,21.81214],[-101.281527,21.821468],[-101.26231,21.823444],[-101.217152,21.816077],[-101.219795,21.8022],[-101.161267,21.757506],[-101.136139,21.753226],[-101.059248,21.765521],[-101.005173,21.757231],[-101.002303,21.750817],[-100.981974,21.753527],[-100.965552,21.734926],[-100.943503,21.732622],[-100.938055,21.720535],[-100.912578,21.713649],[-100.921273,21.700274],[-100.907183,21.681637],[-100.870112,21.672494],[-100.86515,21.68708],[-100.834321,21.664559],[-100.857678,21.618987],[-100.816561,21.602653],[-100.809496,21.59205],[-100.773295,21.588122],[-100.772468,21.595452],[-100.734344,21.578727],[-100.71763,21.550232],[-100.681168,21.547505],[-100.657456,21.524718],[-100.638542,21.528293],[-100.635447,21.543192],[-100.614299,21.533135],[-100.62191,21.518986],[-100.614955,21.505789],[-100.53395,21.542327],[-100.46108,21.545335],[-100.460702,21.57121],[-100.485802,21.594404],[-100.460397,21.623991],[-100.447087,21.675197],[-100.434633,21.682807],[-100.399993,21.674479],[-100.351366,21.691671],[-100.322078,21.682094],[-100.272135,21.687347],[-100.246311,21.664933],[-100.222275,21.665652],[-100.192839,21.646958],[-100.179635,21.65079],[-100.167149,21.634118],[-100.171443,21.601266],[-100.147195,21.618125],[-100.075844,21.557932],[-100.062276,21.523305],[-99.956822,21.526227],[-99.965111,21.505121],[-99.945705,21.497432],[-99.959346,21.483514],[-99.942333,21.44962],[-99.943169,21.461784],[-99.905174,21.448159],[-99.871475,21.470652],[-99.867,21.473462],[-99.834929,21.478116],[-99.839181,21.462386],[-99.817074,21.461691],[-99.799676,21.47268],[-99.790037,21.476103],[-99.788362,21.4771],[-99.787635,21.478207],[-99.787961,21.480549],[-99.791471,21.484433],[-99.791621,21.485526],[-99.792345,21.487376],[-99.785232,21.493342],[-99.781607,21.494438],[-99.777515,21.494713],[-99.776781,21.498287],[-99.749292,21.523173],[-99.746743,21.578363],[-99.661061,21.568582],[-99.625801,21.507302],[-99.549345,21.447068],[-99.5529,21.429069],[-99.54138,21.429456],[-99.540344,21.429788],[-99.53783,21.431141],[-99.534596,21.42963],[-99.497521,21.419226],[-99.470772,21.436617],[-99.472283,21.443859],[-99.471061,21.445651],[-99.435057,21.449578],[-99.42974,21.444268],[-99.427388,21.442117],[-99.406374,21.428245],[-99.401522,21.437776],[-99.402021,21.439801],[-99.402531,21.441186],[-99.39856,21.463426],[-99.386182,21.474219],[-99.383682,21.483693],[-99.386708,21.500373],[-99.374377,21.503299],[-99.370074,21.520237],[-99.378661,21.529635],[-99.375907,21.547931],[-99.349861,21.552357],[-99.327287,21.535171],[-99.305489,21.532914],[-99.290695,21.55801],[-99.274402,21.565323],[-99.280717,21.607903],[-99.243496,21.615057],[-99.225125,21.633286],[-99.217698,21.666646],[-99.188175,21.670005],[-99.181668,21.661397],[-99.171896,21.627031],[-99.128297,21.589817],[-99.142282,21.53544],[-99.12603,21.460543],[-99.092839,21.3817],[-99.092621,21.36336],[-99.129456,21.362046],[-99.13783,21.329792],[-99.102949,21.321194],[-99.127559,21.318337],[-99.10579,21.302042],[-99.104345,21.289598],[-99.082991,21.296347],[-99.055529,21.282542],[-99.055138,21.282538],[-99.054209,21.283103],[-99.053094,21.283277],[-99.049176,21.281656],[-99.048196,21.281292],[-99.046841,21.28071],[-99.046958,21.279842],[-99.032905,21.285305],[-99.031664,21.285963],[-99.030611,21.28424],[-99.023342,21.287159],[-99.022602,21.289253],[-99.02206,21.290018],[-99.015413,21.292606],[-99.013389,21.295162],[-98.975043,21.297004],[-98.969733,21.305975],[-98.956514,21.301804],[-98.944961,21.311337],[-98.940283,21.294602],[-98.929277,21.292729],[-98.927941,21.268742],[-98.917729,21.255501],[-98.922873,21.246731],[-98.899891,21.238561],[-98.898888,21.23127],[-98.915081,21.225194],[-98.885126,21.19634],[-98.882659,21.179611],[-98.8574,21.189264],[-98.854868,21.179433],[-98.850945,21.175865],[-98.824948,21.16135],[-98.793953,21.160184],[-98.791981,21.17983],[-98.793889,21.179524],[-98.798594,21.17808],[-98.808143,21.193245],[-98.797357,21.19132],[-98.797971,21.183343],[-98.780809,21.185982],[-98.772921,21.171969],[-98.767303,21.184417],[-98.746529,21.184328],[-98.741901,21.192644],[-98.741314,21.192792],[-98.727661,21.179549],[-98.705233,21.187197],[-98.70182,21.160771],[-98.69167,21.165983],[-98.691096,21.167472],[-98.692816,21.170663],[-98.693044,21.173863],[-98.682337,21.200724],[-98.651522,21.181535],[-98.650397,21.181093],[-98.608742,21.201408],[-98.599449,21.247731],[-98.608925,21.252704],[-98.601272,21.25972],[-98.602449,21.26235],[-98.599272,21.279549],[-98.598158,21.28003],[-98.59876,21.280866],[-98.604353,21.301593],[-98.609994,21.299212],[-98.614264,21.302282],[-98.62755,21.310783],[-98.633599,21.313355],[-98.669539,21.324943],[-98.670727,21.32472],[-98.671005,21.325243],[-98.681342,21.339365],[-98.681141,21.344311],[-98.65275,21.346844],[-98.640374,21.365954],[-98.637705,21.367355],[-98.635132,21.363531],[-98.634281,21.363755],[-98.612908,21.360166],[-98.610458,21.359344],[-98.608028,21.359529],[-98.605593,21.35894],[-98.599561,21.359766],[-98.599562,21.358415],[-98.598991,21.35912],[-98.590052,21.372762],[-98.567716,21.370774],[-98.549566,21.384598],[-98.511426,21.362513],[-98.507379,21.369971],[-98.515752,21.37229],[-98.505063,21.382621],[-98.507133,21.385738],[-98.50473,21.389213],[-98.504349,21.389363],[-98.503464,21.390729],[-98.503573,21.392261],[-98.50655,21.391952],[-98.507674,21.391621],[-98.521318,21.406101],[-98.520716,21.407424],[-98.521502,21.429824],[-98.521711,21.432721],[-98.516913,21.460702],[-98.5356,21.492465],[-98.532256,21.50114],[-98.557452,21.521978],[-98.602247,21.540431],[-98.6054,21.566913],[-98.625747,21.585456],[-98.621127,21.627822],[-98.643631,21.631682],[-98.633222,21.653888],[-98.620562,21.653073],[-98.60947,21.667229],[-98.624962,21.673065],[-98.621997,21.682383],[-98.597788,21.66888],[-98.579201,21.671948],[-98.558255,21.687672],[-98.558838,21.703539],[-98.572212,21.70916],[-98.567435,21.717368],[-98.543841,21.723394],[-98.530742,21.697275],[-98.520532,21.710231],[-98.537411,21.720624],[-98.516674,21.716851],[-98.512665,21.726602],[-98.498946,21.727243],[-98.504219,21.738048],[-98.491485,21.735061],[-98.476924,21.745219],[-98.483726,21.752171],[-98.467597,21.770698],[-98.459447,21.762311],[-98.454717,21.766738],[-98.475038,21.814192],[-98.493119,21.81394],[-98.48632,21.836269],[-98.514481,21.823893],[-98.528858,21.863175],[-98.548034,21.860105],[-98.538203,21.905808],[-98.520201,21.896986],[-98.510798,21.908697],[-98.51489,21.917636],[-98.545874,21.917348],[-98.543847,21.932117],[-98.500452,21.923149],[-98.503146,21.936626],[-98.515597,21.951268],[-98.531576,21.949916],[-98.551281,21.933738],[-98.56602,21.937644],[-98.578839,21.966092],[-98.550665,21.96075],[-98.522,21.979431],[-98.493203,21.960412],[-98.468806,21.964601],[-98.481476,21.990514],[-98.476286,21.999573],[-98.472334,21.987974],[-98.459544,21.995169],[-98.446414,22.042215],[-98.434649,22.051669],[-98.439452,22.075647],[-98.418825,22.098019],[-98.438737,22.111915],[-98.432017,22.128265],[-98.336545,22.187693],[-98.330413,22.201344],[-98.352261,22.222799],[-98.325967,22.243053],[-98.374556,22.236079],[-98.368137,22.255373],[-98.405093,22.256076],[-98.406419,22.269351],[-98.396378,22.276262],[-98.407558,22.28421],[-98.430372,22.274603],[-98.4277,22.283455],[-98.446659,22.305621],[-98.464517,22.303466],[-98.475908,22.28864],[-98.50612,22.315974],[-98.525551,22.318835],[-98.535215,22.337878],[-98.579291,22.348628],[-98.579316,22.377757],[-98.681547,22.371575],[-98.670833,22.405357],[-98.670888,22.405673],[-98.673046,22.406052],[-98.675499,22.408376],[-98.676233,22.408463],[-98.677353,22.408369],[-98.678641,22.407994],[-98.74594,22.380865],[-98.756404,22.366941],[-98.758935,22.366313],[-98.821467,22.356256],[-98.849877,22.368127],[-98.872289,22.367413],[-98.889997,22.355094],[-98.912283,22.373798],[-98.925545,22.371747],[-98.931973,22.392775],[-99.060399,22.415269],[-99.120567,22.406636],[-99.236839,22.412862],[-99.288653,22.555824],[-99.314034,22.609898],[-99.32859,22.608702],[-99.321388,22.61673],[-99.329618,22.634888],[-99.3732,22.629078],[-99.385553,22.670268],[-99.442053,22.663616],[-99.477127,22.740637],[-99.496789,22.748498],[-99.544327,22.74414],[-99.494536,22.620869],[-99.534692,22.612765],[-99.560638,22.64122],[-99.682535,22.681125],[-99.724085,22.659608],[-99.754779,22.656611],[-99.785037,22.668509],[-99.814029,22.660766],[-99.847924,22.678435],[-99.842819,22.730557],[-99.882397,22.749862],[-99.956958,22.751667],[-100.022343,22.725925],[-100.09406,22.751265],[-100.10192,22.762793],[-100.029384,22.824394],[-100.044239,22.917892],[-100.110384,22.916714],[-100.110847,22.975719],[-100.089421,22.968757],[-100.097455,23.013091],[-100.071656,22.997357],[-100.061842,23.01198],[-100.062097,23.039844],[-100.011252,23.063921],[-100.069029,23.095942],[-100.068743,23.121156],[-100.115597,23.12599],[-100.110155,23.15107],[-100.11899,23.152428],[-100.118286,23.200545],[-100.10974,23.199718],[-100.103813,23.231535],[-100.122407,23.235593],[-100.228237,23.250476]]]},"properties":{"name":"San Luis Potosí","created_at":"2013-12-01T18:59:38+0100","updated_at":"2013-12-01T18:59:38+0100","cartodb_id":22}},
{"type":"Feature","geometry":{"type":"Polygon","coordinates":[[[-98.054361,19.721679],[-98.055421,19.72191],[-98.065972,19.728077],[-98.064396,19.70901],[-98.065397,19.707754],[-98.082807,19.700756],[-98.101008,19.66805],[-98.117736,19.688263],[-98.14373,19.683649],[-98.165564,19.667476],[-98.187369,19.679732],[-98.18982,19.671012],[-98.228024,19.674451],[-98.228082,19.680419],[-98.241067,19.675836],[-98.252411,19.693126],[-98.253152,19.706669],[-98.255034,19.708199],[-98.253768,19.716265],[-98.254845,19.717332],[-98.255322,19.718412],[-98.255319,19.718829],[-98.25606,19.718607],[-98.280522,19.726321],[-98.279672,19.716881],[-98.293322,19.72623],[-98.331667,19.72232],[-98.330047,19.699037],[-98.320949,19.701011],[-98.323803,19.685298],[-98.381697,19.609362],[-98.490195,19.619953],[-98.491614,19.607368],[-98.519239,19.602399],[-98.535576,19.634419],[-98.5504,19.618578],[-98.56372,19.627149],[-98.566358,19.64112],[-98.57994,19.637416],[-98.609836,19.602014],[-98.634687,19.597758],[-98.653933,19.607543],[-98.655207,19.607556],[-98.665577,19.606154],[-98.66623,19.605778],[-98.692432,19.585879],[-98.68911,19.576859],[-98.701268,19.570944],[-98.708399,19.5476],[-98.653227,19.465986],[-98.634115,19.467848],[-98.629407,19.457018],[-98.591276,19.449214],[-98.570276,19.466769],[-98.523192,19.460869],[-98.470278,19.360831],[-98.441273,19.325251],[-98.428353,19.327579],[-98.407721,19.315932],[-98.410091,19.291339],[-98.380403,19.261716],[-98.364546,19.233125],[-98.368915,19.226122],[-98.330681,19.20015],[-98.34271,19.17794],[-98.323929,19.168662],[-98.307156,19.189204],[-98.269703,19.16239],[-98.230241,19.156729],[-98.223039,19.136638],[-98.20804,19.132699],[-98.190707,19.139986],[-98.197143,19.127497],[-98.191639,19.121937],[-98.204348,19.114929],[-98.184855,19.115516],[-98.166176,19.105072],[-98.110159,19.143212],[-98.100319,19.163367],[-98.041531,19.210232],[-98.031686,19.230938],[-97.998623,19.198325],[-97.928203,19.164213],[-97.889839,19.186957],[-97.893221,19.200307],[-97.850988,19.222934],[-97.860383,19.244077],[-97.870495,19.240061],[-97.865136,19.253949],[-97.854052,19.257328],[-97.870287,19.270586],[-97.859717,19.2872],[-97.838429,19.287264],[-97.83927,19.301376],[-97.800471,19.301583],[-97.771386,19.283753],[-97.745092,19.30526],[-97.738333,19.2871],[-97.719643,19.304753],[-97.690933,19.285888],[-97.66952,19.292134],[-97.658045,19.310665],[-97.646089,19.306409],[-97.62623,19.332745],[-97.627991,19.334645],[-97.638712,19.338263],[-97.631446,19.355395],[-97.64029,19.360751],[-97.653631,19.3538],[-97.657979,19.363674],[-97.673859,19.367471],[-97.681302,19.388303],[-97.705455,19.393641],[-97.724525,19.431637],[-97.747279,19.436334],[-97.754801,19.457543],[-97.770711,19.456614],[-97.778046,19.472877],[-97.796859,19.472443],[-97.794539,19.498375],[-97.862271,19.456176],[-97.848739,19.482782],[-97.873987,19.502927],[-97.889748,19.504579],[-97.871681,19.532152],[-97.870146,19.559155],[-97.881753,19.571806],[-97.908217,19.579501],[-97.916226,19.593931],[-97.946589,19.585524],[-97.967919,19.624713],[-98.042212,19.640225],[-98.036147,19.683055],[-98.036437,19.685844],[-98.054644,19.718561],[-98.054361,19.721679]]]},"properties":{"name":"Tlaxcala","created_at":"2013-12-01T18:59:38+0100","updated_at":"2013-12-01T18:59:38+0100","cartodb_id":23}},
{"type":"Feature","geometry":{"type":"Polygon","coordinates":[[[-97.840374,20.838882],[-97.845349,20.839766],[-97.852868,20.832868],[-97.87912,20.834276],[-97.884071,20.825329],[-97.922447,20.716519],[-97.897426,20.703214],[-97.913728,20.689162],[-97.914383,20.687755],[-97.917835,20.671245],[-97.908767,20.667159],[-97.911844,20.653515],[-97.894971,20.623899],[-97.897188,20.619133],[-97.908758,20.608134],[-97.909686,20.586378],[-97.980816,20.540709],[-97.981526,20.525679],[-97.97263,20.523202],[-97.985043,20.517036],[-97.984929,20.515887],[-97.986326,20.515624],[-97.997426,20.506095],[-97.988791,20.495385],[-97.993667,20.484914],[-97.995873,20.486096],[-97.999013,20.487118],[-98.008865,20.482541],[-98.01194,20.455145],[-98.070484,20.430273],[-98.077318,20.40312],[-98.108389,20.373958],[-98.126836,20.336231],[-98.163254,20.327849],[-98.181763,20.336282],[-98.179078,20.293808],[-98.215948,20.291457],[-98.236476,20.304347],[-98.25403,20.301342],[-98.266037,20.273611],[-98.284444,20.262789],[-98.270546,20.215806],[-98.243812,20.217943],[-98.229139,20.236613],[-98.212964,20.234291],[-98.192396,20.258218],[-98.175925,20.25423],[-98.147726,20.226385],[-98.153922,20.208581],[-98.127959,20.185941],[-98.129727,20.161483],[-98.139583,20.150142],[-98.097879,20.14539],[-98.108462,20.120803],[-98.124607,20.12407],[-98.128273,20.107203],[-98.159705,20.09257],[-98.168146,20.05723],[-98.180903,20.046986],[-98.163961,20.022458],[-98.174264,19.997739],[-98.160428,19.97813],[-98.180698,19.959752],[-98.215941,19.968521],[-98.226746,19.956222],[-98.222082,19.946932],[-98.251604,19.94815],[-98.242193,19.941149],[-98.256264,19.929305],[-98.245309,19.923998],[-98.248073,19.917531],[-98.26782,19.916114],[-98.269352,19.895709],[-98.290933,19.888877],[-98.291075,19.875812],[-98.315004,19.855116],[-98.305292,19.845871],[-98.277472,19.848162],[-98.276237,19.847566],[-98.27108,19.846309],[-98.267149,19.843336],[-98.264582,19.822999],[-98.250858,19.812758],[-98.251027,19.795064],[-98.234815,19.777046],[-98.216156,19.778417],[-98.221424,19.773576],[-98.194484,19.76559],[-98.193517,19.762954],[-98.195699,19.74162],[-98.215109,19.741314],[-98.248621,19.719184],[-98.250592,19.719312],[-98.254006,19.719118],[-98.255319,19.718829],[-98.255322,19.718412],[-98.254845,19.717332],[-98.253768,19.716265],[-98.255034,19.708199],[-98.253152,19.706669],[-98.252411,19.693126],[-98.241067,19.675836],[-98.228082,19.680419],[-98.228024,19.674451],[-98.18982,19.671012],[-98.187369,19.679732],[-98.165564,19.667476],[-98.14373,19.683649],[-98.117736,19.688263],[-98.101008,19.66805],[-98.082807,19.700756],[-98.065397,19.707754],[-98.064396,19.70901],[-98.065972,19.728077],[-98.055421,19.72191],[-98.054361,19.721679],[-98.054644,19.718561],[-98.036437,19.685844],[-98.036147,19.683055],[-98.042212,19.640225],[-97.967919,19.624713],[-97.946589,19.585524],[-97.916226,19.593931],[-97.908217,19.579501],[-97.881753,19.571806],[-97.870146,19.559155],[-97.871681,19.532152],[-97.889748,19.504579],[-97.873987,19.502927],[-97.848739,19.482782],[-97.862271,19.456176],[-97.794539,19.498375],[-97.796859,19.472443],[-97.778046,19.472877],[-97.770711,19.456614],[-97.754801,19.457543],[-97.747279,19.436334],[-97.724525,19.431637],[-97.705455,19.393641],[-97.681302,19.388303],[-97.673859,19.367471],[-97.657979,19.363674],[-97.653631,19.3538],[-97.64029,19.360751],[-97.631446,19.355395],[-97.638712,19.338263],[-97.627991,19.334645],[-97.62623,19.332745],[-97.646089,19.306409],[-97.658045,19.310665],[-97.66952,19.292134],[-97.690933,19.285888],[-97.719643,19.304753],[-97.738333,19.2871],[-97.745092,19.30526],[-97.771386,19.283753],[-97.800471,19.301583],[-97.83927,19.301376],[-97.838429,19.287264],[-97.859717,19.2872],[-97.870287,19.270586],[-97.854052,19.257328],[-97.865136,19.253949],[-97.870495,19.240061],[-97.860383,19.244077],[-97.850988,19.222934],[-97.893221,19.200307],[-97.889839,19.186957],[-97.928203,19.164213],[-97.998623,19.198325],[-98.031686,19.230938],[-98.041531,19.210232],[-98.100319,19.163367],[-98.110159,19.143212],[-98.166176,19.105072],[-98.184855,19.115516],[-98.204348,19.114929],[-98.191639,19.121937],[-98.197143,19.127497],[-98.190707,19.139986],[-98.20804,19.132699],[-98.223039,19.136638],[-98.230241,19.156729],[-98.269703,19.16239],[-98.307156,19.189204],[-98.323929,19.168662],[-98.34271,19.17794],[-98.330681,19.20015],[-98.368915,19.226122],[-98.364546,19.233125],[-98.380403,19.261716],[-98.410091,19.291339],[-98.407721,19.315932],[-98.428353,19.327579],[-98.441273,19.325251],[-98.470278,19.360831],[-98.523192,19.460869],[-98.570276,19.466769],[-98.591276,19.449214],[-98.629407,19.457018],[-98.634115,19.467848],[-98.653227,19.465986],[-98.661435,19.45809],[-98.634697,19.429548],[-98.660178,19.432094],[-98.65813,19.382709],[-98.656007,19.37751],[-98.650586,19.364648],[-98.646953,19.364802],[-98.638138,19.35856],[-98.660588,19.351736],[-98.663476,19.324792],[-98.627525,19.257759],[-98.643571,19.23873],[-98.647022,19.184828],[-98.635339,19.147032],[-98.640657,19.125456],[-98.625489,19.119572],[-98.632559,19.100607],[-98.625892,19.089376],[-98.639298,19.07744],[-98.623471,19.066382],[-98.629788,19.043603],[-98.619875,19.03506],[-98.632947,19.01555],[-98.673629,18.951665],[-98.678092,18.923717],[-98.707343,18.902856],[-98.713461,18.87085],[-98.71356,18.869851],[-98.69776,18.876953],[-98.700314,18.893796],[-98.681415,18.907167],[-98.665929,18.90604],[-98.66486,18.887665],[-98.681977,18.875961],[-98.707146,18.821801],[-98.727946,18.805509],[-98.753494,18.742969],[-98.715907,18.73919],[-98.741882,18.702177],[-98.711426,18.616455],[-98.71984,18.600709],[-98.712566,18.587958],[-98.716674,18.56592],[-98.702751,18.538787],[-98.713362,18.520565],[-98.70194,18.512186],[-98.70733,18.492851],[-98.698974,18.49498],[-98.710416,18.468067],[-98.706699,18.445112],[-98.726953,18.439533],[-98.738083,18.455738],[-98.752191,18.453924],[-98.761001,18.475446],[-98.786773,18.484627],[-98.810559,18.519313],[-98.827766,18.523886],[-98.840344,18.512772],[-98.83645,18.494576],[-98.850409,18.478035],[-98.87058,18.479202],[-98.912221,18.462122],[-98.905406,18.45974],[-98.915172,18.457821],[-98.919317,18.431965],[-98.935152,18.422904],[-98.985372,18.421154],[-98.987939,18.397064],[-99.018175,18.387784],[-99.02361,18.372454],[-99.058773,18.348856],[-99.065964,18.332567],[-99.062416,18.313103],[-99.064262,18.310281],[-99.063644,18.30681],[-99.06276,18.305756],[-99.060793,18.304777],[-99.059471,18.304716],[-99.060306,18.301653],[-99.060093,18.296665],[-99.059704,18.296394],[-99.057312,18.29437],[-99.051773,18.289815],[-99.069539,18.282255],[-99.053228,18.264156],[-99.06382,18.262502],[-99.06371,18.251483],[-99.055771,18.250174],[-99.031706,18.272315],[-99.014707,18.263266],[-99.01933,18.245411],[-98.996893,18.250212],[-98.990673,18.246177],[-99.000066,18.190205],[-98.957219,18.188698],[-98.881877,18.166162],[-98.85237,18.117601],[-98.869812,18.057217],[-98.813,18.064875],[-98.811297,18.050633],[-98.79707,18.062646],[-98.759138,18.044676],[-98.735098,18.045095],[-98.767097,18.019611],[-98.80126,18.022052],[-98.814938,18.001697],[-98.731827,17.982553],[-98.70884,17.967541],[-98.705948,17.955614],[-98.688102,17.961938],[-98.672955,17.943269],[-98.650538,17.933161],[-98.622054,17.941712],[-98.610484,17.958063],[-98.593212,17.960362],[-98.585523,17.974941],[-98.543777,17.973353],[-98.538433,17.983804],[-98.529628,17.975823],[-98.526725,17.996289],[-98.500492,17.995579],[-98.476387,17.981044],[-98.471466,17.991785],[-98.44814,17.990711],[-98.425094,17.976934],[-98.432733,17.971999],[-98.424165,17.938238],[-98.444998,17.922297],[-98.434438,17.908372],[-98.435518,17.891411],[-98.424226,17.892238],[-98.42498,17.866031],[-98.423598,17.864837],[-98.398755,17.860912],[-98.382604,17.88367],[-98.362862,17.881634],[-98.349073,17.893173],[-98.328825,17.878926],[-98.302075,17.893108],[-98.28231,17.93515],[-98.273323,17.922365],[-98.26223,17.926877],[-98.270197,17.915599],[-98.254775,17.883627],[-98.209746,17.879758],[-98.202758,17.892404],[-98.170911,17.902058],[-98.16961,17.952834],[-98.129921,17.977975],[-98.130394,17.988084],[-98.113026,17.978425],[-98.064118,17.985577],[-98.046714,17.976206],[-98.029787,17.991836],[-97.999585,17.975526],[-97.986469,17.9786],[-97.979377,17.964442],[-97.93738,17.967901],[-97.934958,17.961019],[-97.948849,17.948156],[-97.937995,17.940669],[-97.936302,17.917179],[-97.903105,17.909157],[-97.879112,17.917909],[-97.832356,17.908532],[-97.819287,17.914738],[-97.803375,17.960459],[-97.767941,17.976653],[-97.766381,18.005915],[-97.728538,18.012226],[-97.699742,18.001637],[-97.697775,18.018816],[-97.729926,18.037323],[-97.749095,18.06064],[-97.771671,18.068368],[-97.798544,18.035802],[-97.790921,18.004158],[-97.81657,17.993477],[-97.826272,17.972677],[-97.842604,17.996082],[-97.834782,18.049799],[-97.81067,18.067717],[-97.84946,18.083741],[-97.867221,18.114895],[-97.867483,18.144571],[-97.853627,18.167925],[-97.839462,18.171231],[-97.859227,18.192289],[-97.844103,18.216151],[-97.822961,18.223404],[-97.82762,18.236935],[-97.815455,18.262047],[-97.797297,18.283175],[-97.783195,18.286282],[-97.721274,18.276048],[-97.699706,18.288229],[-97.654714,18.293093],[-97.643982,18.279418],[-97.634024,18.200068],[-97.653176,18.175289],[-97.609298,18.153683],[-97.608154,18.131011],[-97.56962,18.103387],[-97.563792,18.062581],[-97.543905,18.033445],[-97.534046,18.046338],[-97.505915,18.027822],[-97.465205,18.028406],[-97.46714,18.029387],[-97.447491,18.053475],[-97.448149,18.065984],[-97.425559,18.069276],[-97.41124,18.102393],[-97.402904,18.107489],[-97.376553,18.094512],[-97.332194,18.14541],[-97.318442,18.145781],[-97.303409,18.159079],[-97.266266,18.158545],[-97.228667,18.174592],[-97.214348,18.163668],[-97.187222,18.175157],[-97.192353,18.192375],[-97.167368,18.200903],[-97.144035,18.163429],[-97.133818,18.174134],[-97.133885,18.15772],[-97.123903,18.162464],[-97.113758,18.149468],[-97.042094,18.156569],[-97.040204,18.174819],[-96.991479,18.230739],[-96.974141,18.232437],[-96.936835,18.216032],[-96.921876,18.240619],[-96.916154,18.230642],[-96.913053,18.238538],[-96.885258,18.243963],[-96.854761,18.241228],[-96.841712,18.256453],[-96.843231,18.271072],[-96.817574,18.300786],[-96.821823,18.320684],[-96.784213,18.338328],[-96.780429,18.363533],[-96.762764,18.38323],[-96.750494,18.380943],[-96.750908,18.388419],[-96.751784,18.390342],[-96.753827,18.389822],[-96.755003,18.389912],[-96.754638,18.392159],[-96.753309,18.392943],[-96.72865,18.395737],[-96.727243,18.404424],[-96.72532,18.406225],[-96.759085,18.408264],[-96.770899,18.422978],[-96.763186,18.427051],[-96.781012,18.42907],[-96.784818,18.444196],[-96.775424,18.448093],[-96.795795,18.480223],[-96.797012,18.511935],[-96.813446,18.517618],[-96.824039,18.511111],[-96.825095,18.498115],[-96.842358,18.493389],[-96.846328,18.505378],[-96.867301,18.514597],[-96.866533,18.526692],[-96.873513,18.523232],[-96.875927,18.535089],[-96.885883,18.533444],[-96.899251,18.548648],[-96.925945,18.534926],[-96.954334,18.553829],[-96.984819,18.531202],[-96.998917,18.531916],[-97.046378,18.49956],[-97.079968,18.454508],[-97.083471,18.483943],[-97.144563,18.570928],[-97.141443,18.596418],[-97.174406,18.606662],[-97.17596,18.61672],[-97.196919,18.629581],[-97.215241,18.625554],[-97.235429,18.643569],[-97.252272,18.626726],[-97.271852,18.627779],[-97.303203,18.674286],[-97.323178,18.664309],[-97.331026,18.683119],[-97.337261,18.678591],[-97.343975,18.685759],[-97.350025,18.717143],[-97.342149,18.725816],[-97.344238,18.749444],[-97.330059,18.765974],[-97.340186,18.778399],[-97.35285,18.774361],[-97.353031,18.791285],[-97.326346,18.810246],[-97.322667,18.835072],[-97.306092,18.843425],[-97.297312,18.86731],[-97.271374,18.890814],[-97.245802,18.893301],[-97.241816,18.902143],[-97.253346,18.928755],[-97.258259,18.977714],[-97.285126,18.999431],[-97.266626,19.030313],[-97.261399,19.096627],[-97.222322,19.123428],[-97.219568,19.136132],[-97.197198,19.146559],[-97.209633,19.159851],[-97.194589,19.171813],[-97.183682,19.162738],[-97.180634,19.16933],[-97.136525,19.16011],[-97.130732,19.167684],[-97.108723,19.168408],[-97.066693,19.159455],[-97.055633,19.134002],[-97.04584,19.128029],[-97.034456,19.137668],[-97.027052,19.133236],[-97.042136,19.151387],[-97.041386,19.174417],[-97.056155,19.197667],[-97.001235,19.236546],[-97.00441,19.256901],[-96.98556,19.279397],[-97.00346,19.29638],[-97.014755,19.290075],[-97.030991,19.297327],[-97.045511,19.321283],[-97.055692,19.311971],[-97.071181,19.321517],[-97.101999,19.303615],[-97.12936,19.308897],[-97.136752,19.322704],[-97.170206,19.329022],[-97.200273,19.309265],[-97.215605,19.32332],[-97.204721,19.329962],[-97.210206,19.359442],[-97.223869,19.356959],[-97.233622,19.371216],[-97.284968,19.391637],[-97.33775,19.392531],[-97.360453,19.376029],[-97.37411,19.405394],[-97.394937,19.408927],[-97.389933,19.428924],[-97.35476,19.435909],[-97.346893,19.450999],[-97.348259,19.484627],[-97.35573,19.49291],[-97.404556,19.495866],[-97.40959,19.537329],[-97.426647,19.541676],[-97.434279,19.588848],[-97.428047,19.615897],[-97.416426,19.627967],[-97.402747,19.615343],[-97.341162,19.675752],[-97.30393,19.671156],[-97.33314,19.71678],[-97.313784,19.735135],[-97.32194,19.734778],[-97.320003,19.769826],[-97.304559,19.870695],[-97.290475,19.886812],[-97.291823,19.900256],[-97.255809,19.93246],[-97.269249,19.947027],[-97.260669,19.977254],[-97.238168,19.988711],[-97.2251,20.00946],[-97.206927,20.014668],[-97.206152,20.056355],[-97.185498,20.06234],[-97.174025,20.092174],[-97.122409,20.136721],[-97.151364,20.13754],[-97.157529,20.149575],[-97.149991,20.160614],[-97.161008,20.160717],[-97.164413,20.151832],[-97.242393,20.174478],[-97.244041,20.182279],[-97.261931,20.177549],[-97.270544,20.187519],[-97.283191,20.181112],[-97.285282,20.190731],[-97.377183,20.222714],[-97.377602,20.22453],[-97.377141,20.247957],[-97.380605,20.249882],[-97.408169,20.232092],[-97.445276,20.246161],[-97.464294,20.224227],[-97.465059,20.180218],[-97.484798,20.173881],[-97.505384,20.153938],[-97.494838,20.137348],[-97.527394,20.114879],[-97.539593,20.116009],[-97.548156,20.101195],[-97.557636,20.107183],[-97.558827,20.106209],[-97.561296,20.086022],[-97.57893,20.079434],[-97.585066,20.079547],[-97.595712,20.096892],[-97.592918,20.097133],[-97.588753,20.097549],[-97.585852,20.096666],[-97.585753,20.095482],[-97.584235,20.094757],[-97.582077,20.109045],[-97.602735,20.119314],[-97.604489,20.166874],[-97.624672,20.174184],[-97.625373,20.175054],[-97.629149,20.18181],[-97.636099,20.182375],[-97.649663,20.166633],[-97.651258,20.165406],[-97.652441,20.163566],[-97.653942,20.163586],[-97.662737,20.169287],[-97.66407,20.169336],[-97.686831,20.165809],[-97.698718,20.182378],[-97.720506,20.189197],[-97.731461,20.181348],[-97.741474,20.192414],[-97.730701,20.2052],[-97.735112,20.242392],[-97.757298,20.279079],[-97.740895,20.274573],[-97.708406,20.285293],[-97.704274,20.303244],[-97.681398,20.302432],[-97.677308,20.312979],[-97.689858,20.320087],[-97.673125,20.336607],[-97.679345,20.349918],[-97.700689,20.319919],[-97.742877,20.351197],[-97.743855,20.378892],[-97.765642,20.381228],[-97.762591,20.397866],[-97.728743,20.457317],[-97.708824,20.454848],[-97.697724,20.432513],[-97.673051,20.418855],[-97.672075,20.408529],[-97.645411,20.408324],[-97.635365,20.452186],[-97.595884,20.463992],[-97.576046,20.4909],[-97.556057,20.48469],[-97.541043,20.489712],[-97.587953,20.56107],[-97.625436,20.563577],[-97.636665,20.553712],[-97.646635,20.566586],[-97.656789,20.556186],[-97.657748,20.555472],[-97.656391,20.550384],[-97.656126,20.548041],[-97.656363,20.546803],[-97.656207,20.545519],[-97.657294,20.545069],[-97.660432,20.545314],[-97.663548,20.547353],[-97.684772,20.554261],[-97.685172,20.573437],[-97.701903,20.571866],[-97.693216,20.601109],[-97.715394,20.609085],[-97.706458,20.631735],[-97.737326,20.646431],[-97.749511,20.64332],[-97.752102,20.657667],[-97.737983,20.663669],[-97.7441,20.688833],[-97.746038,20.686636],[-97.749152,20.686982],[-97.75584,20.688489],[-97.75686,20.689492],[-97.755828,20.697931],[-97.754053,20.699843],[-97.752968,20.73237],[-97.72282,20.749989],[-97.725983,20.791654],[-97.695179,20.800039],[-97.738915,20.801535],[-97.773002,20.827201],[-97.790395,20.816833],[-97.813767,20.820066],[-97.830698,20.807997],[-97.850118,20.816924],[-97.839213,20.837668],[-97.840374,20.838882]]]},"properties":{"name":"Puebla","created_at":"2013-12-01T18:59:38+0100","updated_at":"2013-12-01T18:59:38+0100","cartodb_id":24}},
{"type":"Feature","geometry":{"type":"Polygon","coordinates":[[[-99.859541,20.264628],[-99.84189,20.281881],[-99.790418,20.237994],[-99.795238,20.227741],[-99.719372,20.167138],[-99.682082,20.170589],[-99.676949,20.16247],[-99.669397,20.179299],[-99.659727,20.180821],[-99.655077,20.16309],[-99.64099,20.164229],[-99.630602,20.145694],[-99.599561,20.169673],[-99.576264,20.162092],[-99.571417,20.170218],[-99.550665,20.171392],[-99.548288,20.163132],[-99.533494,20.162058],[-99.525927,20.173296],[-99.51224,20.1751],[-99.501831,20.153287],[-99.518128,20.145667],[-99.483497,20.10097],[-99.481009,20.082198],[-99.459759,20.065457],[-99.436853,20.001299],[-99.455145,19.979724],[-99.450244,19.964247],[-99.477765,19.960566],[-99.483981,19.905177],[-99.463881,19.892596],[-99.435933,19.903129],[-99.445208,19.884321],[-99.426781,19.874997],[-99.414992,19.850527],[-99.391752,19.859918],[-99.37325,19.851542],[-99.386722,19.813032],[-99.37754,19.796453],[-99.390331,19.785734],[-99.381172,19.784054],[-99.387884,19.777913],[-99.382445,19.771204],[-99.37061,19.781845],[-99.34456,19.779455],[-99.338654,19.802028],[-99.325582,19.793095],[-99.306601,19.797694],[-99.311923,19.814162],[-99.296944,19.835222],[-99.278719,19.840409],[-99.269469,19.859555],[-99.247961,19.859785],[-99.24143,19.875262],[-99.2283,19.875047],[-99.217467,19.891424],[-99.223925,19.901998],[-99.205603,19.927501],[-99.218573,19.927242],[-99.227761,19.951068],[-99.215394,19.954614],[-99.196919,19.984827],[-99.189206,19.98482],[-99.190053,19.993963],[-99.177217,19.993139],[-99.158603,20.027188],[-99.08545,20.032488],[-99.078324,20.0183],[-99.063841,20.014194],[-99.06756,19.984989],[-99.059576,19.973996],[-99.04943,20.007697],[-99.031343,20.014854],[-99.034513,19.971772],[-99.027656,19.964559],[-99.00412,19.964952],[-99.007547,19.979163],[-99.021555,19.987005],[-99.005267,20.028944],[-99.005644,20.053205],[-98.988978,20.068262],[-98.958688,20.039565],[-98.963977,20.031238],[-98.946655,20.027475],[-98.94273,19.979073],[-98.966219,19.973995],[-98.981176,19.954721],[-98.995623,19.956892],[-98.999779,19.941825],[-98.984691,19.946318],[-98.983165,19.938613],[-98.956112,19.928184],[-98.952723,19.906715],[-98.961446,19.893641],[-98.953547,19.88854],[-98.966006,19.891657],[-99.020581,19.867683],[-99.000152,19.834179],[-99.008201,19.828402],[-98.950042,19.799641],[-98.927632,19.843393],[-98.906016,19.84513],[-98.902978,19.859306],[-98.917481,19.869233],[-98.911825,19.881017],[-98.89827,19.883605],[-98.89589,19.895708],[-98.883162,19.901529],[-98.865896,19.892587],[-98.85583,19.90428],[-98.840952,19.892309],[-98.844034,19.881988],[-98.795172,19.856415],[-98.793927,19.872084],[-98.780574,19.883541],[-98.739173,19.87256],[-98.712821,19.853802],[-98.699127,19.85842],[-98.685368,19.850549],[-98.672659,19.862835],[-98.67184,19.853659],[-98.697641,19.832115],[-98.675875,19.813184],[-98.674792,19.832396],[-98.660815,19.835031],[-98.638788,19.80077],[-98.623562,19.793889],[-98.625261,19.785183],[-98.612234,19.786368],[-98.611664,19.774129],[-98.596867,19.76584],[-98.608102,19.725075],[-98.632924,19.722236],[-98.623915,19.696408],[-98.639897,19.671083],[-98.619671,19.661164],[-98.644187,19.648831],[-98.667778,19.661336],[-98.672716,19.630065],[-98.665745,19.617113],[-98.663826,19.615053],[-98.661747,19.610113],[-98.665577,19.606154],[-98.655207,19.607556],[-98.653933,19.607543],[-98.634687,19.597758],[-98.609836,19.602014],[-98.57994,19.637416],[-98.566358,19.64112],[-98.56372,19.627149],[-98.5504,19.618578],[-98.535576,19.634419],[-98.519239,19.602399],[-98.491614,19.607368],[-98.490195,19.619953],[-98.381697,19.609362],[-98.323803,19.685298],[-98.320949,19.701011],[-98.330047,19.699037],[-98.331667,19.72232],[-98.293322,19.72623],[-98.279672,19.716881],[-98.280522,19.726321],[-98.25606,19.718607],[-98.254509,19.71904],[-98.250108,19.719334],[-98.248621,19.719184],[-98.215109,19.741314],[-98.195699,19.74162],[-98.193517,19.762954],[-98.194484,19.76559],[-98.221424,19.773576],[-98.216156,19.778417],[-98.234815,19.777046],[-98.251027,19.795064],[-98.250858,19.812758],[-98.264582,19.822999],[-98.267149,19.843336],[-98.27108,19.846309],[-98.276237,19.847566],[-98.277472,19.848162],[-98.305292,19.845871],[-98.315004,19.855116],[-98.291075,19.875812],[-98.290933,19.888877],[-98.269352,19.895709],[-98.26782,19.916114],[-98.248073,19.917531],[-98.245309,19.923998],[-98.256264,19.929305],[-98.242193,19.941149],[-98.251604,19.94815],[-98.222082,19.946932],[-98.226746,19.956222],[-98.215941,19.968521],[-98.180698,19.959752],[-98.160428,19.97813],[-98.174264,19.997739],[-98.163961,20.022458],[-98.180903,20.046986],[-98.168146,20.05723],[-98.159705,20.09257],[-98.128273,20.107203],[-98.124607,20.12407],[-98.108462,20.120803],[-98.097879,20.14539],[-98.139583,20.150142],[-98.129727,20.161483],[-98.127959,20.185941],[-98.153922,20.208581],[-98.147726,20.226385],[-98.175925,20.25423],[-98.192396,20.258218],[-98.212964,20.234291],[-98.229139,20.236613],[-98.243812,20.217943],[-98.270546,20.215806],[-98.284444,20.262789],[-98.266037,20.273611],[-98.25403,20.301342],[-98.236476,20.304347],[-98.215948,20.291457],[-98.179078,20.293808],[-98.181763,20.336282],[-98.163254,20.327849],[-98.126836,20.336231],[-98.108389,20.373958],[-98.077318,20.40312],[-98.070484,20.430273],[-98.01194,20.455145],[-98.008865,20.482541],[-97.999013,20.487118],[-97.995873,20.486096],[-97.993667,20.484914],[-97.988791,20.495385],[-97.997426,20.506095],[-97.986326,20.515624],[-97.984929,20.515887],[-97.985724,20.518232],[-98.017272,20.525992],[-98.008306,20.53269],[-98.028728,20.589712],[-98.01771,20.601705],[-98.02101,20.62678],[-98.039979,20.631932],[-98.071835,20.677177],[-98.087181,20.622877],[-98.111786,20.615937],[-98.114977,20.600104],[-98.126906,20.597267],[-98.118724,20.594129],[-98.121643,20.586094],[-98.130188,20.590931],[-98.147736,20.562662],[-98.153718,20.565221],[-98.158043,20.542561],[-98.188345,20.52322],[-98.211601,20.5287],[-98.224571,20.522952],[-98.229362,20.520121],[-98.234103,20.506195],[-98.255774,20.49994],[-98.280464,20.469377],[-98.312139,20.449768],[-98.321014,20.418014],[-98.35982,20.39981],[-98.386149,20.402713],[-98.418294,20.380049],[-98.460389,20.33145],[-98.46398,20.332111],[-98.517401,20.336852],[-98.548967,20.360286],[-98.547402,20.361182],[-98.553711,20.446434],[-98.597286,20.495771],[-98.557606,20.509365],[-98.534665,20.530658],[-98.524492,20.548362],[-98.522979,20.581813],[-98.512248,20.594224],[-98.48018,20.588999],[-98.495803,20.639863],[-98.465716,20.66644],[-98.463686,20.667241],[-98.463275,20.667841],[-98.463442,20.668627],[-98.464588,20.669947],[-98.464536,20.671808],[-98.459883,20.696203],[-98.449216,20.700896],[-98.445904,20.694337],[-98.44335,20.709881],[-98.430279,20.715209],[-98.429201,20.716412],[-98.430255,20.716865],[-98.421448,20.744276],[-98.425511,20.748929],[-98.439411,20.738638],[-98.440177,20.73586],[-98.443463,20.732473],[-98.444098,20.731286],[-98.443912,20.730128],[-98.460342,20.713312],[-98.525051,20.681839],[-98.5315,20.663907],[-98.542335,20.668084],[-98.55018,20.689393],[-98.529073,20.703994],[-98.53016,20.718098],[-98.506438,20.733119],[-98.514493,20.732322],[-98.517217,20.742384],[-98.508139,20.744189],[-98.503611,20.732227],[-98.449729,20.751346],[-98.464346,20.771926],[-98.463231,20.785177],[-98.44368,20.834324],[-98.427632,20.849305],[-98.398248,20.858731],[-98.379661,20.851862],[-98.371126,20.862314],[-98.35751,20.85679],[-98.345146,20.864853],[-98.35287,20.836007],[-98.327196,20.829438],[-98.328646,20.820501],[-98.314838,20.809815],[-98.344665,20.797485],[-98.328522,20.784097],[-98.30783,20.801916],[-98.302877,20.795901],[-98.298446,20.801429],[-98.304479,20.782733],[-98.29881,20.77784],[-98.292023,20.785507],[-98.24775,20.789437],[-98.244887,20.802222],[-98.233936,20.797312],[-98.224705,20.818235],[-98.253765,20.821492],[-98.262323,20.846893],[-98.254643,20.848952],[-98.256222,20.858969],[-98.265503,20.866536],[-98.250966,20.897305],[-98.226262,20.904094],[-98.222704,20.918448],[-98.229344,20.914492],[-98.234264,20.91583],[-98.235589,20.939352],[-98.234936,20.941063],[-98.23119,20.944367],[-98.228139,20.95459],[-98.228574,20.957609],[-98.226727,20.959206],[-98.216112,20.952608],[-98.209539,20.967089],[-98.215007,20.989627],[-98.200619,20.994696],[-98.202068,21.011749],[-98.188998,21.018319],[-98.188732,21.030841],[-98.163168,21.017723],[-98.150776,21.047218],[-98.149138,21.083022],[-98.184155,21.110547],[-98.189804,21.11076],[-98.201136,21.105865],[-98.201982,21.106443],[-98.195152,21.120363],[-98.216825,21.151472],[-98.24911,21.129403],[-98.257864,21.134695],[-98.261997,21.140355],[-98.282174,21.136417],[-98.282637,21.138275],[-98.282489,21.138854],[-98.280883,21.1405],[-98.295719,21.148665],[-98.293227,21.15737],[-98.290206,21.160901],[-98.275516,21.187373],[-98.287178,21.194296],[-98.297377,21.177673],[-98.315856,21.18688],[-98.350754,21.157143],[-98.366241,21.162235],[-98.38022,21.155125],[-98.386808,21.162259],[-98.416436,21.154982],[-98.446767,21.179813],[-98.456948,21.214833],[-98.479657,21.223888],[-98.46836,21.249651],[-98.49901,21.252231],[-98.516543,21.244269],[-98.543982,21.263901],[-98.495567,21.329966],[-98.495618,21.34042],[-98.485178,21.35015],[-98.477878,21.343761],[-98.463423,21.350836],[-98.464714,21.352471],[-98.468697,21.387033],[-98.481091,21.388401],[-98.479723,21.396235],[-98.480766,21.39768],[-98.482757,21.397214],[-98.486417,21.398518],[-98.486449,21.395628],[-98.488879,21.391128],[-98.495296,21.387093],[-98.5,21.385343],[-98.50186,21.387765],[-98.502923,21.389351],[-98.50473,21.389213],[-98.507133,21.385738],[-98.505063,21.382621],[-98.515752,21.37229],[-98.507379,21.369971],[-98.511426,21.362513],[-98.549566,21.384598],[-98.567716,21.370774],[-98.590052,21.372762],[-98.598991,21.35912],[-98.599562,21.358415],[-98.599561,21.359766],[-98.605593,21.35894],[-98.608028,21.359529],[-98.610458,21.359344],[-98.612908,21.360166],[-98.634281,21.363755],[-98.635132,21.363531],[-98.637705,21.367355],[-98.640374,21.365954],[-98.65275,21.346844],[-98.681141,21.344311],[-98.681342,21.339365],[-98.671005,21.325243],[-98.670727,21.32472],[-98.669539,21.324943],[-98.633599,21.313355],[-98.62755,21.310783],[-98.614264,21.302282],[-98.609994,21.299212],[-98.604353,21.301593],[-98.59876,21.280866],[-98.598158,21.28003],[-98.599272,21.279549],[-98.602449,21.26235],[-98.601272,21.25972],[-98.608925,21.252704],[-98.599449,21.247731],[-98.608742,21.201408],[-98.650397,21.181093],[-98.651522,21.181535],[-98.682337,21.200724],[-98.693044,21.173863],[-98.692816,21.170663],[-98.691096,21.167472],[-98.69167,21.165983],[-98.70182,21.160771],[-98.705233,21.187197],[-98.727661,21.179549],[-98.741314,21.192792],[-98.741901,21.192644],[-98.746529,21.184328],[-98.767303,21.184417],[-98.772921,21.171969],[-98.780809,21.185982],[-98.797971,21.183343],[-98.797357,21.19132],[-98.808143,21.193245],[-98.798594,21.17808],[-98.793889,21.179524],[-98.791981,21.17983],[-98.793953,21.160184],[-98.824948,21.16135],[-98.850945,21.175865],[-98.854868,21.179433],[-98.8574,21.189264],[-98.882659,21.179611],[-98.885126,21.19634],[-98.915081,21.225194],[-98.898888,21.23127],[-98.899891,21.238561],[-98.922873,21.246731],[-98.917729,21.255501],[-98.927941,21.268742],[-98.929277,21.292729],[-98.940283,21.294602],[-98.944961,21.311337],[-98.956514,21.301804],[-98.969733,21.305975],[-98.975043,21.297004],[-99.013389,21.295162],[-99.015413,21.292606],[-99.02206,21.290018],[-99.022602,21.289253],[-99.023342,21.287159],[-99.030611,21.28424],[-99.031664,21.285963],[-99.032905,21.285305],[-99.046958,21.279842],[-99.046841,21.28071],[-99.048196,21.281292],[-99.049176,21.281656],[-99.053094,21.283277],[-99.054522,21.282993],[-99.054656,21.282766],[-99.055138,21.282538],[-99.054595,21.282605],[-99.051177,21.25343],[-99.073731,21.235777],[-99.068354,21.223919],[-99.051943,21.218449],[-99.04308,21.178677],[-99.053863,21.161381],[-99.054908,21.159327],[-99.071042,21.156791],[-99.067319,21.163632],[-99.06567,21.165911],[-99.063249,21.167647],[-99.062148,21.167595],[-99.060124,21.167231],[-99.05969,21.168273],[-99.060963,21.170771],[-99.06221,21.172407],[-99.063306,21.174904],[-99.070528,21.17232],[-99.075756,21.173475],[-99.070621,21.167014],[-99.077048,21.159145],[-99.110853,21.156558],[-99.111492,21.148509],[-99.126368,21.146638],[-99.132565,21.153032],[-99.175478,21.138378],[-99.184601,21.122262],[-99.206225,21.11869],[-99.215419,21.106211],[-99.234216,21.112804],[-99.247047,21.101473],[-99.255955,21.104247],[-99.309206,21.1473],[-99.341828,21.12366],[-99.34636,21.100877],[-99.396765,21.102138],[-99.397509,21.101801],[-99.387673,21.067827],[-99.367437,21.06948],[-99.377079,21.056615],[-99.363246,21.041729],[-99.368357,21.024765],[-99.384575,21.018089],[-99.389955,21.004138],[-99.396329,20.981087],[-99.390626,20.952274],[-99.407241,20.937104],[-99.403035,20.930198],[-99.415586,20.924901],[-99.412557,20.905429],[-99.435227,20.899397],[-99.446064,20.853031],[-99.454432,20.857976],[-99.45654,20.849019],[-99.488732,20.832933],[-99.48529,20.817828],[-99.499727,20.804273],[-99.488706,20.799367],[-99.497254,20.790945],[-99.503769,20.794833],[-99.496306,20.782353],[-99.503817,20.765787],[-99.548471,20.737198],[-99.534275,20.705974],[-99.50554,20.684701],[-99.511037,20.678387],[-99.500642,20.673043],[-99.501923,20.658962],[-99.565344,20.640394],[-99.578949,20.618832],[-99.589708,20.6204],[-99.619511,20.591407],[-99.634584,20.605654],[-99.65787,20.601799],[-99.696413,20.574445],[-99.711952,20.581267],[-99.738683,20.560521],[-99.779329,20.559305],[-99.804625,20.544758],[-99.828071,20.543008],[-99.859541,20.264628]]]},"properties":{"name":"Hidalgo","created_at":"2013-12-01T18:59:38+0100","updated_at":"2013-12-01T18:59:38+0100","cartodb_id":25}},
{"type":"Feature","geometry":{"type":"Polygon","coordinates":[[[-97.792415,22.260351],[-97.832113,22.238103],[-97.839683,22.208886],[-97.894962,22.222378],[-97.91794,22.239986],[-97.91679,22.252593],[-97.934595,22.254594],[-97.931661,22.271047],[-97.956708,22.293892],[-97.982708,22.302614],[-97.992664,22.292775],[-98.000324,22.297432],[-97.998949,22.314327],[-97.98398,22.304671],[-97.97051,22.32805],[-97.99002,22.350864],[-98.028472,22.358392],[-98.074263,22.347781],[-98.086015,22.370154],[-98.106213,22.366712],[-98.113536,22.395303],[-98.188988,22.425339],[-98.189743,22.441791],[-98.199885,22.449036],[-98.194995,22.469559],[-98.207002,22.464024],[-98.219844,22.471751],[-98.232365,22.461331],[-98.247931,22.471657],[-98.256634,22.453406],[-98.272937,22.447291],[-98.287369,22.467028],[-98.301008,22.461227],[-98.316823,22.468562],[-98.312215,22.445219],[-98.327361,22.42647],[-98.312711,22.414273],[-98.318781,22.39074],[-98.327694,22.39868],[-98.352273,22.388703],[-98.355225,22.407446],[-98.374578,22.389618],[-98.387809,22.389284],[-98.38246,22.415924],[-98.388644,22.424293],[-98.409543,22.399927],[-98.419046,22.412738],[-98.433117,22.413578],[-98.433766,22.432864],[-98.460959,22.412192],[-98.466808,22.428802],[-98.490369,22.427765],[-98.492138,22.419474],[-98.504354,22.429494],[-98.506389,22.429267],[-98.509597,22.416388],[-98.525362,22.406781],[-98.568513,22.401578],[-98.574936,22.393945],[-98.613752,22.408925],[-98.626901,22.402161],[-98.638156,22.414524],[-98.667985,22.404489],[-98.666825,22.405944],[-98.670888,22.405673],[-98.670833,22.405357],[-98.681547,22.371575],[-98.579316,22.377757],[-98.579291,22.348628],[-98.535215,22.337878],[-98.525551,22.318835],[-98.50612,22.315974],[-98.475908,22.28864],[-98.464517,22.303466],[-98.446659,22.305621],[-98.4277,22.283455],[-98.430372,22.274603],[-98.407558,22.28421],[-98.396378,22.276262],[-98.406419,22.269351],[-98.405093,22.256076],[-98.368137,22.255373],[-98.374556,22.236079],[-98.325967,22.243053],[-98.352261,22.222799],[-98.330413,22.201344],[-98.336545,22.187693],[-98.432017,22.128265],[-98.438737,22.111915],[-98.418825,22.098019],[-98.439452,22.075647],[-98.434649,22.051669],[-98.446414,22.042215],[-98.459544,21.995169],[-98.472334,21.987974],[-98.476286,21.999573],[-98.481476,21.990514],[-98.468806,21.964601],[-98.493203,21.960412],[-98.522,21.979431],[-98.550665,21.96075],[-98.578839,21.966092],[-98.56602,21.937644],[-98.551281,21.933738],[-98.531576,21.949916],[-98.515597,21.951268],[-98.503146,21.936626],[-98.500452,21.923149],[-98.543847,21.932117],[-98.545874,21.917348],[-98.51489,21.917636],[-98.510798,21.908697],[-98.520201,21.896986],[-98.538203,21.905808],[-98.548034,21.860105],[-98.528858,21.863175],[-98.514481,21.823893],[-98.48632,21.836269],[-98.493119,21.81394],[-98.475038,21.814192],[-98.454717,21.766738],[-98.459447,21.762311],[-98.467597,21.770698],[-98.483726,21.752171],[-98.476924,21.745219],[-98.491485,21.735061],[-98.504219,21.738048],[-98.498946,21.727243],[-98.512665,21.726602],[-98.516674,21.716851],[-98.537411,21.720624],[-98.520532,21.710231],[-98.530742,21.697275],[-98.543841,21.723394],[-98.567435,21.717368],[-98.572212,21.70916],[-98.558838,21.703539],[-98.558255,21.687672],[-98.579201,21.671948],[-98.597788,21.66888],[-98.621997,21.682383],[-98.624962,21.673065],[-98.60947,21.667229],[-98.620562,21.653073],[-98.633222,21.653888],[-98.643631,21.631682],[-98.621127,21.627822],[-98.625747,21.585456],[-98.6054,21.566913],[-98.602247,21.540431],[-98.557452,21.521978],[-98.532256,21.50114],[-98.5356,21.492465],[-98.516913,21.460702],[-98.521711,21.432721],[-98.521502,21.429824],[-98.520716,21.407424],[-98.521318,21.406101],[-98.507674,21.391621],[-98.50655,21.391952],[-98.503573,21.392261],[-98.503464,21.390729],[-98.504349,21.389363],[-98.502923,21.389351],[-98.50186,21.387765],[-98.5,21.385343],[-98.495296,21.387093],[-98.488879,21.391128],[-98.486449,21.395628],[-98.486417,21.398518],[-98.482757,21.397214],[-98.480766,21.39768],[-98.479723,21.396235],[-98.481091,21.388401],[-98.468697,21.387033],[-98.464714,21.352471],[-98.463423,21.350836],[-98.477878,21.343761],[-98.485178,21.35015],[-98.495618,21.34042],[-98.495567,21.329966],[-98.543982,21.263901],[-98.516543,21.244269],[-98.49901,21.252231],[-98.46836,21.249651],[-98.479657,21.223888],[-98.456948,21.214833],[-98.446767,21.179813],[-98.416436,21.154982],[-98.386808,21.162259],[-98.38022,21.155125],[-98.366241,21.162235],[-98.350754,21.157143],[-98.315856,21.18688],[-98.297377,21.177673],[-98.287178,21.194296],[-98.275516,21.187373],[-98.290206,21.160901],[-98.293227,21.15737],[-98.295719,21.148665],[-98.280883,21.1405],[-98.282489,21.138854],[-98.282637,21.138275],[-98.282174,21.136417],[-98.261997,21.140355],[-98.257864,21.134695],[-98.24911,21.129403],[-98.216825,21.151472],[-98.195152,21.120363],[-98.201982,21.106443],[-98.201136,21.105865],[-98.189804,21.11076],[-98.184155,21.110547],[-98.149138,21.083022],[-98.150776,21.047218],[-98.163168,21.017723],[-98.188732,21.030841],[-98.188998,21.018319],[-98.202068,21.011749],[-98.200619,20.994696],[-98.215007,20.989627],[-98.209539,20.967089],[-98.216112,20.952608],[-98.226727,20.959206],[-98.228574,20.957609],[-98.228139,20.95459],[-98.23119,20.944367],[-98.234936,20.941063],[-98.235589,20.939352],[-98.234264,20.91583],[-98.229344,20.914492],[-98.222704,20.918448],[-98.226262,20.904094],[-98.250966,20.897305],[-98.265503,20.866536],[-98.256222,20.858969],[-98.254643,20.848952],[-98.262323,20.846893],[-98.253765,20.821492],[-98.224705,20.818235],[-98.233936,20.797312],[-98.244887,20.802222],[-98.24775,20.789437],[-98.292023,20.785507],[-98.29881,20.77784],[-98.304479,20.782733],[-98.298446,20.801429],[-98.302877,20.795901],[-98.30783,20.801916],[-98.328522,20.784097],[-98.344665,20.797485],[-98.314838,20.809815],[-98.328646,20.820501],[-98.327196,20.829438],[-98.35287,20.836007],[-98.345146,20.864853],[-98.35751,20.85679],[-98.371126,20.862314],[-98.379661,20.851862],[-98.398248,20.858731],[-98.427632,20.849305],[-98.44368,20.834324],[-98.463231,20.785177],[-98.464346,20.771926],[-98.449729,20.751346],[-98.503611,20.732227],[-98.508139,20.744189],[-98.517217,20.742384],[-98.514493,20.732322],[-98.506438,20.733119],[-98.53016,20.718098],[-98.529073,20.703994],[-98.55018,20.689393],[-98.542335,20.668084],[-98.5315,20.663907],[-98.525051,20.681839],[-98.460342,20.713312],[-98.443912,20.730128],[-98.444098,20.731286],[-98.443463,20.732473],[-98.440177,20.73586],[-98.439411,20.738638],[-98.425511,20.748929],[-98.421448,20.744276],[-98.430255,20.716865],[-98.429201,20.716412],[-98.430279,20.715209],[-98.44335,20.709881],[-98.445904,20.694337],[-98.449216,20.700896],[-98.459883,20.696203],[-98.464536,20.671808],[-98.464588,20.669947],[-98.463442,20.668627],[-98.463275,20.667841],[-98.463686,20.667241],[-98.465716,20.66644],[-98.495803,20.639863],[-98.48018,20.588999],[-98.512248,20.594224],[-98.522979,20.581813],[-98.524492,20.548362],[-98.534665,20.530658],[-98.557606,20.509365],[-98.597286,20.495771],[-98.553711,20.446434],[-98.547402,20.361182],[-98.548967,20.360286],[-98.517401,20.336852],[-98.46398,20.332111],[-98.460389,20.33145],[-98.418294,20.380049],[-98.386149,20.402713],[-98.35982,20.39981],[-98.321014,20.418014],[-98.312139,20.449768],[-98.280464,20.469377],[-98.255774,20.49994],[-98.234103,20.506195],[-98.229362,20.520121],[-98.224571,20.522952],[-98.211601,20.5287],[-98.188345,20.52322],[-98.158043,20.542561],[-98.153718,20.565221],[-98.147736,20.562662],[-98.130188,20.590931],[-98.121643,20.586094],[-98.118724,20.594129],[-98.126906,20.597267],[-98.114977,20.600104],[-98.111786,20.615937],[-98.087181,20.622877],[-98.071835,20.677177],[-98.039979,20.631932],[-98.02101,20.62678],[-98.01771,20.601705],[-98.028728,20.589712],[-98.008306,20.53269],[-98.017272,20.525992],[-97.985724,20.518232],[-97.985043,20.517036],[-97.97263,20.523202],[-97.981526,20.525679],[-97.980816,20.540709],[-97.909686,20.586378],[-97.908758,20.608134],[-97.897188,20.619133],[-97.894971,20.623899],[-97.911844,20.653515],[-97.908767,20.667159],[-97.917835,20.671245],[-97.914383,20.687755],[-97.913728,20.689162],[-97.897426,20.703214],[-97.922447,20.716519],[-97.884071,20.825329],[-97.87912,20.834276],[-97.852868,20.832868],[-97.845349,20.839766],[-97.840374,20.838882],[-97.839213,20.837668],[-97.850118,20.816924],[-97.830698,20.807997],[-97.813767,20.820066],[-97.790395,20.816833],[-97.773002,20.827201],[-97.738915,20.801535],[-97.695179,20.800039],[-97.725983,20.791654],[-97.72282,20.749989],[-97.752968,20.73237],[-97.754053,20.699843],[-97.755828,20.697931],[-97.75686,20.689492],[-97.75584,20.688489],[-97.749152,20.686982],[-97.746038,20.686636],[-97.7441,20.688833],[-97.737983,20.663669],[-97.752102,20.657667],[-97.749511,20.64332],[-97.737326,20.646431],[-97.706458,20.631735],[-97.715394,20.609085],[-97.693216,20.601109],[-97.701903,20.571866],[-97.685172,20.573437],[-97.684772,20.554261],[-97.663548,20.547353],[-97.660432,20.545314],[-97.657294,20.545069],[-97.656207,20.545519],[-97.656363,20.546803],[-97.656126,20.548041],[-97.656391,20.550384],[-97.657748,20.555472],[-97.656789,20.556186],[-97.646635,20.566586],[-97.636665,20.553712],[-97.625436,20.563577],[-97.587953,20.56107],[-97.541043,20.489712],[-97.556057,20.48469],[-97.576046,20.4909],[-97.595884,20.463992],[-97.635365,20.452186],[-97.645411,20.408324],[-97.672075,20.408529],[-97.673051,20.418855],[-97.697724,20.432513],[-97.708824,20.454848],[-97.728743,20.457317],[-97.762591,20.397866],[-97.765642,20.381228],[-97.743855,20.378892],[-97.742877,20.351197],[-97.700689,20.319919],[-97.679345,20.349918],[-97.673125,20.336607],[-97.689858,20.320087],[-97.677308,20.312979],[-97.681398,20.302432],[-97.704274,20.303244],[-97.708406,20.285293],[-97.740895,20.274573],[-97.757298,20.279079],[-97.735112,20.242392],[-97.730701,20.2052],[-97.741474,20.192414],[-97.731461,20.181348],[-97.720506,20.189197],[-97.698718,20.182378],[-97.686831,20.165809],[-97.66407,20.169336],[-97.662737,20.169287],[-97.653942,20.163586],[-97.652441,20.163566],[-97.651258,20.165406],[-97.649663,20.166633],[-97.636099,20.182375],[-97.629149,20.18181],[-97.625373,20.175054],[-97.624672,20.174184],[-97.604489,20.166874],[-97.602735,20.119314],[-97.582077,20.109045],[-97.584235,20.094757],[-97.585753,20.095482],[-97.585852,20.096666],[-97.588753,20.097549],[-97.592918,20.097133],[-97.595712,20.096892],[-97.585066,20.079547],[-97.57893,20.079434],[-97.561296,20.086022],[-97.558827,20.106209],[-97.557636,20.107183],[-97.548156,20.101195],[-97.539593,20.116009],[-97.527394,20.114879],[-97.494838,20.137348],[-97.505384,20.153938],[-97.484798,20.173881],[-97.465059,20.180218],[-97.464294,20.224227],[-97.445276,20.246161],[-97.408169,20.232092],[-97.380605,20.249882],[-97.377141,20.247957],[-97.377602,20.22453],[-97.377183,20.222714],[-97.285282,20.190731],[-97.283191,20.181112],[-97.270544,20.187519],[-97.261931,20.177549],[-97.244041,20.182279],[-97.242393,20.174478],[-97.164413,20.151832],[-97.161008,20.160717],[-97.149991,20.160614],[-97.157529,20.149575],[-97.151364,20.13754],[-97.122409,20.136721],[-97.174025,20.092174],[-97.185498,20.06234],[-97.206152,20.056355],[-97.206927,20.014668],[-97.2251,20.00946],[-97.238168,19.988711],[-97.260669,19.977254],[-97.269249,19.947027],[-97.255809,19.93246],[-97.291823,19.900256],[-97.290475,19.886812],[-97.304559,19.870695],[-97.320003,19.769826],[-97.32194,19.734778],[-97.313784,19.735135],[-97.33314,19.71678],[-97.30393,19.671156],[-97.341162,19.675752],[-97.402747,19.615343],[-97.416426,19.627967],[-97.428047,19.615897],[-97.434279,19.588848],[-97.426647,19.541676],[-97.40959,19.537329],[-97.404556,19.495866],[-97.35573,19.49291],[-97.348259,19.484627],[-97.346893,19.450999],[-97.35476,19.435909],[-97.389933,19.428924],[-97.394937,19.408927],[-97.37411,19.405394],[-97.360453,19.376029],[-97.33775,19.392531],[-97.284968,19.391637],[-97.233622,19.371216],[-97.223869,19.356959],[-97.210206,19.359442],[-97.204721,19.329962],[-97.215605,19.32332],[-97.200273,19.309265],[-97.170206,19.329022],[-97.136752,19.322704],[-97.12936,19.308897],[-97.101999,19.303615],[-97.071181,19.321517],[-97.055692,19.311971],[-97.045511,19.321283],[-97.030991,19.297327],[-97.014755,19.290075],[-97.00346,19.29638],[-96.98556,19.279397],[-97.00441,19.256901],[-97.001235,19.236546],[-97.056155,19.197667],[-97.041386,19.174417],[-97.042136,19.151387],[-97.027052,19.133236],[-97.034456,19.137668],[-97.04584,19.128029],[-97.055633,19.134002],[-97.066693,19.159455],[-97.108723,19.168408],[-97.130732,19.167684],[-97.136525,19.16011],[-97.180634,19.16933],[-97.183682,19.162738],[-97.194589,19.171813],[-97.209633,19.159851],[-97.197198,19.146559],[-97.219568,19.136132],[-97.222322,19.123428],[-97.261399,19.096627],[-97.266626,19.030313],[-97.285126,18.999431],[-97.258259,18.977714],[-97.253346,18.928755],[-97.241816,18.902143],[-97.245802,18.893301],[-97.271374,18.890814],[-97.297312,18.86731],[-97.306092,18.843425],[-97.322667,18.835072],[-97.326346,18.810246],[-97.353031,18.791285],[-97.35285,18.774361],[-97.340186,18.778399],[-97.330059,18.765974],[-97.344238,18.749444],[-97.342149,18.725816],[-97.350025,18.717143],[-97.343975,18.685759],[-97.337261,18.678591],[-97.331026,18.683119],[-97.323178,18.664309],[-97.303203,18.674286],[-97.271852,18.627779],[-97.252272,18.626726],[-97.235429,18.643569],[-97.215241,18.625554],[-97.196919,18.629581],[-97.17596,18.61672],[-97.174406,18.606662],[-97.141443,18.596418],[-97.144563,18.570928],[-97.083471,18.483943],[-97.079968,18.454508],[-97.046378,18.49956],[-96.998917,18.531916],[-96.984819,18.531202],[-96.954334,18.553829],[-96.925945,18.534926],[-96.899251,18.548648],[-96.885883,18.533444],[-96.875927,18.535089],[-96.873513,18.523232],[-96.866533,18.526692],[-96.867301,18.514597],[-96.846328,18.505378],[-96.842358,18.493389],[-96.825095,18.498115],[-96.824039,18.511111],[-96.813446,18.517618],[-96.797012,18.511935],[-96.795795,18.480223],[-96.775424,18.448093],[-96.784818,18.444196],[-96.781012,18.42907],[-96.763186,18.427051],[-96.770899,18.422978],[-96.759085,18.408264],[-96.72532,18.406225],[-96.727243,18.404424],[-96.72865,18.395737],[-96.741497,18.383857],[-96.732327,18.3737],[-96.69624,18.379828],[-96.695821,18.375572],[-96.69625,18.364754],[-96.691831,18.38085],[-96.681615,18.375584],[-96.674563,18.381395],[-96.680613,18.38357],[-96.680547,18.384427],[-96.679299,18.386075],[-96.681037,18.412204],[-96.709707,18.429954],[-96.705323,18.456711],[-96.692883,18.457549],[-96.682542,18.475062],[-96.691078,18.489828],[-96.682275,18.507118],[-96.702868,18.510269],[-96.706169,18.526337],[-96.719028,18.522128],[-96.726899,18.529829],[-96.711827,18.548055],[-96.724222,18.558988],[-96.715605,18.573241],[-96.699631,18.553343],[-96.690941,18.567974],[-96.702149,18.581227],[-96.688759,18.581216],[-96.693828,18.591209],[-96.672464,18.607574],[-96.688697,18.638793],[-96.681096,18.647949],[-96.682765,18.669121],[-96.680483,18.668598],[-96.678246,18.666881],[-96.676026,18.665835],[-96.560947,18.587699],[-96.517329,18.581578],[-96.500712,18.589161],[-96.499122,18.588507],[-96.46724,18.570838],[-96.466331,18.572533],[-96.462875,18.57311],[-96.458225,18.569995],[-96.456897,18.568829],[-96.456488,18.566534],[-96.454392,18.561541],[-96.453642,18.560435],[-96.451407,18.556571],[-96.452937,18.556532],[-96.45312,18.553126],[-96.455088,18.550061],[-96.453643,18.547626],[-96.420762,18.510458],[-96.411186,18.476921],[-96.418023,18.470482],[-96.404597,18.467778],[-96.402985,18.439919],[-96.389337,18.440481],[-96.389248,18.428377],[-96.361731,18.407076],[-96.352588,18.410247],[-96.345343,18.379695],[-96.331068,18.379228],[-96.335053,18.372517],[-96.317328,18.364537],[-96.309948,18.322353],[-96.270764,18.297823],[-96.278576,18.283818],[-96.269164,18.273984],[-96.288237,18.259761],[-96.266818,18.245662],[-96.267994,18.224452],[-96.231003,18.189727],[-96.217478,18.161967],[-96.170691,18.186384],[-96.170235,18.169802],[-96.187196,18.166749],[-96.188282,18.151303],[-96.154226,18.131805],[-96.124128,18.140378],[-96.114316,18.164071],[-96.099184,18.166843],[-96.084226,18.162534],[-96.066383,18.131589],[-96.051389,18.126738],[-96.046874,18.136565],[-96.02569,18.133461],[-95.991067,18.151939],[-95.981537,18.142953],[-95.953459,18.159865],[-95.937255,18.156633],[-95.933342,18.141668],[-95.922195,18.141057],[-95.914647,18.1522],[-95.907161,18.135644],[-95.833167,18.129027],[-95.799925,17.950013],[-95.850205,17.844534],[-95.858816,17.844783],[-95.849336,17.825848],[-95.855786,17.805557],[-95.868956,17.796625],[-95.86639,17.774353],[-95.884779,17.771824],[-95.899024,17.754345],[-95.899343,17.753039],[-95.902774,17.732653],[-95.901881,17.729557],[-95.894817,17.727328],[-95.894422,17.722604],[-95.891145,17.720944],[-95.87281,17.727409],[-95.873396,17.717134],[-95.89402,17.71232],[-95.895293,17.704494],[-95.871018,17.702169],[-95.867512,17.684839],[-95.844042,17.673121],[-95.830634,17.652625],[-95.808006,17.6468],[-95.803306,17.629366],[-95.781114,17.638877],[-95.773658,17.60585],[-95.803486,17.6071],[-95.80755,17.591842],[-95.791853,17.586363],[-95.792984,17.601434],[-95.781751,17.603028],[-95.77148,17.599698],[-95.771556,17.588686],[-95.726897,17.578029],[-95.725149,17.536226],[-95.706576,17.534019],[-95.702522,17.5187],[-95.702102,17.518492],[-95.685154,17.537532],[-95.648471,17.539889],[-95.654702,17.557352],[-95.654104,17.560393],[-95.651901,17.558452],[-95.645897,17.547369],[-95.643986,17.546474],[-95.607089,17.539818],[-95.60512,17.549013],[-95.596917,17.53702],[-95.595351,17.5378],[-95.591715,17.53808],[-95.590011,17.538298],[-95.586701,17.534888],[-95.582958,17.536462],[-95.577749,17.538705],[-95.577599,17.540183],[-95.568815,17.551239],[-95.56121,17.546217],[-95.558508,17.54792],[-95.557405,17.552257],[-95.555547,17.558642],[-95.551062,17.553386],[-95.547826,17.553509],[-95.545646,17.5545],[-95.542901,17.558694],[-95.531996,17.555834],[-95.525413,17.561262],[-95.531432,17.569784],[-95.524793,17.576024],[-95.517402,17.569618],[-95.520917,17.575885],[-95.520612,17.57804],[-95.50839,17.583641],[-95.503677,17.583773],[-95.502126,17.585059],[-95.50183,17.58586],[-95.502066,17.586219],[-95.505066,17.586796],[-95.506303,17.58733],[-95.507544,17.588668],[-95.48418,17.601899],[-95.479344,17.587829],[-95.463016,17.596394],[-95.473141,17.609113],[-95.454459,17.611103],[-95.456078,17.623088],[-95.446107,17.62176],[-95.426828,17.63657],[-95.42549,17.647472],[-95.418502,17.644044],[-95.413034,17.651861],[-95.407162,17.643332],[-95.386808,17.663857],[-95.367891,17.673656],[-95.351742,17.67184],[-95.343759,17.68366],[-95.338127,17.673671],[-95.333808,17.675183],[-95.316648,17.697578],[-95.306611,17.697156],[-95.309971,17.708555],[-95.297809,17.722141],[-95.292244,17.712422],[-95.279195,17.721894],[-95.264545,17.71852],[-95.268439,17.74117],[-95.258673,17.728543],[-95.238913,17.739264],[-95.182435,17.691063],[-95.188743,17.649629],[-95.194154,17.65508],[-95.201203,17.647412],[-95.20595,17.654664],[-95.218448,17.639328],[-95.241933,17.634958],[-95.248226,17.645978],[-95.259001,17.629011],[-95.248411,17.625582],[-95.271258,17.624735],[-95.27022,17.615738],[-95.278845,17.613243],[-95.264753,17.601563],[-95.253048,17.607806],[-95.076567,17.372934],[-94.966509,17.334368],[-94.95098,17.315649],[-94.927158,17.325141],[-94.890782,17.311056],[-94.889004,17.300078],[-94.914766,17.292577],[-94.901349,17.287453],[-94.909655,17.267977],[-94.895429,17.256378],[-94.909568,17.242781],[-94.911214,17.213706],[-94.922815,17.193788],[-93.867427,17.136965],[-93.860916,17.163741],[-93.827138,17.172503],[-93.82663,17.190494],[-93.797595,17.241967],[-93.794854,17.240898],[-93.78861,17.232327],[-93.77245,17.245824],[-93.762976,17.239344],[-93.662694,17.256277],[-93.664411,17.286193],[-93.638132,17.290948],[-93.60794,17.31493],[-93.624387,17.322481],[-93.627432,17.312843],[-93.635868,17.314355],[-93.64513,17.33004],[-93.644528,17.330767],[-93.634959,17.337702],[-93.685747,17.372368],[-93.69492,17.387804],[-93.672996,17.419918],[-93.657579,17.416907],[-93.638206,17.436086],[-93.64518,17.442402],[-93.636597,17.455277],[-93.650414,17.458855],[-93.639343,17.459585],[-93.624105,17.493457],[-93.637341,17.509814],[-93.625021,17.514637],[-93.618435,17.554922],[-93.624169,17.549174],[-93.631339,17.549982],[-93.63161,17.551305],[-93.628875,17.554174],[-93.6302,17.556124],[-93.631144,17.556735],[-93.633392,17.556946],[-93.654564,17.555499],[-93.657231,17.555991],[-93.67761,17.58587],[-93.699464,17.596024],[-93.699657,17.613686],[-93.709691,17.611633],[-93.713184,17.63067],[-93.71917,17.633464],[-93.715112,17.620826],[-93.732883,17.62576],[-93.731291,17.636196],[-93.737735,17.63162],[-93.729965,17.641892],[-93.747079,17.668351],[-93.738511,17.67937],[-93.756719,17.676872],[-93.751789,17.683987],[-93.759768,17.685117],[-93.765041,17.674573],[-93.77257,17.692709],[-93.805155,17.689356],[-93.806989,17.705919],[-93.822341,17.699577],[-93.826586,17.719192],[-93.84302,17.711367],[-93.848581,17.720709],[-93.864996,17.722187],[-93.869997,17.713536],[-93.883662,17.735534],[-93.869609,17.739323],[-93.877049,17.756564],[-93.89128,17.748081],[-93.910119,17.754691],[-93.922315,17.746328],[-93.940107,17.75317],[-93.935259,17.759097],[-93.956104,17.78172],[-93.950631,17.800412],[-93.962629,17.798869],[-93.956801,17.81064],[-93.968012,17.81715],[-93.958328,17.819729],[-93.964995,17.829968],[-93.957443,17.825315],[-93.956209,17.834156],[-93.978097,17.851602],[-93.98533,17.850783],[-93.987871,17.834358],[-93.994615,17.84602],[-93.995612,17.836618],[-94.025947,17.840381],[-94.037534,17.862659],[-94.033158,17.872557],[-94.062605,17.863088],[-94.083431,17.869868],[-94.079309,17.891046],[-94.08801,17.906481],[-94.09199,17.961932],[-94.073533,17.987771],[-94.068516,17.979593],[-94.0614,17.988124],[-94.066524,18.009396],[-94.083493,18.005567],[-94.082151,18.011636],[-94.078016,18.043076],[-94.074716,18.059619],[-94.078137,18.061383],[-94.097205,18.07973],[-94.095899,18.083455],[-94.09415,18.084844],[-94.081176,18.094633],[-94.081588,18.099914],[-94.083407,18.102443],[-94.090558,18.10807],[-94.094845,18.110675],[-94.09714,18.113518],[-94.096997,18.166958],[-94.099907,18.171091],[-94.102881,18.173449],[-94.106066,18.174213],[-94.121716,18.164921],[-94.125639,18.166691],[-94.130025,18.212851],[-94.372976,18.161415],[-94.406113,18.159524],[-94.412449,18.166598],[-94.407615,18.159677],[-94.415614,18.15823],[-94.415744,18.166435],[-94.419972,18.156814],[-94.475518,18.150576],[-94.539795,18.161206],[-94.606999,18.204039],[-94.624359,18.253495],[-94.623102,18.287129],[-94.657114,18.311614],[-94.663984,18.33839],[-94.736529,18.393889],[-94.743793,18.421747],[-94.7737,18.449205],[-94.787494,18.505686],[-94.816574,18.538576],[-94.987955,18.554448],[-95.033813,18.572342],[-95.049389,18.58213],[-95.049715,18.599742],[-95.064999,18.622356],[-95.079134,18.628262],[-95.079478,18.641695],[-95.121636,18.652492],[-95.130736,18.674295],[-95.166618,18.686988],[-95.18898,18.709738],[-95.218985,18.702987],[-95.261413,18.705221],[-95.288255,18.716674],[-95.491888,18.712505],[-95.646092,18.735878],[-95.711359,18.763519],[-95.75042,18.795115],[-95.780758,18.798936],[-95.862269,18.832504],[-95.928214,18.886708],[-95.959561,18.961107],[-95.972792,19.056645],[-95.982244,19.065313],[-96.039364,19.057609],[-96.082602,19.077673],[-96.09944,19.097392],[-96.105041,19.123653],[-96.092713,19.15153],[-96.123688,19.179569],[-96.12126,19.200774],[-96.127914,19.195324],[-96.126005,19.201783],[-96.140276,19.210058],[-96.13538,19.21412],[-96.12033,19.203595],[-96.123503,19.213873],[-96.169311,19.221919],[-96.181774,19.25044],[-96.253608,19.28345],[-96.302265,19.333638],[-96.321736,19.414344],[-96.319347,19.452794],[-96.308672,19.462557],[-96.312836,19.479175],[-96.374026,19.560898],[-96.379283,19.59224],[-96.372006,19.601879],[-96.395406,19.643521],[-96.391543,19.678276],[-96.406351,19.699743],[-96.401071,19.725334],[-96.449496,19.849204],[-96.551711,19.954508],[-96.57433,20.005208],[-96.710189,20.165221],[-96.92411,20.381986],[-96.985732,20.463822],[-97.112386,20.578939],[-97.175594,20.65867],[-97.201178,20.724558],[-97.193688,20.738865],[-97.205173,20.776132],[-97.297127,20.946402],[-97.301651,20.97407],[-97.326281,21.005664],[-97.39814,21.162371],[-97.420242,21.230897],[-97.414438,21.325391],[-97.350587,21.456606],[-97.330478,21.515979],[-97.327904,21.567165],[-97.564334,21.770794],[-97.694709,21.951278],[-97.745154,22.046117],[-97.771785,22.117712],[-97.788728,22.182038],[-97.793782,22.24555],[-97.792198,22.258228],[-97.774348,22.263916],[-97.792415,22.260351]]]},"properties":{"name":"Veracruz de Ignacio de la Llave","created_at":"2013-12-01T18:59:38+0100","updated_at":"2013-12-01T18:59:38+0100","cartodb_id":26}},
{"type":"Feature","geometry":{"type":"Polygon","coordinates":[[[-99.998845,27.615279],[-100.188426,27.799137],[-100.35061,27.684599],[-100.4177,27.393633],[-100.678006,27.334797],[-100.834123,27.195174],[-100.830561,27.073885],[-100.809607,27.068368],[-100.799436,27.045831],[-100.765864,27.063325],[-100.748531,27.049153],[-100.747714,27.036257],[-100.735836,27.04758],[-100.748621,27.081253],[-100.71966,27.079203],[-100.708106,27.099852],[-100.682719,27.111395],[-100.674242,27.084605],[-100.533998,27.045584],[-100.545254,26.978356],[-100.540666,26.88097],[-100.551359,26.85873],[-100.538156,26.808558],[-100.590136,26.759521],[-100.6144,26.685639],[-100.691229,26.613789],[-100.753035,26.735208],[-101.206763,26.369778],[-101.09762,26.25291],[-101.068575,26.189031],[-101.047398,26.169846],[-100.982742,26.139477],[-100.942898,26.086789],[-100.916416,26.075611],[-100.905532,25.956946],[-100.834425,25.945043],[-100.822669,25.916885],[-100.835766,25.866594],[-100.861901,25.818479],[-100.805614,25.724302],[-100.787775,25.683597],[-100.78342,25.639678],[-100.729773,25.633896],[-100.719916,25.603067],[-100.690286,25.567101],[-100.632902,25.571299],[-100.61196,25.551399],[-100.614733,25.542347],[-100.538436,25.531854],[-100.529699,25.514393],[-100.59975,25.51996],[-100.619091,25.505691],[-100.57951,25.494544],[-100.584889,25.470813],[-100.530883,25.463468],[-100.517464,25.449037],[-100.522703,25.434325],[-100.493551,25.430841],[-100.451878,25.410811],[-100.470099,25.33779],[-100.414561,25.326998],[-100.313023,25.336367],[-100.263975,25.305293],[-100.254138,25.306909],[-100.243142,25.267443],[-100.26251,25.254023],[-100.234421,25.235496],[-100.247195,25.230174],[-100.229576,25.217917],[-100.261384,25.207071],[-100.32555,25.222259],[-100.332007,25.186285],[-100.472517,25.231196],[-100.595686,25.254763],[-100.708888,25.236458],[-100.80313,25.165258],[-100.821506,24.996711],[-100.727495,24.918717],[-100.826132,24.835005],[-100.796978,24.750807],[-100.805473,24.59634],[-100.799934,24.556186],[-100.742324,24.460435],[-100.71121,24.491522],[-100.603533,24.4013],[-100.599936,24.348791],[-100.633066,24.22598],[-100.585093,24.223925],[-100.593513,24.1782],[-100.6134,24.173944],[-100.516827,24.139897],[-100.51958,24.118382],[-100.538683,24.118516],[-100.523759,24.071455],[-100.562402,23.919641],[-100.546768,23.917437],[-100.549434,23.889315],[-100.539846,23.888393],[-100.550299,23.842203],[-100.52553,23.839526],[-100.528791,23.816353],[-100.497602,23.798713],[-100.497706,23.73631],[-100.490302,23.739601],[-100.466483,23.688941],[-100.4471,23.696535],[-100.44572,23.677332],[-100.458328,23.660113],[-100.449845,23.656009],[-100.463351,23.65314],[-100.477379,23.633819],[-100.491637,23.568613],[-100.469545,23.566783],[-100.459176,23.511566],[-100.494169,23.528406],[-100.517211,23.421043],[-100.457083,23.36641],[-100.483608,23.214046],[-100.47985,23.194365],[-100.331758,23.162683],[-100.323515,23.195627],[-100.363764,23.189005],[-100.374317,23.265324],[-100.306257,23.260942],[-100.278435,23.310368],[-100.220166,23.297932],[-100.218238,23.310134],[-100.206364,23.307109],[-100.228237,23.250476],[-100.122407,23.235593],[-100.101895,23.23108],[-100.078041,23.305984],[-100.14495,23.339515],[-100.080261,23.395748],[-99.982502,23.392367],[-99.921253,23.379191],[-99.961188,23.55689],[-99.86066,23.774462],[-99.769014,23.784488],[-99.683378,23.776648],[-99.619486,23.759662],[-99.602167,23.762871],[-99.576681,23.775462],[-99.493791,23.878693],[-99.456871,23.866063],[-99.48694,23.960501],[-99.520025,23.990578],[-99.540912,23.997272],[-99.541893,24.033649],[-99.570902,24.039367],[-99.657081,24.117997],[-99.647818,24.218095],[-99.59429,24.330913],[-99.589931,24.396142],[-99.636379,24.50667],[-99.719804,24.48371],[-99.732978,24.553991],[-99.609449,24.62249],[-99.576076,24.623597],[-99.557206,24.608715],[-99.546221,24.613075],[-99.545063,24.626517],[-99.537936,24.622429],[-99.499452,24.641258],[-99.500726,24.679171],[-99.477735,24.712621],[-99.448077,24.732206],[-99.430728,24.725758],[-99.422944,24.73675],[-99.389412,24.739793],[-99.364377,24.771755],[-99.331665,24.776243],[-99.317868,24.789831],[-99.297196,24.794117],[-99.294928,24.804144],[-99.212885,24.771675],[-99.188653,24.78068],[-99.181971,24.776041],[-99.207433,24.861392],[-99.158943,24.915988],[-99.18095,25.011542],[-99.164905,25.029511],[-99.156517,25.027848],[-99.166978,25.046289],[-99.160592,25.055277],[-99.135093,25.05038],[-99.097613,25.063121],[-99.097695,25.078036],[-99.081944,25.073712],[-99.071458,25.096112],[-99.077869,25.101434],[-99.052468,25.127133],[-99.028802,25.110355],[-99.029522,25.096393],[-99.014182,25.080607],[-99.019056,25.069925],[-98.93417,25.072763],[-98.934282,25.080163],[-98.423132,25.447493],[-98.421576,25.489356],[-98.581752,25.489362],[-98.585126,26.017918],[-98.823227,26.047649],[-98.900752,25.968323],[-99.023872,26.104102],[-99.025032,26.093429],[-99.044992,26.098705],[-99.062539,26.090719],[-99.062535,26.080135],[-99.076542,26.071864],[-99.093332,26.070509],[-99.097669,26.080747],[-99.119892,26.066514],[-99.130907,26.068816],[-99.126312,26.054023],[-99.140933,26.052967],[-99.14814,26.062121],[-99.156125,26.062174],[-99.157906,26.061163],[-99.160535,26.061573],[-99.161698,26.064216],[-99.197836,26.258682],[-99.260002,26.25285],[-99.36415,26.32927],[-99.401236,26.304799],[-99.430947,26.351301],[-99.409832,26.442837],[-99.396825,26.596566],[-99.538335,26.664596],[-99.659164,26.670365],[-99.657195,26.695118],[-99.618581,26.726471],[-99.622519,26.770609],[-99.586848,26.824821],[-99.582625,26.827359],[-99.582481,26.82882],[-99.58221,26.828958],[-99.580866,26.829307],[-99.581083,26.830685],[-99.583124,26.831643],[-99.581893,26.833636],[-99.582099,26.836672],[-99.584239,26.847639],[-99.584917,26.84882],[-99.591047,26.862548],[-99.610274,26.873013],[-99.626123,26.870337],[-99.628317,26.872407],[-99.628129,26.883137],[-99.62931,26.881604],[-99.629947,26.882769],[-99.631278,26.88476],[-99.630881,26.887034],[-99.628754,26.888428],[-99.628936,26.88914],[-99.63003,26.89029],[-99.633566,26.891384],[-99.634963,26.889946],[-99.635533,26.888403],[-99.639439,26.886043],[-99.641609,26.885864],[-99.644333,26.885568],[-99.659519,26.900011],[-99.664506,26.897414],[-99.685738,26.89495],[-99.687618,26.894983],[-99.690293,26.906857],[-99.69212,26.908816],[-99.695313,26.908616],[-99.697068,26.906716],[-99.69673,26.904102],[-99.696959,26.899296],[-99.698888,26.898517],[-99.706928,26.904057],[-99.70765,26.905041],[-99.711044,26.90554],[-99.711932,26.904513],[-99.713522,26.901182],[-99.711673,26.899841],[-99.709969,26.898754],[-99.715796,26.896787],[-99.719864,26.896518],[-99.722436,26.89693],[-99.723236,26.896925],[-99.726555,26.898469],[-99.726717,26.899559],[-99.726033,26.900113],[-99.726336,26.901417],[-99.724565,26.903375],[-99.7236,26.905772],[-99.72527,26.906912],[-99.73723,26.908119],[-99.738709,26.907339],[-99.742991,26.911861],[-99.74633,26.911277],[-99.747661,26.900244],[-99.766669,26.889842],[-99.770131,26.928418],[-99.734168,26.920613],[-99.650053,27.065858],[-99.658912,27.088189],[-99.678919,27.102448],[-99.74767,27.277247],[-99.760379,27.436959],[-99.919154,27.491515],[-99.926418,27.549157],[-99.728147,27.679126],[-99.769361,27.730888],[-99.796503,27.735882],[-99.813371,27.774251],[-99.832845,27.762745],[-99.843223,27.769863],[-99.911355,27.699257],[-99.998845,27.615279]]]},"properties":{"name":"Nuevo León","created_at":"2013-12-01T18:59:38+0100","updated_at":"2013-12-01T18:59:38+0100","cartodb_id":27}},
{"type":"Feature","geometry":{"type":"Polygon","coordinates":[[[-99.843223,27.769863],[-99.850759,27.793903],[-99.877636,27.799651],[-99.876962,27.841466],[-99.904083,27.873705],[-99.893244,27.89679],[-99.897984,27.909138],[-99.937273,27.940945],[-99.931224,27.980583],[-99.990492,27.993617],[-100.007641,28.021463],[-100.017747,28.065134],[-100.053003,28.085052],[-100.056474,28.104752],[-100.08461,28.145029],[-100.209161,28.191226],[-100.220637,28.232758],[-100.254515,28.237874],[-100.293621,28.278763],[-100.28676,28.313242],[-100.342931,28.387158],[-100.349482,28.4034],[-100.337468,28.443022],[-100.368399,28.476667],[-100.333874,28.499282],[-100.38854,28.515399],[-100.411,28.549752],[-100.398694,28.585376],[-100.447157,28.609227],[-100.446179,28.641689],[-100.461467,28.64084],[-100.500177,28.661668],[-100.512015,28.70649],[-100.50737,28.740418],[-100.521058,28.757612],[-100.533445,28.758811],[-100.535128,28.804711],[-100.547632,28.82624],[-100.574423,28.828552],[-100.573001,28.848768],[-100.598801,28.874796],[-100.589265,28.885497],[-100.603423,28.887682],[-100.600951,28.90161],[-100.62254,28.910193],[-100.632565,28.903744],[-100.640914,28.914615],[-100.629652,28.922551],[-100.651456,28.942864],[-100.645667,28.987898],[-100.676119,29.103296],[-100.724473,29.127284],[-100.739324,29.15018],[-100.77278,29.168392],[-100.767013,29.195706],[-100.78517,29.227872],[-100.795808,29.228761],[-100.795979,29.245189],[-100.816201,29.253637],[-100.813785,29.263712],[-100.834884,29.261587],[-100.876868,29.280144],[-100.886436,29.307775],[-100.93985,29.332619],[-100.950244,29.347944],[-101.010059,29.368532],[-101.057004,29.440754],[-101.061812,29.464246],[-101.147633,29.474461],[-101.185552,29.518002],[-101.258601,29.522441],[-101.258333,29.542766],[-101.243014,29.566171],[-101.249151,29.622856],[-101.270272,29.62822],[-101.280768,29.617155],[-101.278913,29.587669],[-101.290404,29.572776],[-101.30025,29.574305],[-101.312677,29.605904],[-101.301751,29.650959],[-101.345858,29.662761],[-101.360709,29.648688],[-101.373492,29.677479],[-101.370909,29.69881],[-101.397683,29.713786],[-101.39718,29.735352],[-101.415696,29.746415],[-101.398654,29.762642],[-101.403817,29.771688],[-101.447677,29.750485],[-101.453422,29.784669],[-101.464298,29.78961],[-101.502221,29.764159],[-101.536654,29.758121],[-101.534989,29.7976],[-101.544648,29.812188],[-101.569483,29.796811],[-101.574861,29.769276],[-101.627195,29.770867],[-101.643856,29.754074],[-101.661465,29.771258],[-101.676032,29.760569],[-101.689658,29.771081],[-101.710081,29.76182],[-101.719237,29.775723],[-101.734554,29.771494],[-101.775298,29.789171],[-101.804368,29.780043],[-101.814026,29.79241],[-101.803765,29.803794],[-101.817647,29.81167],[-101.825522,29.807512],[-101.823601,29.787273],[-101.853213,29.807764],[-101.874834,29.794078],[-101.911934,29.798041],[-101.928949,29.78271],[-101.935426,29.799558],[-101.957621,29.795872],[-101.975494,29.815677],[-101.987865,29.796992],[-101.9972,29.806183],[-102.014571,29.797552],[-102.03545,29.804248],[-102.049121,29.785463],[-102.072216,29.786616],[-102.083652,29.795288],[-102.115269,29.792421],[-102.119403,29.802641],[-102.143576,29.80358],[-102.167003,29.825943],[-102.179553,29.826064],[-102.187027,29.848773],[-102.196263,29.836258],[-102.209837,29.844466],[-102.22323,29.840539],[-102.244597,29.848773],[-102.246438,29.864226],[-102.259942,29.853042],[-102.265099,29.867702],[-102.280626,29.862796],[-102.316348,29.880014],[-102.323399,29.864238],[-102.341505,29.869394],[-102.364907,29.845547],[-102.377214,29.790088],[-102.390275,29.782389],[-102.387576,29.761509],[-102.434208,29.777137],[-102.458363,29.774997],[-102.466243,29.783778],[-102.480793,29.776214],[-102.487248,29.786929],[-102.517778,29.78394],[-102.513671,29.765738],[-102.548049,29.744603],[-102.569567,29.771744],[-102.574036,29.75502],[-102.612408,29.748216],[-102.630282,29.734039],[-102.674451,29.744382],[-102.698623,29.697349],[-102.693308,29.676724],[-102.741021,29.635864],[-102.740201,29.597899],[-102.768417,29.594945],[-102.762127,29.579539],[-102.777739,29.560693],[-102.77105,29.5484],[-102.79087,29.543212],[-102.792145,29.532723],[-102.808321,29.52264],[-102.800667,29.486142],[-102.814591,29.48248],[-102.825377,29.457938],[-102.81937,29.450775],[-102.830742,29.444269],[-102.833223,29.410197],[-102.81239,29.400268],[-102.844937,29.374308],[-102.83922,29.358895],[-102.883982,29.347981],[-102.888176,29.292692],[-102.903186,29.279109],[-102.906307,29.259319],[-102.871509,29.2416],[-102.868015,29.222862],[-102.89437,29.208573],[-102.912312,29.219434],[-102.917895,29.190837],[-102.943185,29.191596],[-102.950819,29.173529],[-102.975577,29.186284],[-102.995274,29.179644],[-103.013548,29.125064],[-103.037145,29.113812],[-103.033797,29.101204],[-103.075887,29.091473],[-103.085874,29.053813],[-103.092441,29.064457],[-103.10071,29.060331],[-103.106651,29.038365],[-103.097974,29.026757],[-103.117463,29.000149],[-103.116099,28.984184],[-103.163866,28.972046],[-103.170621,28.980342],[-103.220371,28.983481],[-103.227996,28.991713],[-103.250522,28.98026],[-103.267342,28.996004],[-103.279922,28.975887],[-103.288353,28.978125],[-103.281672,28.987456],[-103.287905,29.002052],[-103.30764,29.003286],[-103.357701,28.920251],[-103.40365,28.869254],[-103.396347,28.833529],[-103.404586,28.829552],[-103.410015,28.840922],[-103.431663,28.81318],[-103.514512,28.664998],[-103.519762,28.668745],[-103.557295,28.611281],[-103.572659,28.640639],[-103.582001,28.628794],[-103.596374,28.639475],[-103.616046,28.598195],[-103.591916,28.590834],[-103.601008,28.574907],[-103.624568,28.581147],[-103.647944,28.532983],[-103.643011,28.512462],[-103.8675,28.112136],[-103.860941,28.109022],[-103.926692,27.971357],[-103.877716,27.95749],[-103.892886,27.914023],[-103.941868,27.927796],[-103.935643,27.945342],[-103.954973,27.950821],[-103.943331,27.888843],[-103.945783,27.856388],[-103.960002,27.835309],[-103.943907,27.826871],[-103.900844,27.826857],[-103.93565,27.797553],[-103.881145,27.739186],[-103.896692,27.740557],[-103.889505,27.713217],[-103.895533,27.674021],[-103.883245,27.657592],[-103.897263,27.656549],[-103.883556,27.600772],[-103.868838,27.607137],[-103.854601,27.549433],[-103.858505,27.439891],[-103.876876,27.311592],[-103.832123,27.298293],[-103.819763,27.242957],[-103.809395,27.249203],[-103.798427,27.213476],[-103.799398,27.12473],[-103.78347,27.091206],[-103.752461,27.07792],[-103.740834,27.022522],[-103.779948,27.008886],[-103.784629,26.980699],[-103.852089,26.934619],[-103.835919,26.935813],[-103.851701,26.896134],[-103.779605,26.836126],[-103.753968,26.829573],[-103.715249,26.735077],[-103.699094,26.725256],[-103.658256,26.719484],[-103.643891,26.690158],[-103.374183,26.602355],[-103.316793,26.361776],[-103.260825,26.284727],[-103.350488,26.14239],[-103.34636,25.860304],[-103.318588,25.812701],[-103.333705,25.738736],[-103.352836,25.716553],[-103.339437,25.707605],[-103.354991,25.69986],[-103.349214,25.693444],[-103.383041,25.655317],[-103.381422,25.640342],[-103.406003,25.645027],[-103.403276,25.628128],[-103.42477,25.62368],[-103.416025,25.614422],[-103.438406,25.596643],[-103.435367,25.582778],[-103.450991,25.578934],[-103.454654,25.557929],[-103.494414,25.537732],[-103.369062,25.416461],[-103.341368,25.410142],[-103.336916,25.371231],[-103.351228,25.372977],[-103.365519,25.393156],[-103.406699,25.398901],[-103.462059,25.376311],[-103.466217,25.352348],[-103.486483,25.332862],[-103.47925,25.323925],[-103.507656,25.285501],[-103.507944,25.283091],[-103.509947,25.281575],[-103.510937,25.279817],[-103.51071,25.279126],[-103.505269,25.276226],[-103.49672,25.255749],[-103.473184,25.250108],[-103.450214,25.228615],[-103.438682,25.201959],[-103.425796,25.201539],[-103.402858,25.182349],[-103.359539,25.110029],[-103.342662,25.110329],[-103.337226,25.099127],[-103.26218,25.058549],[-103.278015,25.034614],[-103.267489,25.028044],[-103.27047,25.01566],[-103.246563,24.996027],[-103.245364,24.982463],[-103.259146,24.964659],[-103.089123,24.821194],[-103.082622,24.820021],[-103.07369,24.819186],[-103.058193,24.81314],[-103.051387,24.809772],[-103.03499,24.810931],[-103.032497,24.809948],[-103.006313,24.793543],[-102.975215,24.799464],[-102.974794,24.793164],[-102.97355,24.79241],[-102.951047,24.781003],[-102.947475,24.779366],[-102.932608,24.77804],[-102.923042,24.775962],[-102.918637,24.773832],[-102.898858,24.765782],[-102.89342,24.764295],[-102.885614,24.754112],[-102.882619,24.750246],[-102.880699,24.750277],[-102.875129,24.74887],[-102.870554,24.742594],[-102.864334,24.741659],[-102.856403,24.739774],[-102.853131,24.772001],[-102.669694,25.066636],[-102.446763,24.999515],[-102.463325,25.115916],[-102.295513,25.125236],[-102.237622,25.118462],[-102.081806,25.070701],[-101.84881,25.017624],[-101.831898,24.972173],[-101.773463,24.875535],[-101.685149,24.840013],[-101.656332,24.860793],[-101.601261,24.835563],[-101.609012,24.789664],[-101.640767,24.800704],[-101.62227,24.758983],[-101.461639,24.736757],[-101.402157,24.788222],[-101.342142,24.813353],[-101.201726,24.765488],[-101.179035,24.732957],[-101.164646,24.681559],[-101.12762,24.623362],[-101.080495,24.591185],[-100.958793,24.542684],[-100.902234,24.583918],[-100.847806,24.555619],[-100.799934,24.556186],[-100.805473,24.59634],[-100.796978,24.750807],[-100.826132,24.835005],[-100.727495,24.918717],[-100.821506,24.996711],[-100.80313,25.165258],[-100.708888,25.236458],[-100.595686,25.254763],[-100.472517,25.231196],[-100.332007,25.186285],[-100.32555,25.222259],[-100.261384,25.207071],[-100.229576,25.217917],[-100.247195,25.230174],[-100.234421,25.235496],[-100.26251,25.254023],[-100.243142,25.267443],[-100.254138,25.306909],[-100.263975,25.305293],[-100.313023,25.336367],[-100.414561,25.326998],[-100.470099,25.33779],[-100.451878,25.410811],[-100.493551,25.430841],[-100.522703,25.434325],[-100.517464,25.449037],[-100.530883,25.463468],[-100.584889,25.470813],[-100.57951,25.494544],[-100.619091,25.505691],[-100.59975,25.51996],[-100.529699,25.514393],[-100.538436,25.531854],[-100.614733,25.542347],[-100.61196,25.551399],[-100.632902,25.571299],[-100.690286,25.567101],[-100.719916,25.603067],[-100.729773,25.633896],[-100.78342,25.639678],[-100.787775,25.683597],[-100.805614,25.724302],[-100.861901,25.818479],[-100.835766,25.866594],[-100.822669,25.916885],[-100.834425,25.945043],[-100.905532,25.956946],[-100.916416,26.075611],[-100.942898,26.086789],[-100.982742,26.139477],[-101.047398,26.169846],[-101.068575,26.189031],[-101.09762,26.25291],[-101.206763,26.369778],[-100.753035,26.735208],[-100.691229,26.613789],[-100.6144,26.685639],[-100.590136,26.759521],[-100.538156,26.808558],[-100.551359,26.85873],[-100.540666,26.88097],[-100.545254,26.978356],[-100.533998,27.045584],[-100.674242,27.084605],[-100.682719,27.111395],[-100.708106,27.099852],[-100.71966,27.079203],[-100.748621,27.081253],[-100.735836,27.04758],[-100.747714,27.036257],[-100.748531,27.049153],[-100.765864,27.063325],[-100.799436,27.045831],[-100.809607,27.068368],[-100.830561,27.073885],[-100.834123,27.195174],[-100.678006,27.334797],[-100.4177,27.393633],[-100.35061,27.684599],[-100.188426,27.799137],[-99.998845,27.615279],[-99.911355,27.699257],[-99.843223,27.769863]]]},"properties":{"name":"Coahuila de Zaragoza","created_at":"2013-12-01T18:59:38+0100","updated_at":"2013-12-01T18:59:38+0100","cartodb_id":28}},
{"type":"Feature","geometry":{"type":"Polygon","coordinates":[[[-97.792415,22.260351],[-97.783589,22.262617],[-97.820284,22.327114],[-97.854884,22.453681],[-97.857963,22.479922],[-97.849095,22.483459],[-97.857651,22.483394],[-97.859318,22.492052],[-97.845718,22.494307],[-97.853854,22.494273],[-97.857907,22.508478],[-97.859303,22.572552],[-97.84484,22.662047],[-97.788457,22.792884],[-97.765951,22.894786],[-97.760845,23.027285],[-97.768997,23.3782],[-97.7315,23.7717],[-97.737442,23.947198],[-97.730279,24.05811],[-97.686256,24.456075],[-97.586254,24.843284],[-97.507885,25.066051],[-97.392033,25.305364],[-97.200957,25.629876],[-97.158273,25.784136],[-97.145769,25.876106],[-97.146374,25.954887],[-97.158772,25.948815],[-97.15854,25.961753],[-97.176218,25.965646],[-97.188625,25.953722],[-97.208632,25.96387],[-97.247494,25.948031],[-97.283966,25.959328],[-97.289253,25.95401],[-97.276822,25.935198],[-97.303205,25.936981],[-97.30483,25.928017],[-97.318277,25.931148],[-97.326096,25.917544],[-97.347915,25.93131],[-97.375032,25.908292],[-97.356401,25.887762],[-97.374173,25.880277],[-97.359434,25.879804],[-97.356659,25.867351],[-97.376186,25.855593],[-97.364212,25.850867],[-97.372631,25.840125],[-97.406151,25.837896],[-97.398657,25.850337],[-97.407893,25.845215],[-97.409455,25.86227],[-97.412369,25.841137],[-97.424452,25.84044],[-97.445081,25.856372],[-97.454057,25.854281],[-97.444613,25.867807],[-97.456745,25.868646],[-97.455517,25.884119],[-97.470578,25.875358],[-97.468989,25.888919],[-97.49715,25.879867],[-97.49819,25.899163],[-97.521272,25.886324],[-97.533258,25.908443],[-97.530006,25.919866],[-97.543052,25.920113],[-97.537314,25.93081],[-97.543676,25.923361],[-97.552346,25.937184],[-97.561724,25.925678],[-97.566972,25.933724],[-97.583274,25.933216],[-97.566398,25.944741],[-97.567908,25.952514],[-97.574467,25.953947],[-97.578117,25.942094],[-97.582459,25.962593],[-97.602095,25.957355],[-97.607908,25.976811],[-97.63445,25.990037],[-97.631037,25.996456],[-97.620484,25.992167],[-97.618361,26.002315],[-97.627318,25.99654],[-97.627134,26.006113],[-97.635668,26.00014],[-97.649295,26.010444],[-97.637771,26.013756],[-97.639921,26.023951],[-97.646389,26.027388],[-97.651619,26.015868],[-97.668137,26.019425],[-97.662614,26.038076],[-97.675656,26.025825],[-97.693271,26.032358],[-97.69156,26.018818],[-97.70712,26.037735],[-97.709496,26.026183],[-97.720455,26.023023],[-97.721385,26.03127],[-97.761539,26.025561],[-97.768035,26.047259],[-97.776784,26.044318],[-97.769299,26.035941],[-97.777899,26.029208],[-97.797285,26.039348],[-97.788822,26.049447],[-97.801093,26.06021],[-97.812411,26.044066],[-97.819286,26.056584],[-97.834262,26.045602],[-97.839203,26.053109],[-97.861002,26.052961],[-97.861397,26.070029],[-97.868976,26.056778],[-97.887092,26.066597],[-97.927085,26.054839],[-97.933643,26.065557],[-97.93355,26.052986],[-97.951075,26.062238],[-97.965875,26.051666],[-97.980197,26.067217],[-98.011887,26.056082],[-98.012045,26.066102],[-98.021053,26.05863],[-98.02793,26.066984],[-98.038713,26.041367],[-98.062207,26.046251],[-98.072949,26.036424],[-98.08018,26.041634],[-98.070084,26.051471],[-98.081331,26.071302],[-98.093585,26.058649],[-98.104627,26.067659],[-98.129746,26.063183],[-98.131871,26.07431],[-98.146865,26.049139],[-98.151403,26.058226],[-98.161739,26.053999],[-98.158024,26.063592],[-98.167864,26.063095],[-98.176586,26.075315],[-98.17685,26.060735],[-98.187076,26.064394],[-98.193635,26.053089],[-98.220208,26.076335],[-98.249549,26.072171],[-98.288375,26.104692],[-98.270508,26.106627],[-98.266296,26.120937],[-98.296866,26.120298],[-98.303608,26.109953],[-98.297737,26.10337],[-98.305338,26.102886],[-98.335615,26.138315],[-98.326494,26.142938],[-98.337934,26.149421],[-98.335693,26.165819],[-98.346221,26.165689],[-98.352091,26.151056],[-98.359826,26.172515],[-98.366375,26.157661],[-98.387321,26.158425],[-98.402761,26.181474],[-98.443932,26.200541],[-98.444103,26.224178],[-98.454495,26.216685],[-98.460647,26.226086],[-98.481816,26.219304],[-98.481401,26.200622],[-98.484929,26.212524],[-98.507002,26.209314],[-98.500573,26.222329],[-98.512803,26.22717],[-98.524553,26.221349],[-98.522337,26.235685],[-98.535389,26.225694],[-98.554243,26.247786],[-98.545741,26.236528],[-98.562665,26.22441],[-98.566263,26.241561],[-98.580094,26.235396],[-98.58573,26.257671],[-98.616259,26.246489],[-98.624412,26.25974],[-98.634578,26.242333],[-98.670564,26.237003],[-98.681122,26.262936],[-98.719658,26.272553],[-98.701613,26.277517],[-98.70246,26.287092],[-98.716681,26.286126],[-98.728101,26.299003],[-98.750919,26.296012],[-98.754981,26.307588],[-98.742083,26.302668],[-98.736073,26.308323],[-98.750718,26.331183],[-98.7686,26.325014],[-98.788518,26.330515],[-98.804602,26.367627],[-98.824212,26.370881],[-98.843591,26.358556],[-98.860831,26.366233],[-98.896133,26.353081],[-98.901347,26.371142],[-98.922227,26.378817],[-98.926723,26.394565],[-98.943241,26.369437],[-98.956108,26.377129],[-98.954576,26.394539],[-98.974387,26.401307],[-98.987794,26.39165],[-99.010775,26.392259],[-99.037289,26.413568],[-99.061818,26.397667],[-99.083986,26.397573],[-99.113589,26.432524],[-99.09165,26.475318],[-99.104311,26.499091],[-99.12775,26.525345],[-99.171519,26.543152],[-99.178166,26.620896],[-99.199977,26.655793],[-99.208603,26.724449],[-99.23962,26.745262],[-99.242494,26.787313],[-99.262017,26.814909],[-99.26802,26.842629],[-99.29457,26.864982],[-99.317142,26.865462],[-99.328764,26.87965],[-99.324221,26.915945],[-99.385021,26.939603],[-99.393757,26.960227],[-99.376469,26.976852],[-99.415413,27.017376],[-99.42985,27.010519],[-99.445692,27.021864],[-99.452708,27.064065],[-99.428661,27.091593],[-99.442544,27.10683],[-99.431039,27.125228],[-99.440021,27.151146],[-99.426218,27.176127],[-99.43261,27.209922],[-99.445369,27.223179],[-99.441833,27.250807],[-99.461952,27.268387],[-99.490897,27.262725],[-99.496567,27.272901],[-99.48759,27.294214],[-99.494604,27.303764],[-99.527904,27.304836],[-99.538133,27.316452],[-99.504499,27.33878],[-99.507861,27.35351],[-99.487621,27.411046],[-99.495336,27.446578],[-99.478765,27.479507],[-99.493427,27.497628],[-99.528188,27.498153],[-99.511549,27.566082],[-99.554831,27.61441],[-99.584235,27.603459],[-99.577106,27.618311],[-99.595904,27.639764],[-99.615857,27.637399],[-99.624264,27.644115],[-99.627165,27.629998],[-99.655467,27.62926],[-99.666292,27.636406],[-99.658123,27.647847],[-99.664698,27.658053],[-99.690503,27.669118],[-99.7055,27.655255],[-99.728147,27.679126],[-99.926418,27.549157],[-99.919154,27.491515],[-99.760379,27.436959],[-99.74767,27.277247],[-99.678919,27.102448],[-99.658912,27.088189],[-99.650053,27.065858],[-99.734168,26.920613],[-99.770131,26.928418],[-99.766669,26.889842],[-99.747661,26.900244],[-99.74633,26.911277],[-99.742991,26.911861],[-99.738709,26.907339],[-99.73723,26.908119],[-99.72527,26.906912],[-99.7236,26.905772],[-99.724565,26.903375],[-99.726336,26.901417],[-99.726033,26.900113],[-99.726717,26.899559],[-99.726555,26.898469],[-99.723236,26.896925],[-99.722436,26.89693],[-99.719864,26.896518],[-99.715796,26.896787],[-99.709969,26.898754],[-99.711673,26.899841],[-99.713522,26.901182],[-99.711932,26.904513],[-99.711044,26.90554],[-99.70765,26.905041],[-99.706928,26.904057],[-99.698888,26.898517],[-99.696959,26.899296],[-99.69673,26.904102],[-99.697068,26.906716],[-99.695313,26.908616],[-99.69212,26.908816],[-99.690293,26.906857],[-99.687618,26.894983],[-99.685738,26.89495],[-99.664506,26.897414],[-99.659519,26.900011],[-99.644333,26.885568],[-99.641609,26.885864],[-99.639439,26.886043],[-99.635533,26.888403],[-99.634963,26.889946],[-99.633566,26.891384],[-99.63003,26.89029],[-99.628936,26.88914],[-99.628754,26.888428],[-99.630881,26.887034],[-99.631278,26.88476],[-99.629947,26.882769],[-99.62931,26.881604],[-99.628129,26.883137],[-99.628317,26.872407],[-99.626123,26.870337],[-99.610274,26.873013],[-99.591047,26.862548],[-99.584917,26.84882],[-99.584239,26.847639],[-99.582099,26.836672],[-99.581893,26.833636],[-99.583124,26.831643],[-99.581083,26.830685],[-99.580866,26.829307],[-99.58221,26.828958],[-99.582481,26.82882],[-99.582625,26.827359],[-99.586848,26.824821],[-99.622519,26.770609],[-99.618581,26.726471],[-99.657195,26.695118],[-99.659164,26.670365],[-99.538335,26.664596],[-99.396825,26.596566],[-99.409832,26.442837],[-99.430947,26.351301],[-99.401236,26.304799],[-99.36415,26.32927],[-99.260002,26.25285],[-99.197836,26.258682],[-99.161698,26.064216],[-99.160535,26.061573],[-99.157906,26.061163],[-99.156125,26.062174],[-99.14814,26.062121],[-99.140933,26.052967],[-99.126312,26.054023],[-99.130907,26.068816],[-99.119892,26.066514],[-99.097669,26.080747],[-99.093332,26.070509],[-99.076542,26.071864],[-99.062535,26.080135],[-99.062539,26.090719],[-99.044992,26.098705],[-99.025032,26.093429],[-99.023872,26.104102],[-98.900752,25.968323],[-98.823227,26.047649],[-98.585126,26.017918],[-98.581752,25.489362],[-98.421576,25.489356],[-98.423132,25.447493],[-98.934282,25.080163],[-98.93417,25.072763],[-99.019056,25.069925],[-99.014182,25.080607],[-99.029522,25.096393],[-99.028802,25.110355],[-99.052468,25.127133],[-99.077869,25.101434],[-99.071458,25.096112],[-99.081944,25.073712],[-99.097695,25.078036],[-99.097613,25.063121],[-99.135093,25.05038],[-99.160592,25.055277],[-99.166978,25.046289],[-99.156517,25.027848],[-99.164905,25.029511],[-99.18095,25.011542],[-99.158943,24.915988],[-99.207433,24.861392],[-99.181971,24.776041],[-99.188653,24.78068],[-99.212885,24.771675],[-99.294928,24.804144],[-99.297196,24.794117],[-99.317868,24.789831],[-99.331665,24.776243],[-99.364377,24.771755],[-99.389412,24.739793],[-99.422944,24.73675],[-99.430728,24.725758],[-99.448077,24.732206],[-99.477735,24.712621],[-99.500726,24.679171],[-99.499452,24.641258],[-99.537936,24.622429],[-99.545063,24.626517],[-99.546221,24.613075],[-99.557206,24.608715],[-99.576076,24.623597],[-99.609449,24.62249],[-99.732978,24.553991],[-99.719804,24.48371],[-99.636379,24.50667],[-99.589931,24.396142],[-99.59429,24.330913],[-99.647818,24.218095],[-99.657081,24.117997],[-99.570902,24.039367],[-99.541893,24.033649],[-99.540912,23.997272],[-99.520025,23.990578],[-99.48694,23.960501],[-99.456871,23.866063],[-99.493791,23.878693],[-99.576681,23.775462],[-99.602167,23.762871],[-99.619486,23.759662],[-99.683378,23.776648],[-99.769014,23.784488],[-99.86066,23.774462],[-99.961188,23.55689],[-99.921253,23.379191],[-99.982502,23.392367],[-100.080261,23.395748],[-100.14495,23.339515],[-100.078041,23.305984],[-100.101895,23.23108],[-100.103813,23.231535],[-100.10974,23.199718],[-100.118286,23.200545],[-100.11899,23.152428],[-100.110155,23.15107],[-100.115597,23.12599],[-100.068743,23.121156],[-100.069029,23.095942],[-100.011252,23.063921],[-100.062097,23.039844],[-100.061842,23.01198],[-100.071656,22.997357],[-100.097455,23.013091],[-100.089421,22.968757],[-100.110847,22.975719],[-100.110384,22.916714],[-100.044239,22.917892],[-100.029384,22.824394],[-100.10192,22.762793],[-100.09406,22.751265],[-100.022343,22.725925],[-99.956958,22.751667],[-99.882397,22.749862],[-99.842819,22.730557],[-99.847924,22.678435],[-99.814029,22.660766],[-99.785037,22.668509],[-99.754779,22.656611],[-99.724085,22.659608],[-99.682535,22.681125],[-99.560638,22.64122],[-99.534692,22.612765],[-99.494536,22.620869],[-99.544327,22.74414],[-99.496789,22.748498],[-99.477127,22.740637],[-99.442053,22.663616],[-99.385553,22.670268],[-99.3732,22.629078],[-99.329618,22.634888],[-99.321388,22.61673],[-99.32859,22.608702],[-99.314034,22.609898],[-99.288653,22.555824],[-99.236839,22.412862],[-99.120567,22.406636],[-99.060399,22.415269],[-98.931973,22.392775],[-98.925545,22.371747],[-98.912283,22.373798],[-98.889997,22.355094],[-98.872289,22.367413],[-98.849877,22.368127],[-98.821467,22.356256],[-98.758935,22.366313],[-98.756404,22.366941],[-98.74594,22.380865],[-98.678641,22.407994],[-98.677353,22.408369],[-98.676233,22.408463],[-98.675499,22.408376],[-98.673046,22.406052],[-98.670888,22.405673],[-98.666825,22.405944],[-98.667985,22.404489],[-98.638156,22.414524],[-98.626901,22.402161],[-98.613752,22.408925],[-98.574936,22.393945],[-98.568513,22.401578],[-98.525362,22.406781],[-98.509597,22.416388],[-98.506389,22.429267],[-98.504354,22.429494],[-98.492138,22.419474],[-98.490369,22.427765],[-98.466808,22.428802],[-98.460959,22.412192],[-98.433766,22.432864],[-98.433117,22.413578],[-98.419046,22.412738],[-98.409543,22.399927],[-98.388644,22.424293],[-98.38246,22.415924],[-98.387809,22.389284],[-98.374578,22.389618],[-98.355225,22.407446],[-98.352273,22.388703],[-98.327694,22.39868],[-98.318781,22.39074],[-98.312711,22.414273],[-98.327361,22.42647],[-98.312215,22.445219],[-98.316823,22.468562],[-98.301008,22.461227],[-98.287369,22.467028],[-98.272937,22.447291],[-98.256634,22.453406],[-98.247931,22.471657],[-98.232365,22.461331],[-98.219844,22.471751],[-98.207002,22.464024],[-98.194995,22.469559],[-98.199885,22.449036],[-98.189743,22.441791],[-98.188988,22.425339],[-98.113536,22.395303],[-98.106213,22.366712],[-98.086015,22.370154],[-98.074263,22.347781],[-98.028472,22.358392],[-97.99002,22.350864],[-97.97051,22.32805],[-97.98398,22.304671],[-97.998949,22.314327],[-98.000324,22.297432],[-97.992664,22.292775],[-97.982708,22.302614],[-97.956708,22.293892],[-97.931661,22.271047],[-97.934595,22.254594],[-97.91679,22.252593],[-97.91794,22.239986],[-97.894962,22.222378],[-97.839683,22.208886],[-97.832113,22.238103],[-97.792415,22.260351]]]},"properties":{"name":"Tamaulipas","created_at":"2013-12-01T18:59:38+0100","updated_at":"2013-12-01T18:59:38+0100","cartodb_id":29}},
{"type":"Feature","geometry":{"type":"MultiPolygon","coordinates":[[[[-87.534913,21.490222],[-87.738361,21.530391],[-87.962908,21.610131],[-88.048293,21.611719],[-88.136604,21.624803],[-88.177589,21.613342],[-88.239327,21.577894],[-88.243342,21.562871],[-88.269908,21.555657],[-88.278287,21.560947],[-88.281063,21.553905],[-88.322519,21.550451],[-88.376569,21.567759],[-88.615986,21.522199],[-88.694739,21.451073],[-88.738719,21.430725],[-88.796532,21.419992],[-88.798035,21.412737],[-88.840622,21.397874],[-88.879874,21.397785],[-89.110022,21.357824],[-89.309573,21.342903],[-89.664419,21.288413],[-89.671009,21.345495],[-89.681369,21.348869],[-89.671266,21.345325],[-89.669652,21.285085],[-89.845128,21.250812],[-89.923321,21.21882],[-89.992228,21.178128],[-90.04913,21.165885],[-90.046466,21.159444],[-90.094612,21.155553],[-90.320422,21.022052],[-90.366452,20.961057],[-90.404524,20.846764],[-90.379357,20.848327],[-90.386649,20.555586],[-90.341138,20.553701],[-90.335236,20.576348],[-90.335236,20.541312],[-90.229241,20.543563],[-90.232508,20.519894],[-90.223767,20.519165],[-90.234208,20.470467],[-90.184788,20.461046],[-90.186298,20.436932],[-90.131571,20.443078],[-90.100974,20.425252],[-90.067211,20.425226],[-90.041688,20.466451],[-90.005625,20.477367],[-90.004174,20.487022],[-89.837964,20.287176],[-89.872382,20.287628],[-89.875661,20.253102],[-89.840678,20.251028],[-89.846165,20.209687],[-89.802505,20.201605],[-89.793975,20.136172],[-89.748474,20.17927],[-89.598704,19.998197],[-89.60467,19.938285],[-89.595842,19.937422],[-89.597446,19.921122],[-89.58681,19.92046],[-89.5875,19.87442],[-89.525672,19.775555],[-89.475909,19.77122],[-89.479149,19.740646],[-89.491662,19.742228],[-89.47722,19.711055],[-89.468295,19.700161],[-89.448113,19.698354],[-89.412479,19.649376],[-89.296562,19.551174],[-89.219557,19.608022],[-89.222869,19.636657],[-89.19025,19.633318],[-89.189203,19.644006],[-89.144862,19.637399],[-89.149521,19.581249],[-89.109024,19.582349],[-89.108392,19.612338],[-89.133641,19.614632],[-89.123399,19.703424],[-89.0362,19.67804],[-89.030524,19.708832],[-88.997529,19.704884],[-88.994741,19.72744],[-89.048827,19.721493],[-89.025163,19.77671],[-89.004087,19.772007],[-88.999468,19.797994],[-88.984405,19.79816],[-88.974452,19.818101],[-88.943852,19.813443],[-88.945434,19.791946],[-88.929512,19.790949],[-88.920294,19.803974],[-88.911104,19.800938],[-88.897585,19.836863],[-88.900488,19.861114],[-88.879125,19.862393],[-88.880192,19.878125],[-88.825926,19.879926],[-88.820414,19.890473],[-88.829437,19.906015],[-88.816503,19.904474],[-88.810176,19.944947],[-88.798378,19.952523],[-88.783503,20.00818],[-88.742472,20.015087],[-88.736246,20.009661],[-88.735979,20.017577],[-88.722782,20.0132],[-88.722148,20.005124],[-88.700176,20.010357],[-88.684892,20.077414],[-88.690609,20.089856],[-88.639866,20.120356],[-88.619173,20.117172],[-88.616384,20.134461],[-88.587974,20.131451],[-88.576682,20.148078],[-88.507621,20.143391],[-88.502345,20.190078],[-88.51993,20.192328],[-88.443426,20.23815],[-88.415114,20.23297],[-88.402892,20.239489],[-88.409128,20.252097],[-88.351903,20.259023],[-88.308788,20.25351],[-88.266815,20.26912],[-88.264634,20.290342],[-88.13649,20.281372],[-88.047307,20.366309],[-88.047533,20.378818],[-88.03403,20.37894],[-87.99296,20.417993],[-87.995065,20.447316],[-87.962742,20.446706],[-87.744259,20.653787],[-87.533145,20.999602],[-87.534913,21.490222]]],[[[-89.7298,22.6096],[-89.7335,22.5984],[-89.7644,22.6055],[-89.7735,22.5867],[-89.7682,22.5785],[-89.7923,22.5723],[-89.7879,22.5537],[-89.7859,22.5711],[-89.775,22.5662],[-89.763,22.5744],[-89.7593,22.5996],[-89.7544,22.5497],[-89.7448,22.5887],[-89.7367,22.5544],[-89.7293,22.5624],[-89.7178,22.5373],[-89.7376,22.5087],[-89.7321,22.4901],[-89.7482,22.5082],[-89.7694,22.5111],[-89.7533,22.4735],[-89.7619,22.4658],[-89.7472,22.472],[-89.7079,22.4389],[-89.7127,22.432],[-89.7398,22.4481],[-89.7463,22.4417],[-89.7139,22.4203],[-89.7058,22.3931],[-89.6946,22.3961],[-89.6999,22.4117],[-89.6604,22.3941],[-89.6758,22.3881],[-89.6709,22.3849],[-89.6404,22.3976],[-89.6611,22.3872],[-89.6412,22.3853],[-89.6606,22.3693],[-89.6359,22.3732],[-89.5908,22.4225],[-89.5818,22.5014],[-89.6714,22.5946],[-89.7004,22.608],[-89.7298,22.6096]],[[-89.7558,22.4497],[-89.7699,22.4534],[-89.7479,22.4485],[-89.7558,22.4497]]],[[[-89.6862,22.3889],[-89.6895,22.3973],[-89.6932,22.3868],[-89.6792,22.3817],[-89.6862,22.3889]]],[[[-89.7596,22.5461],[-89.7699,22.5371],[-89.7682,22.5252],[-89.7596,22.5461]]],[[[-89.776,22.4666],[-89.7851,22.4703],[-89.7721,22.4623],[-89.776,22.4666]]],[[[-89.7763,22.4877],[-89.7918,22.5156],[-89.7805,22.4879],[-89.7857,22.4903],[-89.7865,22.4793],[-89.7747,22.4715],[-89.7763,22.4877]]],[[[-89.7825,22.5176],[-89.8049,22.5798],[-89.7974,22.5305],[-89.7825,22.5176]]],[[[-92.2041,20.925],[-92.2007,20.9346],[-92.2157,20.9139],[-92.2041,20.925]]],[[[-92.2241,20.908],[-92.2247,20.9137],[-92.2453,20.9018],[-92.2241,20.908]]],[[[-92.3025,20.9894],[-92.3249,20.9839],[-92.3123,20.9809],[-92.3242,20.9742],[-92.3071,20.9764],[-92.3025,20.9894]]]]},"properties":{"name":"Yucatán","created_at":"2013-12-01T18:59:38+0100","updated_at":"2013-12-01T18:59:38+0100","cartodb_id":30}},
{"type":"Feature","geometry":{"type":"MultiPolygon","coordinates":[[[[-90.404524,20.846764],[-90.416039,20.805498],[-90.407403,20.768297],[-90.431115,20.746643],[-90.433911,20.728122],[-90.45361,20.70411],[-90.452883,20.685901],[-90.44192,20.67967],[-90.44809,20.633925],[-90.502395,20.495953],[-90.483528,20.37639],[-90.488331,20.346763],[-90.49668,20.340978],[-90.489638,20.33131],[-90.489212,20.215943],[-90.479323,20.208156],[-90.477545,20.184438],[-90.495188,20.159984],[-90.478826,20.113451],[-90.491147,20.060993],[-90.46263,20.013914],[-90.470165,19.984482],[-90.461153,19.972794],[-90.452215,19.974195],[-90.447305,19.959473],[-90.508864,19.866207],[-90.521751,19.858617],[-90.529161,19.865831],[-90.521804,19.858442],[-90.593197,19.81714],[-90.661489,19.758531],[-90.670764,19.717521],[-90.712317,19.671824],[-90.703512,19.665089],[-90.709428,19.652159],[-90.693264,19.645341],[-90.685348,19.626293],[-90.71182,19.562407],[-90.704091,19.552351],[-90.711144,19.527763],[-90.706022,19.461534],[-90.725169,19.401241],[-90.722775,19.359167],[-90.765806,19.299761],[-90.8997,19.183461],[-91.081119,19.067464],[-91.113257,19.035356],[-91.391179,18.893738],[-91.498279,18.79051],[-91.69733,18.706477],[-91.740671,18.680196],[-91.840033,18.6643],[-91.850953,18.65066],[-91.855671,18.611294],[-91.908831,18.636258],[-91.95506,18.696724],[-91.981508,18.69919],[-92.354781,18.669957],[-92.46879,18.650965],[-92.465745,18.616563],[-92.452153,18.600063],[-92.449221,18.594225],[-92.42623,18.557041],[-92.42389,18.549298],[-92.426431,18.514974],[-92.414052,18.487292],[-92.365494,18.464623],[-92.353802,18.442294],[-92.350199,18.442463],[-92.348714,18.443094],[-92.344646,18.449449],[-92.341602,18.453533],[-92.337335,18.457824],[-92.331575,18.4603],[-92.322529,18.473081],[-92.310287,18.455579],[-92.176148,18.458233],[-92.181949,18.375902],[-92.171358,18.338954],[-92.180429,18.289824],[-92.174426,18.293303],[-92.172951,18.275338],[-92.183244,18.274063],[-92.148938,18.210406],[-92.164424,18.197866],[-92.160903,18.155424],[-92.148782,18.149296],[-92.149043,18.13673],[-92.128336,18.12015],[-92.121662,18.101755],[-92.084142,18.085861],[-92.081558,18.08569],[-92.076796,18.094287],[-92.039939,18.09795],[-92.042095,18.078319],[-92.028242,18.077172],[-92.014429,18.052613],[-91.992155,18.039257],[-91.978779,18.04283],[-91.966748,18.015988],[-91.900355,18.012147],[-91.867208,17.983266],[-91.804644,17.972551],[-91.762267,17.939014],[-91.760487,17.957626],[-91.725101,17.924495],[-91.638806,17.873954],[-91.633089,17.905016],[-91.612714,17.912919],[-91.62474,17.949072],[-91.612269,18.045021],[-91.619295,18.060804],[-91.607579,18.074505],[-91.609505,18.098438],[-91.603224,18.107744],[-91.589753,18.108009],[-91.595347,18.125175],[-91.572199,18.142015],[-91.579966,18.15818],[-91.552761,18.158176],[-91.534505,18.146174],[-91.509337,18.171055],[-91.501864,18.155569],[-91.515213,18.154952],[-91.516532,18.130485],[-91.505732,18.130003],[-91.504036,18.116459],[-91.477323,18.112795],[-91.433366,18.082098],[-91.398592,18.080005],[-91.384425,18.064065],[-91.359426,18.070372],[-91.327024,18.062665],[-91.21746,17.974987],[-91.144727,17.97516],[-91.151123,17.962673],[-91.133182,17.95801],[-91.130669,17.98225],[-91.113581,17.97585],[-91.1202,17.963375],[-90.987952,17.962545],[-90.987666,17.901351],[-90.995506,17.902157],[-90.995637,17.875489],[-90.987663,17.875357],[-90.98764,17.815473],[-90.360596,17.812871],[-89.151714,17.815614],[-89.151957,17.940257],[-89.15217,17.95361],[-89.205872,17.9541],[-89.207414,17.992649],[-89.206739,18.02108],[-89.163004,18.018517],[-89.163361,18.057885],[-89.144754,18.057699],[-89.144383,18.082443],[-89.202458,18.083276],[-89.200237,18.144629],[-89.143066,18.14582],[-89.142873,18.224164],[-89.158059,18.221327],[-89.151674,18.293563],[-89.13236,18.293403],[-89.138214,18.385544],[-89.121229,18.38585],[-89.12549,18.450625],[-89.150238,18.451059],[-89.155742,18.753115],[-89.144382,18.755919],[-89.147122,18.995046],[-89.13582,19.132373],[-89.146951,19.133157],[-89.146667,19.423862],[-89.296562,19.551174],[-89.412479,19.649376],[-89.448113,19.698354],[-89.468295,19.700161],[-89.47722,19.711055],[-89.491662,19.742228],[-89.479149,19.740646],[-89.475909,19.77122],[-89.525672,19.775555],[-89.5875,19.87442],[-89.58681,19.92046],[-89.597446,19.921122],[-89.595842,19.937422],[-89.60467,19.938285],[-89.598704,19.998197],[-89.748474,20.17927],[-89.793975,20.136172],[-89.802505,20.201605],[-89.846165,20.209687],[-89.840678,20.251028],[-89.875661,20.253102],[-89.872382,20.287628],[-89.837964,20.287176],[-90.004174,20.487022],[-90.005625,20.477367],[-90.041688,20.466451],[-90.067211,20.425226],[-90.100974,20.425252],[-90.131571,20.443078],[-90.186298,20.436932],[-90.184788,20.461046],[-90.234208,20.470467],[-90.223767,20.519165],[-90.232508,20.519894],[-90.229241,20.543563],[-90.335236,20.541312],[-90.335236,20.576348],[-90.341138,20.553701],[-90.386649,20.555586],[-90.379357,20.848327],[-90.404524,20.846764]]],[[[-90.452462,20.682339],[-90.458603,20.693744],[-90.4668,20.675651],[-90.454099,20.655892],[-90.452462,20.682339]]],[[[-90.461489,20.639226],[-90.461585,20.655516],[-90.469445,20.658429],[-90.461489,20.639226]]],[[[-90.470398,20.621461],[-90.469654,20.653066],[-90.478251,20.618261],[-90.470908,20.598392],[-90.470398,20.621461]]]]},"properties":{"name":"Campeche","created_at":"2013-12-01T18:59:38+0100","updated_at":"2013-12-01T18:59:38+0100","cartodb_id":31}},
{"type":"Feature","geometry":{"type":"MultiPolygon","coordinates":[[[[-86.748595,21.264835],[-86.753072,21.257784],[-86.745368,21.254365],[-86.730135,21.221376],[-86.740134,21.239377],[-86.742553,21.234361],[-86.718447,21.205545],[-86.710405,21.201454],[-86.748595,21.264835]]],[[[-86.732367,20.565569],[-86.726939,20.592157],[-86.759337,20.57537],[-86.768712,20.560635],[-86.767561,20.568891],[-86.789911,20.556046],[-86.82332,20.554511],[-86.813004,20.54892],[-86.81401,20.541627],[-86.815772,20.54958],[-86.838964,20.539252],[-86.845271,20.543244],[-86.83215,20.550601],[-86.85112,20.550326],[-86.846913,20.54275],[-86.854339,20.549904],[-86.869783,20.537303],[-86.882535,20.558666],[-86.896964,20.56558],[-86.927488,20.550804],[-87.016995,20.411625],[-87.025267,20.366368],[-87.009885,20.315562],[-87.016971,20.299123],[-87.002757,20.297136],[-86.992465,20.272948],[-86.957529,20.292377],[-86.908081,20.343303],[-86.898467,20.344188],[-86.830587,20.438061],[-86.818118,20.438272],[-86.793563,20.464839],[-86.732367,20.565569]]],[[[-89.151957,17.940257],[-89.136211,17.95544],[-89.132705,17.972034],[-89.111592,17.96976],[-89.08506,17.990418],[-89.058598,17.990307],[-89.037521,18.005122],[-89.000621,17.984429],[-89.003989,17.972486],[-88.987224,17.947284],[-88.983252,17.957982],[-88.959766,17.951717],[-88.94478,17.95913],[-88.937963,17.940635],[-88.930476,17.94139],[-88.933741,17.93128],[-88.913682,17.910595],[-88.906582,17.915857],[-88.885357,17.907562],[-88.882944,17.896225],[-88.859766,17.894461],[-88.859435,17.925191],[-88.830542,17.948771],[-88.815171,17.950299],[-88.784455,17.979861],[-88.788496,17.993037],[-88.769846,18.006785],[-88.766652,18.034298],[-88.716687,18.060526],[-88.719595,18.083881],[-88.710313,18.096961],[-88.718608,18.108829],[-88.680089,18.160185],[-88.68439,18.177806],[-88.697564,18.182419],[-88.686682,18.194696],[-88.615544,18.223278],[-88.604421,18.241518],[-88.597254,18.288878],[-88.605832,18.291741],[-88.544385,18.360024],[-88.551638,18.376148],[-88.531935,18.408222],[-88.520587,18.45925],[-88.476423,18.494674],[-88.454228,18.488515],[-88.447141,18.475592],[-88.402395,18.496658],[-88.380133,18.478946],[-88.326853,18.490177],[-88.288987,18.475273],[-88.250094,18.473072],[-88.249634,18.415552],[-88.030366,18.414794],[-88.030299,18.160361],[-87.925453,18.160236],[-87.902426,18.142692],[-87.867511,18.188239],[-87.856308,18.181306],[-87.844295,18.19094],[-87.827993,18.310276],[-87.764108,18.417832],[-87.762057,18.496928],[-87.739955,18.545467],[-87.725231,18.668544],[-87.710688,18.712384],[-87.669349,18.763381],[-87.66891,18.802015],[-87.641702,18.861633],[-87.627432,18.939661],[-87.566839,19.062639],[-87.553452,19.074281],[-87.537243,19.207976],[-87.526126,19.230274],[-87.445565,19.311712],[-87.463766,19.325732],[-87.48879,19.326221],[-87.556211,19.296091],[-87.611988,19.240122],[-87.577823,19.269845],[-87.5867,19.2454],[-87.607,19.23],[-87.637759,19.177154],[-87.670817,19.189854],[-87.674339,19.206366],[-87.683014,19.205023],[-87.67685,19.219096],[-87.686137,19.220459],[-87.673597,19.227952],[-87.686851,19.234752],[-87.6612,19.2607],[-87.6584,19.2741],[-87.6692,19.295],[-87.656269,19.302798],[-87.635955,19.373434],[-87.553869,19.427012],[-87.535399,19.429047],[-87.547829,19.418393],[-87.539267,19.418408],[-87.539875,19.4031],[-87.564565,19.39389],[-87.525067,19.395635],[-87.496052,19.432926],[-87.440203,19.469031],[-87.410639,19.591957],[-87.454454,19.648017],[-87.456128,19.636237],[-87.445148,19.622768],[-87.4623,19.6073],[-87.4517,19.596],[-87.4954,19.5858],[-87.504788,19.590132],[-87.502,19.5806],[-87.5099,19.5764],[-87.4924,19.5707],[-87.515,19.5631],[-87.5257,19.5405],[-87.5368,19.5466],[-87.531461,19.561964],[-87.5381,19.5577],[-87.550417,19.566099],[-87.610077,19.5541],[-87.632759,19.538399],[-87.650443,19.505167],[-87.6695,19.501],[-87.66353,19.513191],[-87.672977,19.519014],[-87.6638,19.5294],[-87.687542,19.531734],[-87.669357,19.537551],[-87.676845,19.56922],[-87.69319,19.561622],[-87.682137,19.566656],[-87.681631,19.558105],[-87.702122,19.550201],[-87.714309,19.561555],[-87.707581,19.57306],[-87.728567,19.576433],[-87.734911,19.583943],[-87.723448,19.587487],[-87.738895,19.58652],[-87.748472,19.59948],[-87.738401,19.641173],[-87.742279,19.66366],[-87.6491,19.6881],[-87.657033,19.646931],[-87.663373,19.647431],[-87.659497,19.637222],[-87.66728,19.63849],[-87.660685,19.634263],[-87.667611,19.628557],[-87.679782,19.628853],[-87.672448,19.625675],[-87.689396,19.626225],[-87.676414,19.621318],[-87.683991,19.621471],[-87.679338,19.614578],[-87.666779,19.616488],[-87.653388,19.648564],[-87.643024,19.687765],[-87.578911,19.790366],[-87.554855,19.808517],[-87.545437,19.795776],[-87.497723,19.806904],[-87.473877,19.856099],[-87.459374,19.858391],[-87.447451,19.890206],[-87.459246,19.887688],[-87.464209,19.894687],[-87.457771,19.917076],[-87.47351,19.938059],[-87.467401,19.945073],[-87.457735,19.93829],[-87.458907,19.92481],[-87.43975,19.910952],[-87.435314,19.915232],[-87.431161,19.888261],[-87.438535,19.887395],[-87.45202,19.836975],[-87.472498,19.835836],[-87.487191,19.801296],[-87.479563,19.778742],[-87.469644,19.780703],[-87.473867,19.818753],[-87.451004,19.835778],[-87.4301,19.886841],[-87.436518,19.927649],[-87.453223,19.93404],[-87.465162,19.958277],[-87.464909,19.994048],[-87.476266,19.998992],[-87.478391,20.076902],[-87.4581,20.150397],[-87.423547,20.226242],[-87.381968,20.26843],[-87.378542,20.284291],[-87.369791,20.285595],[-87.374619,20.290842],[-87.361458,20.29941],[-87.35402,20.329751],[-87.28224,20.446063],[-87.231308,20.497371],[-87.099002,20.59277],[-87.021775,20.674476],[-87.010243,20.702374],[-86.962732,20.73009],[-86.964159,20.7478],[-86.940453,20.782329],[-86.877925,20.841402],[-86.860539,20.891216],[-86.846468,20.904798],[-86.812968,21.023054],[-86.80089,21.03546],[-86.778629,21.032535],[-86.781885,21.050149],[-86.768922,21.089859],[-86.740599,21.134896],[-86.788106,21.143475],[-86.804037,21.16418],[-86.801235,21.23825],[-86.815873,21.283258],[-86.7904,21.345641],[-86.795948,21.408082],[-86.795054,21.385918],[-86.809835,21.412905],[-86.822068,21.420091],[-86.827921,21.412998],[-86.810057,21.39856],[-86.792161,21.342108],[-86.822035,21.314066],[-86.827449,21.296326],[-86.819494,21.282919],[-86.830658,21.27693],[-86.831563,21.253726],[-86.823463,21.243989],[-86.850916,21.255862],[-86.886736,21.403546],[-86.952455,21.488595],[-86.952319,21.514687],[-86.977327,21.549008],[-86.983558,21.543994],[-86.980311,21.548821],[-86.991396,21.563541],[-86.984808,21.551046],[-86.997301,21.548771],[-86.997659,21.541354],[-86.970204,21.531333],[-86.974187,21.510579],[-87.010305,21.557443],[-87.06598,21.570452],[-87.085747,21.589414],[-87.10152,21.58497],[-87.128709,21.554537],[-87.103575,21.546157],[-87.098857,21.532196],[-87.110804,21.520063],[-87.111732,21.471221],[-87.131758,21.459746],[-87.158375,21.463253],[-87.166611,21.449713],[-87.188375,21.439707],[-87.21564,21.443262],[-87.232462,21.418611],[-87.258527,21.437788],[-87.269512,21.434374],[-87.273864,21.443284],[-87.27213,21.432341],[-87.315757,21.441375],[-87.341096,21.432266],[-87.355449,21.446768],[-87.431086,21.468572],[-87.473244,21.457226],[-87.486582,21.465255],[-87.488333,21.485183],[-87.534913,21.490222],[-87.533145,20.999602],[-87.744259,20.653787],[-87.962742,20.446706],[-87.995065,20.447316],[-87.99296,20.417993],[-88.03403,20.37894],[-88.047533,20.378818],[-88.047307,20.366309],[-88.13649,20.281372],[-88.264634,20.290342],[-88.266815,20.26912],[-88.308788,20.25351],[-88.351903,20.259023],[-88.409128,20.252097],[-88.402892,20.239489],[-88.415114,20.23297],[-88.443426,20.23815],[-88.51993,20.192328],[-88.502345,20.190078],[-88.507621,20.143391],[-88.576682,20.148078],[-88.587974,20.131451],[-88.616384,20.134461],[-88.619173,20.117172],[-88.639866,20.120356],[-88.690609,20.089856],[-88.684892,20.077414],[-88.700176,20.010357],[-88.722148,20.005124],[-88.722782,20.0132],[-88.735979,20.017577],[-88.736246,20.009661],[-88.742472,20.015087],[-88.783503,20.00818],[-88.798378,19.952523],[-88.810176,19.944947],[-88.816503,19.904474],[-88.829437,19.906015],[-88.820414,19.890473],[-88.825926,19.879926],[-88.880192,19.878125],[-88.879125,19.862393],[-88.900488,19.861114],[-88.897585,19.836863],[-88.911104,19.800938],[-88.920294,19.803974],[-88.929512,19.790949],[-88.945434,19.791946],[-88.943852,19.813443],[-88.974452,19.818101],[-88.984405,19.79816],[-88.999468,19.797994],[-89.004087,19.772007],[-89.025163,19.77671],[-89.048827,19.721493],[-88.994741,19.72744],[-88.997529,19.704884],[-89.030524,19.708832],[-89.0362,19.67804],[-89.123399,19.703424],[-89.133641,19.614632],[-89.108392,19.612338],[-89.109024,19.582349],[-89.149521,19.581249],[-89.144862,19.637399],[-89.189203,19.644006],[-89.19025,19.633318],[-89.222869,19.636657],[-89.219557,19.608022],[-89.296562,19.551174],[-89.146667,19.423862],[-89.146951,19.133157],[-89.13582,19.132373],[-89.147122,18.995046],[-89.144382,18.755919],[-89.155742,18.753115],[-89.150238,18.451059],[-89.12549,18.450625],[-89.121229,18.38585],[-89.138214,18.385544],[-89.13236,18.293403],[-89.151674,18.293563],[-89.158059,18.221327],[-89.142873,18.224164],[-89.143066,18.14582],[-89.200237,18.144629],[-89.202458,18.083276],[-89.144383,18.082443],[-89.144754,18.057699],[-89.163361,18.057885],[-89.163004,18.018517],[-89.206739,18.02108],[-89.207414,17.992649],[-89.205872,17.9541],[-89.15217,17.95361],[-89.151957,17.940257]]],[[[-86.797144,21.513525],[-86.803786,21.531733],[-86.798849,21.490726],[-86.797018,21.501852],[-86.784223,21.457999],[-86.797144,21.513525]]],[[[-86.851709,21.435972],[-86.883586,21.433994],[-86.882648,21.424842],[-86.874821,21.426331],[-86.888329,21.416808],[-86.851709,21.435972]]],[[[-86.903171,21.465974],[-86.913195,21.449317],[-86.903937,21.451126],[-86.903171,21.465974]]],[[[-87.03398,21.585845],[-87.042019,21.584146],[-87.030313,21.574617],[-87.023123,21.580218],[-86.992513,21.563996],[-86.999986,21.57138],[-87.03398,21.585845]]],[[[-87.102531,21.605419],[-87.147124,21.571359],[-87.221191,21.543716],[-87.280927,21.541485],[-87.334922,21.56618],[-87.396738,21.512494],[-87.386261,21.504322],[-87.380542,21.514614],[-87.372962,21.512369],[-87.376258,21.519954],[-87.360791,21.522396],[-87.358712,21.535204],[-87.327806,21.549445],[-87.315879,21.525836],[-87.287381,21.525879],[-87.289846,21.511123],[-87.27299,21.528254],[-87.21893,21.529358],[-87.217606,21.521481],[-87.207829,21.527863],[-87.222886,21.516533],[-87.166531,21.556324],[-87.151312,21.557108],[-87.162345,21.558452],[-87.157606,21.562372],[-87.129533,21.568364],[-87.106068,21.601277],[-87.08848,21.590226],[-87.067649,21.594401],[-87.046184,21.585134],[-87.057493,21.592686],[-87.102531,21.605419]]],[[[-87.273826,18.739437],[-87.278627,18.735734],[-87.252722,18.667404],[-87.264536,18.618789],[-87.247395,18.645268],[-87.24535,18.683497],[-87.273826,18.739437]]],[[[-87.30945,18.603577],[-87.34103,18.573498],[-87.317793,18.577813],[-87.30544,18.59757],[-87.30945,18.603577]]],[[[-87.361919,18.385145],[-87.322931,18.456561],[-87.320045,18.492634],[-87.330984,18.526432],[-87.314426,18.555453],[-87.33702,18.523015],[-87.328209,18.476337],[-87.33216,18.443775],[-87.383339,18.375057],[-87.361919,18.385145]]],[[[-87.401617,18.38124],[-87.408786,18.39014],[-87.408394,18.380289],[-87.401617,18.38124]]],[[[-87.510644,19.366093],[-87.518216,19.371116],[-87.51498,19.357303],[-87.506258,19.358538],[-87.479268,19.335406],[-87.510644,19.366093]]],[[[-87.69993,19.59099],[-87.713046,19.589746],[-87.675457,19.587407],[-87.69993,19.59099]]]]},"properties":{"name":"Quintana Roo","created_at":"2013-12-01T18:59:38+0100","updated_at":"2013-12-01T18:59:38+0100","cartodb_id":32}},
{"type":"Feature","geometry":{"type":"MultiPolygon","coordinates":[[[[-100.610127,18.886823],[-100.610033,18.887601],[-100.610213,18.887847],[-100.61145,18.887183],[-100.612667,18.887014],[-100.613091,18.887101],[-100.613546,18.886371],[-100.613444,18.883267],[-100.616515,18.879491],[-100.622247,18.866835],[-100.640837,18.865906],[-100.643414,18.848877],[-100.666082,18.834255],[-100.672933,18.824805],[-100.666854,18.81938],[-100.680004,18.817226],[-100.696069,18.794125],[-100.705838,18.796407],[-100.702756,18.82376],[-100.711968,18.825909],[-100.709561,18.835849],[-100.736367,18.851314],[-100.736831,18.86051],[-100.745725,18.857675],[-100.749946,18.868108],[-100.776922,18.859752],[-100.791771,18.834168],[-100.782518,18.801654],[-100.798969,18.784536],[-100.790156,18.761445],[-100.796912,18.74627],[-100.78178,18.745105],[-100.772935,18.732568],[-100.779598,18.714226],[-100.781248,18.70821],[-100.781435,18.702678],[-100.784264,18.687003],[-100.770283,18.69271],[-100.760104,18.641631],[-100.751213,18.641667],[-100.764896,18.561211],[-100.744225,18.518073],[-100.73199,18.520985],[-100.724995,18.515936],[-100.706977,18.489901],[-100.715041,18.486397],[-100.704614,18.483315],[-100.69779,18.490641],[-100.647978,18.457412],[-100.637244,18.457749],[-100.631492,18.43847],[-100.588228,18.410072],[-100.592249,18.407204],[-100.598783,18.406948],[-100.599577,18.405795],[-100.608741,18.37919],[-100.626939,18.375652],[-100.640826,18.354093],[-100.640834,18.351548],[-100.64195,18.348651],[-100.676694,18.372559],[-100.691051,18.414153],[-100.707038,18.419],[-100.72273,18.400449],[-100.737369,18.427301],[-100.751358,18.425771],[-100.777643,18.439543],[-100.798178,18.480541],[-100.838481,18.473069],[-100.875115,18.491699],[-100.894368,18.463139],[-100.914516,18.47175],[-100.920625,18.445777],[-100.922994,18.444163],[-100.945627,18.453897],[-100.951414,18.446484],[-100.952474,18.445668],[-100.954716,18.444688],[-100.965039,18.446996],[-100.966418,18.448521],[-100.960833,18.465026],[-100.975168,18.483408],[-100.989777,18.491276],[-100.99606,18.49124],[-101.003282,18.491299],[-101.004876,18.492224],[-101.006842,18.495381],[-101.012003,18.527543],[-101.037968,18.526206],[-101.088661,18.505908],[-101.131512,18.517493],[-101.144592,18.510543],[-101.168214,18.521024],[-101.191567,18.517828],[-101.211901,18.536417],[-101.270015,18.535158],[-101.282077,18.544734],[-101.29896,18.533126],[-101.361877,18.520218],[-101.365604,18.499882],[-101.37859,18.509847],[-101.406885,18.512513],[-101.417581,18.497548],[-101.432155,18.501676],[-101.441947,18.488993],[-101.457421,18.497354],[-101.468022,18.486936],[-101.502851,18.486814],[-101.507444,18.486797],[-101.583563,18.520995],[-101.605087,18.574595],[-101.628979,18.600519],[-101.701176,18.587893],[-101.713453,18.610221],[-101.72484,18.612478],[-101.837892,18.577931],[-101.881626,18.536205],[-101.888954,18.499017],[-101.88654,18.477223],[-101.860441,18.447378],[-101.873759,18.437486],[-101.889356,18.403066],[-101.861385,18.355754],[-101.870801,18.331767],[-101.855831,18.314953],[-101.870198,18.308323],[-101.861979,18.288449],[-101.882915,18.278374],[-101.862631,18.262711],[-101.883039,18.262424],[-101.896819,18.277115],[-101.908932,18.242941],[-101.947711,18.228214],[-101.971569,18.233072],[-101.974954,18.216764],[-101.973662,18.212806],[-101.978149,18.20731],[-101.984579,18.206083],[-102.038677,18.208196],[-102.057368,18.195153],[-102.112727,18.189689],[-102.118646,18.186521],[-102.124917,18.186517],[-102.128817,18.188225],[-102.130811,18.188845],[-102.142455,18.187055],[-102.145614,18.183144],[-102.178275,18.122923],[-102.184345,18.059487],[-102.178829,18.040876],[-102.178411,18.037852],[-102.184182,18.024572],[-102.181308,18.003316],[-102.173275,17.989637],[-102.137552,17.969684],[-102.138642,17.942995],[-102.138451,17.940474],[-102.136828,17.94003],[-102.099454,17.982732],[-102.033218,17.987976],[-101.937416,17.955786],[-101.865576,17.910911],[-101.81807,17.893033],[-101.770631,17.845857],[-101.771401,17.830606],[-101.748902,17.809493],[-101.747636,17.793185],[-101.667199,17.734015],[-101.647489,17.701156],[-101.642572,17.671867],[-101.649163,17.664627],[-101.606393,17.660652],[-101.59629,17.63529],[-101.577081,17.637361],[-101.572668,17.623484],[-101.551362,17.638688],[-101.545597,17.62648],[-101.557735,17.619957],[-101.552662,17.6116],[-101.516802,17.624104],[-101.490726,17.61098],[-101.443603,17.563899],[-101.442953,17.536236],[-101.460559,17.536676],[-101.457053,17.525791],[-101.287076,17.466029],[-101.203566,17.42705],[-101.17948,17.408841],[-101.174201,17.389481],[-101.122727,17.361788],[-101.056707,17.307584],[-101.050264,17.291512],[-101.055451,17.275945],[-101.065663,17.273388],[-101.06109,17.266008],[-101.034804,17.267657],[-100.675135,17.137436],[-100.570029,17.109031],[-100.121605,16.949031],[-99.989876,16.909265],[-99.959209,16.892968],[-99.932759,16.860311],[-99.922977,16.859789],[-99.91575,16.827758],[-99.894061,16.83279],[-99.896799,16.84076],[-99.911009,16.841884],[-99.897756,16.854082],[-99.862089,16.855132],[-99.851302,16.836695],[-99.86305,16.83479],[-99.876522,16.814546],[-99.837031,16.805706],[-99.839797,16.793987],[-99.85906,16.796244],[-99.846434,16.792818],[-99.845128,16.784312],[-99.817369,16.788798],[-99.747158,16.73691],[-99.654846,16.695404],[-99.609443,16.684082],[-99.566969,16.689028],[-99.464017,16.682699],[-99.332886,16.658449],[-99.074092,16.591893],[-98.905858,16.534427],[-98.856955,16.528249],[-98.841697,16.548497],[-98.806755,16.558292],[-98.772965,16.554942],[-98.700314,16.463729],[-98.574978,16.349074],[-98.565292,16.334251],[-98.569844,16.326096],[-98.552632,16.315953],[-98.533398,16.351583],[-98.470855,16.381155],[-98.399158,16.380513],[-98.349938,16.444449],[-98.359878,16.471705],[-98.352532,16.489431],[-98.368838,16.491178],[-98.368332,16.500852],[-98.387333,16.497786],[-98.383324,16.512656],[-98.395139,16.546836],[-98.34028,16.558169],[-98.32997,16.572748],[-98.291703,16.570066],[-98.292829,16.557781],[-98.269427,16.558455],[-98.203364,16.58718],[-98.193776,16.621463],[-98.214206,16.618795],[-98.228459,16.639504],[-98.233067,16.670633],[-98.246312,16.672367],[-98.243442,16.6967],[-98.233535,16.717366],[-98.221347,16.708548],[-98.201545,16.712672],[-98.200271,16.697235],[-98.175211,16.718004],[-98.138994,16.723784],[-98.124237,16.749641],[-98.135178,16.758393],[-98.108157,16.760951],[-98.072334,16.87425],[-98.111261,16.958868],[-98.057494,17.023776],[-98.030158,17.015757],[-98.007276,17.040137],[-98.080914,17.066581],[-98.118011,17.095515],[-98.150009,17.102431],[-98.153424,17.110403],[-98.2226,17.12215],[-98.225046,17.15228],[-98.217681,17.186864],[-98.205117,17.191024],[-98.2004,17.203812],[-98.203136,17.216287],[-98.244342,17.251467],[-98.277192,17.250076],[-98.288483,17.23822],[-98.323495,17.275944],[-98.304811,17.32752],[-98.287373,17.329011],[-98.304915,17.394304],[-98.335851,17.456305],[-98.329014,17.478728],[-98.311884,17.477492],[-98.320298,17.506882],[-98.330827,17.511763],[-98.329452,17.532981],[-98.376972,17.605349],[-98.410152,17.599769],[-98.433108,17.622995],[-98.450505,17.633345],[-98.461045,17.630359],[-98.470705,17.678096],[-98.486173,17.680992],[-98.496343,17.768809],[-98.424957,17.839595],[-98.42498,17.866031],[-98.424226,17.892238],[-98.435518,17.891411],[-98.434438,17.908372],[-98.444998,17.922297],[-98.424165,17.938238],[-98.432733,17.971999],[-98.425094,17.976934],[-98.44814,17.990711],[-98.471466,17.991785],[-98.476387,17.981044],[-98.500492,17.995579],[-98.526725,17.996289],[-98.529628,17.975823],[-98.538433,17.983804],[-98.543777,17.973353],[-98.585523,17.974941],[-98.593212,17.960362],[-98.610484,17.958063],[-98.622054,17.941712],[-98.650538,17.933161],[-98.672955,17.943269],[-98.688102,17.961938],[-98.705948,17.955614],[-98.70884,17.967541],[-98.731827,17.982553],[-98.814938,18.001697],[-98.80126,18.022052],[-98.767097,18.019611],[-98.735098,18.045095],[-98.759138,18.044676],[-98.79707,18.062646],[-98.811297,18.050633],[-98.813,18.064875],[-98.869812,18.057217],[-98.85237,18.117601],[-98.881877,18.166162],[-98.957219,18.188698],[-99.000066,18.190205],[-98.990673,18.246177],[-98.996893,18.250212],[-99.01933,18.245411],[-99.014707,18.263266],[-99.031706,18.272315],[-99.055771,18.250174],[-99.06371,18.251483],[-99.06382,18.262502],[-99.053228,18.264156],[-99.069539,18.282255],[-99.051773,18.289815],[-99.057312,18.29437],[-99.059704,18.296394],[-99.060093,18.296665],[-99.060306,18.301653],[-99.059471,18.304716],[-99.060793,18.304777],[-99.06276,18.305756],[-99.063644,18.30681],[-99.064262,18.310281],[-99.062416,18.313103],[-99.065964,18.332567],[-99.066118,18.333067],[-99.067856,18.334075],[-99.075964,18.342379],[-99.075819,18.344087],[-99.06579,18.361437],[-99.066051,18.367105],[-99.066568,18.368222],[-99.072839,18.377312],[-99.081256,18.373115],[-99.078536,18.387066],[-99.089547,18.399986],[-99.128315,18.427309],[-99.124395,18.44124],[-99.136098,18.449187],[-99.140573,18.470668],[-99.140927,18.472619],[-99.140623,18.474973],[-99.141753,18.475488],[-99.144877,18.475549],[-99.144552,18.472719],[-99.142411,18.465285],[-99.156128,18.466348],[-99.181315,18.448418],[-99.177905,18.424745],[-99.206674,18.447434],[-99.205422,18.456589],[-99.247607,18.450999],[-99.328368,18.45954],[-99.328264,18.488832],[-99.352675,18.485981],[-99.343446,18.467128],[-99.357404,18.467669],[-99.362952,18.499027],[-99.407804,18.556066],[-99.422882,18.562068],[-99.419704,18.590337],[-99.440495,18.597464],[-99.441201,18.612574],[-99.453886,18.609902],[-99.480167,18.694813],[-99.485563,18.695034],[-99.484536,18.69944],[-99.486035,18.703227],[-99.491889,18.71481],[-99.494414,18.720545],[-99.500944,18.715108],[-99.50453,18.711703],[-99.522343,18.707431],[-99.533397,18.694187],[-99.555345,18.697761],[-99.580334,18.718447],[-99.580066,18.735745],[-99.605017,18.74063],[-99.622866,18.739839],[-99.621121,18.725933],[-99.631527,18.720783],[-99.661456,18.771305],[-99.689586,18.782171],[-99.690656,18.781506],[-99.690649,18.783097],[-99.697216,18.786336],[-99.694735,18.776772],[-99.709158,18.768839],[-99.671972,18.713504],[-99.679564,18.711333],[-99.704729,18.734933],[-99.737031,18.739833],[-99.758296,18.711276],[-99.7549,18.697387],[-99.772423,18.686197],[-99.793005,18.630658],[-99.812518,18.640858],[-99.816559,18.625003],[-99.84836,18.620259],[-99.847618,18.60549],[-99.863741,18.617862],[-99.888463,18.618663],[-99.907001,18.601821],[-99.947162,18.587941],[-99.961672,18.552979],[-99.989695,18.569702],[-100.001603,18.56393],[-99.999301,18.583578],[-100.024964,18.606867],[-100.063596,18.585504],[-100.071755,18.593691],[-100.082414,18.58795],[-100.070732,18.582816],[-100.068886,18.564441],[-100.089951,18.522161],[-100.122677,18.516495],[-100.118516,18.505962],[-100.128012,18.507803],[-100.132175,18.499964],[-100.136183,18.506124],[-100.145592,18.488022],[-100.15877,18.49182],[-100.165336,18.479714],[-100.174203,18.481681],[-100.171984,18.471514],[-100.182368,18.468122],[-100.185736,18.455107],[-100.20014,18.456695],[-100.208656,18.441229],[-100.208711,18.449159],[-100.217076,18.445924],[-100.238014,18.425219],[-100.2364,18.416772],[-100.25952,18.427433],[-100.270892,18.373732],[-100.291978,18.381606],[-100.303753,18.367017],[-100.346141,18.400314],[-100.359441,18.423462],[-100.385357,18.426524],[-100.362003,18.496847],[-100.373701,18.529114],[-100.395954,18.54052],[-100.429097,18.510048],[-100.449362,18.556561],[-100.429733,18.599273],[-100.446509,18.622465],[-100.474289,18.619216],[-100.487028,18.640352],[-100.478337,18.686865],[-100.447133,18.701575],[-100.450374,18.716048],[-100.43713,18.750555],[-100.418085,18.759514],[-100.430634,18.783248],[-100.456004,18.777878],[-100.459392,18.796893],[-100.48177,18.798652],[-100.490285,18.789303],[-100.497615,18.805961],[-100.489882,18.810379],[-100.493483,18.823917],[-100.585494,18.858766],[-100.610127,18.886823]]],[[[-99.908501,16.824954],[-99.91742,16.823658],[-99.903116,16.819483],[-99.908501,16.824954]]]]},"properties":{"name":"Guerrero","created_at":"2013-12-01T18:59:38+0100","updated_at":"2013-12-01T18:59:38+0100","cartodb_id":2}},
{"type":"Feature","geometry":{"type":"Polygon","coordinates":[[[-99.115719,19.55666],[-99.108097,19.564888],[-99.123706,19.592757],[-99.156144,19.560154],[-99.156798,19.528091],[-99.177046,19.529328],[-99.157181,19.502849],[-99.209258,19.512409],[-99.221115,19.475068],[-99.206825,19.471215],[-99.22811,19.43821],[-99.223378,19.429505],[-99.222804,19.426368],[-99.293889,19.370147],[-99.303483,19.37783],[-99.317608,19.36573],[-99.333842,19.33059],[-99.356608,19.306676],[-99.349985,19.296837],[-99.364924,19.277769],[-99.33916,19.267697],[-99.342341,19.241122],[-99.315343,19.229196],[-99.278695,19.131702],[-99.226778,19.09606],[-99.135379,19.089296],[-99.125433,19.062065],[-99.0598,19.048237],[-99.028994,19.085369],[-98.978995,19.074456],[-98.959064,19.104278],[-98.966456,19.143871],[-98.954626,19.149524],[-98.967366,19.164439],[-98.952386,19.168638],[-98.967694,19.189743],[-98.968528,19.210571],[-98.942553,19.215615],[-98.940303,19.22324],[-98.968587,19.232218],[-98.965987,19.249941],[-98.976531,19.253125],[-98.957903,19.323228],[-98.994557,19.358141],[-98.991939,19.367599],[-99.058136,19.400692],[-99.046459,19.442365],[-99.067991,19.489083],[-99.063863,19.498779],[-99.121015,19.516292],[-99.125898,19.521208],[-99.130575,19.536091],[-99.115719,19.55666]]]},"properties":{"name":"Distrito Federal","created_at":"2013-12-01T18:59:38+0100","updated_at":"2013-12-01T18:59:38+0100","cartodb_id":1}},
{"type":"Feature","geometry":{"type":"Polygon","coordinates":[[[-99.911391,20.285591],[-99.913347,20.285867],[-99.933962,20.250408],[-99.933453,20.246578],[-99.932917,20.244717],[-99.91835,20.213772],[-99.950933,20.215904],[-99.95586,20.246535],[-99.955957,20.247719],[-99.958159,20.251765],[-99.97635,20.271836],[-99.977657,20.27241],[-99.979979,20.271628],[-99.982174,20.268184],[-99.986464,20.257068],[-99.979364,20.247455],[-99.981346,20.245267],[-99.981158,20.243944],[-99.964504,20.216298],[-99.96523,20.201158],[-99.937135,20.181732],[-99.935206,20.165253],[-99.921903,20.15874],[-99.936213,20.162523],[-99.930754,20.143132],[-99.942206,20.1201],[-99.923767,20.084135],[-99.926337,20.064331],[-99.980193,20.059147],[-99.978468,20.074045],[-100.000352,20.07748],[-100.00564,20.064201],[-100.027616,20.056577],[-100.043798,20.036566],[-100.061726,20.038791],[-100.088818,20.015018],[-100.091343,20.02426],[-100.12928,20.039653],[-100.133361,20.040967],[-100.133236,20.042644],[-100.137169,20.043929],[-100.137937,20.044312],[-100.139351,20.042971],[-100.140547,20.044162],[-100.146363,20.052242],[-100.148791,20.05544],[-100.152859,20.05427],[-100.155078,20.007441],[-100.12524,20.012175],[-100.116024,20.00613],[-100.131394,19.982002],[-100.130122,19.916193],[-100.119169,19.9121],[-100.10242,19.87971],[-100.063033,19.855809],[-100.094854,19.860427],[-100.131487,19.852014],[-100.146697,19.812848],[-100.148186,19.728215],[-100.159765,19.726051],[-100.16934,19.707739],[-100.186006,19.712972],[-100.192112,19.697138],[-100.20415,19.704623],[-100.22949,19.702206],[-100.225803,19.717158],[-100.234136,19.720036],[-100.243697,19.704793],[-100.263869,19.69579],[-100.27399,19.672251],[-100.247519,19.634513],[-100.252139,19.617498],[-100.237476,19.557219],[-100.214696,19.552765],[-100.196427,19.531733],[-100.20194,19.499528],[-100.177694,19.492625],[-100.20098,19.492792],[-100.206438,19.47037],[-100.206088,19.454466],[-100.189873,19.439704],[-100.237425,19.403512],[-100.293094,19.395129],[-100.294374,19.380929],[-100.312374,19.362361],[-100.300731,19.342744],[-100.306405,19.323768],[-100.323265,19.306803],[-100.313098,19.297259],[-100.320065,19.290933],[-100.319883,19.252992],[-100.331255,19.230465],[-100.373085,19.194172],[-100.378191,19.1711],[-100.361591,19.154707],[-100.389482,19.142913],[-100.406658,19.105894],[-100.410438,19.06417],[-100.447126,19.052023],[-100.461291,19.031476],[-100.477114,19.034147],[-100.484336,19.021025],[-100.529853,19.009331],[-100.52324,18.993634],[-100.537721,18.984185],[-100.533397,18.964397],[-100.546671,18.964195],[-100.543786,18.934704],[-100.561994,18.932815],[-100.565196,18.91769],[-100.575948,18.922874],[-100.574235,18.914533],[-100.593237,18.915279],[-100.589389,18.908116],[-100.610804,18.889168],[-100.613091,18.887101],[-100.612667,18.887014],[-100.61145,18.887183],[-100.610213,18.887847],[-100.610033,18.887601],[-100.610127,18.886823],[-100.585494,18.858766],[-100.493483,18.823917],[-100.489882,18.810379],[-100.497615,18.805961],[-100.490285,18.789303],[-100.48177,18.798652],[-100.459392,18.796893],[-100.456004,18.777878],[-100.430634,18.783248],[-100.418085,18.759514],[-100.43713,18.750555],[-100.450374,18.716048],[-100.447133,18.701575],[-100.478337,18.686865],[-100.487028,18.640352],[-100.474289,18.619216],[-100.446509,18.622465],[-100.429733,18.599273],[-100.449362,18.556561],[-100.429097,18.510048],[-100.395954,18.54052],[-100.373701,18.529114],[-100.362003,18.496847],[-100.385357,18.426524],[-100.359441,18.423462],[-100.346141,18.400314],[-100.303753,18.367017],[-100.291978,18.381606],[-100.270892,18.373732],[-100.25952,18.427433],[-100.2364,18.416772],[-100.238014,18.425219],[-100.217076,18.445924],[-100.208711,18.449159],[-100.208656,18.441229],[-100.20014,18.456695],[-100.185736,18.455107],[-100.182368,18.468122],[-100.171984,18.471514],[-100.174203,18.481681],[-100.165336,18.479714],[-100.15877,18.49182],[-100.145592,18.488022],[-100.136183,18.506124],[-100.132175,18.499964],[-100.128012,18.507803],[-100.118516,18.505962],[-100.122677,18.516495],[-100.089951,18.522161],[-100.068886,18.564441],[-100.070732,18.582816],[-100.082414,18.58795],[-100.071755,18.593691],[-100.063596,18.585504],[-100.024964,18.606867],[-99.999301,18.583578],[-100.001603,18.56393],[-99.989695,18.569702],[-99.961672,18.552979],[-99.947162,18.587941],[-99.907001,18.601821],[-99.888463,18.618663],[-99.863741,18.617862],[-99.847618,18.60549],[-99.84836,18.620259],[-99.816559,18.625003],[-99.812518,18.640858],[-99.793005,18.630658],[-99.772423,18.686197],[-99.7549,18.697387],[-99.758296,18.711276],[-99.737031,18.739833],[-99.704729,18.734933],[-99.679564,18.711333],[-99.671972,18.713504],[-99.709158,18.768839],[-99.694735,18.776772],[-99.697216,18.786336],[-99.690649,18.783097],[-99.690656,18.781506],[-99.689586,18.782171],[-99.661456,18.771305],[-99.631527,18.720783],[-99.621121,18.725933],[-99.622866,18.739839],[-99.605017,18.74063],[-99.580066,18.735745],[-99.580334,18.718447],[-99.555345,18.697761],[-99.533397,18.694187],[-99.522343,18.707431],[-99.50453,18.711703],[-99.500907,18.71514],[-99.494673,18.720346],[-99.49387,18.720821],[-99.463319,18.767187],[-99.450972,18.77252],[-99.425889,18.826433],[-99.429355,18.877569],[-99.410957,18.878184],[-99.406654,18.895188],[-99.367037,18.893999],[-99.337905,18.932399],[-99.317163,18.94],[-99.308468,18.994005],[-99.31967,19.011272],[-99.311758,19.02465],[-99.318906,19.031069],[-99.317492,19.040126],[-99.30857,19.040301],[-99.317696,19.053385],[-99.318319,19.087417],[-99.295078,19.122932],[-99.278695,19.131702],[-99.315343,19.229196],[-99.342341,19.241122],[-99.33916,19.267697],[-99.364924,19.277769],[-99.349985,19.296837],[-99.356608,19.306676],[-99.333842,19.33059],[-99.317608,19.36573],[-99.303483,19.37783],[-99.293889,19.370147],[-99.222804,19.426368],[-99.223378,19.429505],[-99.22811,19.43821],[-99.206825,19.471215],[-99.221115,19.475068],[-99.209258,19.512409],[-99.157181,19.502849],[-99.177046,19.529328],[-99.156798,19.528091],[-99.156144,19.560154],[-99.123706,19.592757],[-99.108097,19.564888],[-99.115719,19.55666],[-99.130575,19.536091],[-99.125898,19.521208],[-99.121015,19.516292],[-99.063863,19.498779],[-99.067991,19.489083],[-99.046459,19.442365],[-99.058136,19.400692],[-98.991939,19.367599],[-98.994557,19.358141],[-98.957903,19.323228],[-98.976531,19.253125],[-98.965987,19.249941],[-98.968587,19.232218],[-98.940303,19.22324],[-98.942553,19.215615],[-98.968528,19.210571],[-98.967694,19.189743],[-98.952386,19.168638],[-98.967366,19.164439],[-98.954626,19.149524],[-98.966456,19.143871],[-98.959064,19.104278],[-98.978995,19.074456],[-98.957779,19.060294],[-98.944348,19.069734],[-98.915598,19.064057],[-98.90339,19.038483],[-98.871026,19.025393],[-98.874059,19.010404],[-98.85948,18.964778],[-98.835891,18.950152],[-98.826451,18.956691],[-98.816853,18.943263],[-98.79208,18.93534],[-98.786115,18.942901],[-98.714037,18.943032],[-98.664474,19.003557],[-98.632947,19.01555],[-98.619875,19.03506],[-98.629788,19.043603],[-98.623471,19.066382],[-98.639298,19.07744],[-98.625892,19.089376],[-98.632559,19.100607],[-98.625489,19.119572],[-98.640657,19.125456],[-98.635339,19.147032],[-98.647022,19.184828],[-98.643571,19.23873],[-98.627525,19.257759],[-98.663476,19.324792],[-98.660588,19.351736],[-98.638138,19.35856],[-98.646953,19.364802],[-98.650586,19.364648],[-98.656007,19.37751],[-98.65813,19.382709],[-98.660178,19.432094],[-98.634697,19.429548],[-98.661435,19.45809],[-98.653227,19.465986],[-98.708399,19.5476],[-98.701268,19.570944],[-98.68911,19.576859],[-98.692432,19.585879],[-98.66623,19.605778],[-98.661747,19.610113],[-98.663826,19.615053],[-98.665745,19.617113],[-98.672716,19.630065],[-98.667778,19.661336],[-98.644187,19.648831],[-98.619671,19.661164],[-98.639897,19.671083],[-98.623915,19.696408],[-98.632924,19.722236],[-98.608102,19.725075],[-98.596867,19.76584],[-98.611664,19.774129],[-98.612234,19.786368],[-98.625261,19.785183],[-98.623562,19.793889],[-98.638788,19.80077],[-98.660815,19.835031],[-98.674792,19.832396],[-98.675875,19.813184],[-98.697641,19.832115],[-98.67184,19.853659],[-98.672659,19.862835],[-98.685368,19.850549],[-98.699127,19.85842],[-98.712821,19.853802],[-98.739173,19.87256],[-98.780574,19.883541],[-98.793927,19.872084],[-98.795172,19.856415],[-98.844034,19.881988],[-98.840952,19.892309],[-98.85583,19.90428],[-98.865896,19.892587],[-98.883162,19.901529],[-98.89589,19.895708],[-98.89827,19.883605],[-98.911825,19.881017],[-98.917481,19.869233],[-98.902978,19.859306],[-98.906016,19.84513],[-98.927632,19.843393],[-98.950042,19.799641],[-99.008201,19.828402],[-99.000152,19.834179],[-99.020581,19.867683],[-98.966006,19.891657],[-98.953547,19.88854],[-98.961446,19.893641],[-98.952723,19.906715],[-98.956112,19.928184],[-98.983165,19.938613],[-98.984691,19.946318],[-98.999779,19.941825],[-98.995623,19.956892],[-98.981176,19.954721],[-98.966219,19.973995],[-98.94273,19.979073],[-98.946655,20.027475],[-98.963977,20.031238],[-98.958688,20.039565],[-98.988978,20.068262],[-99.005644,20.053205],[-99.005267,20.028944],[-99.021555,19.987005],[-99.007547,19.979163],[-99.00412,19.964952],[-99.027656,19.964559],[-99.034513,19.971772],[-99.031343,20.014854],[-99.04943,20.007697],[-99.059576,19.973996],[-99.06756,19.984989],[-99.063841,20.014194],[-99.078324,20.0183],[-99.08545,20.032488],[-99.158603,20.027188],[-99.177217,19.993139],[-99.190053,19.993963],[-99.189206,19.98482],[-99.196919,19.984827],[-99.215394,19.954614],[-99.227761,19.951068],[-99.218573,19.927242],[-99.205603,19.927501],[-99.223925,19.901998],[-99.217467,19.891424],[-99.2283,19.875047],[-99.24143,19.875262],[-99.247961,19.859785],[-99.269469,19.859555],[-99.278719,19.840409],[-99.296944,19.835222],[-99.311923,19.814162],[-99.306601,19.797694],[-99.325582,19.793095],[-99.338654,19.802028],[-99.34456,19.779455],[-99.37061,19.781845],[-99.382445,19.771204],[-99.387884,19.777913],[-99.381172,19.784054],[-99.390331,19.785734],[-99.37754,19.796453],[-99.386722,19.813032],[-99.37325,19.851542],[-99.391752,19.859918],[-99.414992,19.850527],[-99.426781,19.874997],[-99.445208,19.884321],[-99.435933,19.903129],[-99.463881,19.892596],[-99.483981,19.905177],[-99.477765,19.960566],[-99.450244,19.964247],[-99.455145,19.979724],[-99.436853,20.001299],[-99.459759,20.065457],[-99.481009,20.082198],[-99.483497,20.10097],[-99.518128,20.145667],[-99.501831,20.153287],[-99.51224,20.1751],[-99.525927,20.173296],[-99.533494,20.162058],[-99.548288,20.163132],[-99.550665,20.171392],[-99.571417,20.170218],[-99.576264,20.162092],[-99.599561,20.169673],[-99.630602,20.145694],[-99.64099,20.164229],[-99.655077,20.16309],[-99.659727,20.180821],[-99.669397,20.179299],[-99.676949,20.16247],[-99.682082,20.170589],[-99.719372,20.167138],[-99.795238,20.227741],[-99.790418,20.237994],[-99.84189,20.281881],[-99.859541,20.264628],[-99.859106,20.268471],[-99.875212,20.270865],[-99.876754,20.271447],[-99.877411,20.271395],[-99.90151,20.280534],[-99.909723,20.285043],[-99.911391,20.285591]]]},"properties":{"name":"México","created_at":"2013-12-01T18:59:38+0100","updated_at":"2013-12-01T18:59:38+0100","cartodb_id":3}},
{"type":"Feature","geometry":{"type":"Polygon","coordinates":[[[-99.0598,19.048237],[-99.125433,19.062065],[-99.135379,19.089296],[-99.226778,19.09606],[-99.278695,19.131702],[-99.295078,19.122932],[-99.318319,19.087417],[-99.317696,19.053385],[-99.30857,19.040301],[-99.317492,19.040126],[-99.318906,19.031069],[-99.311758,19.02465],[-99.31967,19.011272],[-99.308468,18.994005],[-99.317163,18.94],[-99.337905,18.932399],[-99.367037,18.893999],[-99.406654,18.895188],[-99.410957,18.878184],[-99.429355,18.877569],[-99.425889,18.826433],[-99.450972,18.77252],[-99.463319,18.767187],[-99.49387,18.720821],[-99.494414,18.720545],[-99.491889,18.71481],[-99.486035,18.703227],[-99.484536,18.69944],[-99.485563,18.695034],[-99.480167,18.694813],[-99.453886,18.609902],[-99.441201,18.612574],[-99.440495,18.597464],[-99.419704,18.590337],[-99.422882,18.562068],[-99.407804,18.556066],[-99.362952,18.499027],[-99.357404,18.467669],[-99.343446,18.467128],[-99.352675,18.485981],[-99.328264,18.488832],[-99.328368,18.45954],[-99.247607,18.450999],[-99.205422,18.456589],[-99.206674,18.447434],[-99.177905,18.424745],[-99.181315,18.448418],[-99.156128,18.466348],[-99.142411,18.465285],[-99.144552,18.472719],[-99.144877,18.475549],[-99.141753,18.475488],[-99.140623,18.474973],[-99.140927,18.472619],[-99.140573,18.470668],[-99.136098,18.449187],[-99.124395,18.44124],[-99.128315,18.427309],[-99.089547,18.399986],[-99.078536,18.387066],[-99.081256,18.373115],[-99.072839,18.377312],[-99.066568,18.368222],[-99.066051,18.367105],[-99.06579,18.361437],[-99.075819,18.344087],[-99.075964,18.342379],[-99.067856,18.334075],[-99.066118,18.333067],[-99.065964,18.332567],[-99.058773,18.348856],[-99.02361,18.372454],[-99.018175,18.387784],[-98.987939,18.397064],[-98.985372,18.421154],[-98.935152,18.422904],[-98.919317,18.431965],[-98.915172,18.457821],[-98.905406,18.45974],[-98.912221,18.462122],[-98.87058,18.479202],[-98.850409,18.478035],[-98.83645,18.494576],[-98.840344,18.512772],[-98.827766,18.523886],[-98.810559,18.519313],[-98.786773,18.484627],[-98.761001,18.475446],[-98.752191,18.453924],[-98.738083,18.455738],[-98.726953,18.439533],[-98.706699,18.445112],[-98.710416,18.468067],[-98.698974,18.49498],[-98.70733,18.492851],[-98.70194,18.512186],[-98.713362,18.520565],[-98.702751,18.538787],[-98.716674,18.56592],[-98.712566,18.587958],[-98.71984,18.600709],[-98.711426,18.616455],[-98.741882,18.702177],[-98.715907,18.73919],[-98.753494,18.742969],[-98.727946,18.805509],[-98.707146,18.821801],[-98.681977,18.875961],[-98.66486,18.887665],[-98.665929,18.90604],[-98.681415,18.907167],[-98.700314,18.893796],[-98.69776,18.876953],[-98.71356,18.869851],[-98.713461,18.87085],[-98.707343,18.902856],[-98.678092,18.923717],[-98.673629,18.951665],[-98.632947,19.01555],[-98.664474,19.003557],[-98.714037,18.943032],[-98.786115,18.942901],[-98.79208,18.93534],[-98.816853,18.943263],[-98.826451,18.956691],[-98.835891,18.950152],[-98.85948,18.964778],[-98.874059,19.010404],[-98.871026,19.025393],[-98.90339,19.038483],[-98.915598,19.064057],[-98.944348,19.069734],[-98.957779,19.060294],[-98.978995,19.074456],[-99.028994,19.085369],[-99.0598,19.048237]]]},"properties":{"name":"Morelos","created_at":"2013-12-01T18:59:38+0100","updated_at":"2013-12-01T18:59:38+0100","cartodb_id":4}},
{"type":"Feature","geometry":{"type":"MultiPolygon","coordinates":[[[[-108.201872,27.030856],[-108.225854,27.027221],[-108.250448,27.041031],[-108.28601,27.012471],[-108.288914,27.02658],[-108.303388,27.03662],[-108.316558,27.034488],[-108.325981,27.020493],[-108.322026,27.008937],[-108.333326,27.004596],[-108.35011,27.022554],[-108.40964,27.013405],[-108.443102,27.029498],[-108.454791,27.027036],[-108.464309,27.0401],[-108.471939,27.030599],[-108.476284,27.039955],[-108.491735,27.03138],[-108.484172,27.017439],[-108.5046,27.004561],[-108.505247,27.003781],[-108.505983,27.003494],[-108.505925,27.002624],[-108.504486,27.002338],[-108.502486,26.987357],[-108.499542,26.986279],[-108.424271,26.97623],[-108.466978,26.970702],[-108.522058,26.879678],[-108.53513,26.840975],[-108.557043,26.823753],[-108.555352,26.811584],[-108.536912,26.798429],[-108.554034,26.779857],[-108.580849,26.789577],[-108.578329,26.762777],[-108.594189,26.759173],[-108.601024,26.727223],[-108.628385,26.718387],[-108.635994,26.690515],[-108.630366,26.676573],[-108.657681,26.669129],[-108.678988,26.642889],[-108.678831,26.587015],[-108.734293,26.593568],[-108.77659,26.580109],[-108.787724,26.565256],[-108.806423,26.570604],[-108.873152,26.551071],[-108.891318,26.489595],[-108.91467,26.47954],[-108.85674,26.480515],[-108.84748,26.487217],[-108.837762,26.472523],[-108.876108,26.447576],[-108.86034,26.43277],[-108.881392,26.406252],[-108.910115,26.421715],[-108.936522,26.39018],[-109.006443,26.40237],[-109.074214,26.35353],[-109.09668,26.312124],[-109.125238,26.297014],[-109.164943,26.306847],[-109.19313,26.340935],[-109.203902,26.341827],[-109.205532,26.342152],[-109.209886,26.343189],[-109.211276,26.342736],[-109.246788,26.316035],[-109.258324,26.319928],[-109.251892,26.312178],[-109.289852,26.274076],[-109.298951,26.226394],[-109.31738,26.189733],[-109.408316,26.058498],[-109.447693,25.948988],[-109.421133,25.893893],[-109.433603,25.809409],[-109.409649,25.754752],[-109.3905,25.6696],[-109.398158,25.638683],[-109.2963,25.6454],[-109.225464,25.62609],[-109.1849,25.5977],[-109.162933,25.560826],[-109.119223,25.544999],[-109.08427,25.508341],[-109.080672,25.492986],[-109.036398,25.46218],[-109.022391,25.438357],[-108.9112,25.4206],[-108.800064,25.36869],[-108.751211,25.36851],[-108.65211,25.344173],[-108.495669,25.282567],[-108.444013,25.251615],[-108.395893,25.192736],[-108.387044,25.185295],[-108.384625,25.187303],[-108.357453,25.169194],[-108.33423,25.124512],[-108.339614,25.115551],[-108.332459,25.105688],[-108.268429,25.062037],[-108.224371,25.015794],[-108.136212,24.871685],[-108.121758,24.829478],[-108.089968,24.81473],[-108.071898,24.780286],[-108.02077,24.732389],[-108.018135,24.681577],[-108.000247,24.653947],[-107.938475,24.607952],[-107.839337,24.551178],[-107.828456,24.521484],[-107.810509,24.510085],[-107.800085,24.487999],[-107.64945,24.406996],[-107.47501,24.2922],[-107.407482,24.233561],[-107.199534,24.106849],[-107.19003,24.091544],[-107.0558,23.9897],[-106.9483,23.8945],[-106.8909,23.8388],[-106.881765,23.795285],[-106.844781,23.755267],[-106.847004,23.740091],[-106.796527,23.684113],[-106.795631,23.670022],[-106.810081,23.651722],[-106.6952,23.5694],[-106.68176,23.540591],[-106.627549,23.496921],[-106.6283,23.4799],[-106.540135,23.40355],[-106.483583,23.331269],[-106.480706,23.313458],[-106.493565,23.303736],[-106.472013,23.283368],[-106.453241,23.241487],[-106.422055,23.216758],[-106.430629,23.203401],[-106.42999,23.176578],[-106.41421,23.178003],[-106.409593,23.18711],[-106.397386,23.184219],[-106.341359,23.140551],[-106.174788,22.991708],[-106.034491,22.829713],[-105.964014,22.790603],[-105.870863,22.708447],[-105.802899,22.627831],[-105.758295,22.537677],[-105.750212,22.539336],[-105.714932,22.475809],[-105.692477,22.467177],[-105.677036,22.468135],[-105.671106,22.481562],[-105.698562,22.568381],[-105.660562,22.586363],[-105.639213,22.576985],[-105.642158,22.593889],[-105.63095,22.59298],[-105.622036,22.571426],[-105.600477,22.558888],[-105.597345,22.536305],[-105.541676,22.536537],[-105.533596,22.515031],[-105.509567,22.516963],[-105.503179,22.527682],[-105.47406,22.5029],[-105.441725,22.524268],[-105.43693,22.581907],[-105.455986,22.598739],[-105.449572,22.624597],[-105.472681,22.627185],[-105.460391,22.64755],[-105.463963,22.659238],[-105.498064,22.651391],[-105.522893,22.724335],[-105.514082,22.759328],[-105.524772,22.77477],[-105.474589,22.851416],[-105.484201,22.858703],[-105.47122,22.883286],[-105.498654,22.933561],[-105.501264,22.95856],[-105.453311,22.977402],[-105.432595,23.023969],[-105.40895,23.023641],[-105.412996,23.074099],[-105.392245,23.084082],[-105.399016,23.091814],[-105.399255,23.092587],[-105.398796,23.102211],[-105.424427,23.120292],[-105.455319,23.117336],[-105.504034,23.127729],[-105.554309,23.098887],[-105.569343,23.110058],[-105.597641,23.10915],[-105.60696,23.121789],[-105.62397,23.122388],[-105.646179,23.148891],[-105.636876,23.155916],[-105.633039,23.173449],[-105.640718,23.185451],[-105.629713,23.202295],[-105.635744,23.214747],[-105.630317,23.235581],[-105.642344,23.238076],[-105.646843,23.253366],[-105.643208,23.276479],[-105.663708,23.28742],[-105.672646,23.281637],[-105.687084,23.28752],[-105.693972,23.301312],[-105.68738,23.307144],[-105.699471,23.307719],[-105.692331,23.310975],[-105.702179,23.332651],[-105.694005,23.340569],[-105.715156,23.350218],[-105.712245,23.364281],[-105.73069,23.374897],[-105.717332,23.378595],[-105.722419,23.386036],[-105.700289,23.420171],[-105.728331,23.428984],[-105.728403,23.439588],[-105.738865,23.445206],[-105.723445,23.47484],[-105.760339,23.502959],[-105.756867,23.524897],[-105.769302,23.556465],[-105.806647,23.588873],[-105.811644,23.611029],[-105.845516,23.603256],[-105.845186,23.583695],[-105.853596,23.597288],[-105.884318,23.590394],[-105.892655,23.552645],[-105.908905,23.58827],[-105.926634,23.684136],[-105.906093,23.739399],[-105.923063,23.747754],[-105.928785,23.786582],[-105.932175,23.794696],[-105.93933,23.79143],[-105.961266,23.840742],[-105.953662,23.908585],[-105.867241,23.875243],[-105.857588,23.899296],[-105.881554,23.93282],[-105.899919,23.943921],[-105.945415,23.948026],[-105.908462,23.983427],[-105.912136,23.997534],[-105.959811,24.017403],[-105.979506,24.041962],[-105.99872,24.043383],[-106.007883,24.072507],[-105.989724,24.11439],[-106.004046,24.120533],[-106.003211,24.146841],[-106.028557,24.180332],[-106.043884,24.22085],[-106.069948,24.220201],[-106.075843,24.271389],[-106.15254,24.33877],[-106.169975,24.33365],[-106.194406,24.351785],[-106.268869,24.374755],[-106.33633,24.355695],[-106.367545,24.301941],[-106.469655,24.277857],[-106.509097,24.291139],[-106.517094,24.286984],[-106.585959,24.379],[-106.583466,24.39027],[-106.601588,24.414566],[-106.569276,24.437021],[-106.560016,24.472711],[-106.593653,24.495059],[-106.600362,24.483211],[-106.609995,24.497851],[-106.630067,24.506503],[-106.622607,24.524897],[-106.645461,24.528979],[-106.683609,24.59853],[-106.705948,24.665262],[-106.865853,24.822955],[-106.902949,24.828388],[-106.919277,24.813953],[-106.930663,24.820917],[-106.951418,24.859024],[-106.92708,24.866624],[-106.934508,24.880536],[-107.000575,24.928241],[-107.021053,24.909908],[-107.025147,24.928381],[-107.018344,24.933617],[-107.06042,25.002427],[-107.063571,25.025255],[-107.129892,25.053139],[-107.124919,25.18664],[-107.148775,25.224548],[-107.132021,25.226712],[-107.121057,25.243111],[-107.157203,25.261765],[-107.207817,25.331564],[-107.171551,25.326358],[-107.210132,25.417101],[-107.184874,25.436816],[-107.158691,25.441992],[-107.151117,25.476698],[-107.139295,25.489565],[-107.147684,25.505027],[-107.16629,25.502995],[-107.178117,25.515176],[-107.169506,25.532468],[-107.173879,25.556553],[-107.138749,25.560095],[-107.138264,25.552198],[-107.124565,25.550414],[-106.97329,25.62957],[-106.994325,25.662233],[-106.96694,25.668331],[-106.965323,25.697879],[-106.990299,25.714924],[-107.01068,25.691459],[-107.043127,25.697699],[-107.048079,25.710827],[-107.064224,25.719074],[-107.057905,25.757368],[-107.208866,25.856313],[-107.206949,25.863919],[-107.24651,25.877774],[-107.242471,25.89237],[-107.296128,25.924793],[-107.280037,25.958096],[-107.276346,26.001977],[-107.306692,26.048784],[-107.30489,26.076402],[-107.346528,26.109523],[-107.431043,26.14286],[-107.460003,26.138315],[-107.492171,26.111463],[-107.506115,26.115787],[-107.52002,26.104227],[-107.526267,26.127748],[-107.54368,26.13732],[-107.543277,26.146349],[-107.582027,26.17064],[-107.63575,26.154578],[-107.711076,26.174413],[-107.717432,26.164742],[-107.738716,26.16724],[-107.755172,26.134512],[-107.78069,26.136938],[-107.788924,26.168614],[-107.822755,26.187629],[-107.83995,26.182938],[-107.854019,26.196519],[-107.856265,26.226035],[-108.012797,26.439048],[-107.969639,26.470168],[-107.985623,26.4721],[-107.957265,26.493744],[-107.961017,26.526955],[-107.989745,26.54804],[-108.012175,26.591396],[-108.032514,26.603182],[-108.03181,26.615924],[-108.051582,26.629836],[-108.074558,26.627994],[-108.081603,26.641994],[-108.031724,26.667981],[-108.011747,26.689482],[-108.006779,26.715488],[-108.019231,26.730667],[-108.005701,26.761049],[-108.014264,26.773153],[-108.037649,26.769781],[-108.026821,26.798466],[-108.094107,26.870464],[-108.144247,26.867649],[-108.143102,26.907884],[-108.155913,26.895217],[-108.168558,26.895071],[-108.174549,26.881465],[-108.183916,26.899738],[-108.20739,26.906],[-108.20278,26.890619],[-108.209717,26.885438],[-108.230237,26.905725],[-108.225021,26.922877],[-108.235016,26.95862],[-108.181524,26.99411],[-108.200643,27.032047],[-108.201872,27.030856]]],[[[-106.462327,23.230811],[-106.467308,23.239187],[-106.471302,23.234101],[-106.462327,23.230811]]],[[[-108.366657,25.158081],[-108.36303,25.168616],[-108.371692,25.157132],[-108.377061,25.167],[-108.378661,25.160394],[-108.371825,25.149372],[-108.353914,25.162185],[-108.366657,25.158081]]],[[[-108.381757,25.165997],[-108.378963,25.171088],[-108.384436,25.162136],[-108.37339,25.1491],[-108.368673,25.146299],[-108.372776,25.149765],[-108.378588,25.16005],[-108.381136,25.161664],[-108.379413,25.164565],[-108.381757,25.165997]]],[[[-108.37493,25.173484],[-108.379913,25.183118],[-108.382018,25.179744],[-108.376117,25.167922],[-108.37493,25.173484]]]]},"properties":{"name":"Sinaloa","created_at":"2013-12-01T18:59:38+0100","updated_at":"2013-12-01T18:59:38+0100","cartodb_id":5}}
]}